solid OpenSCAD_Model
  facet normal 0 0 1
    outer loop
      vertex -9.72835 148.998 2
      vertex -9.5 149.31 2
      vertex -9.5833 149.215 2
    endloop
  endfacet
  facet normal 0 0 1
    outer loop
      vertex 21 124.935 2
      vertex 18.9658 124.522 2
      vertex 19 124 2
    endloop
  endfacet
  facet normal 0 0 1
    outer loop
      vertex 20.8936 125.775 2
      vertex 18.8637 125.035 2
      vertex 18.9658 124.522 2
    endloop
  endfacet
  facet normal 0 0 1
    outer loop
      vertex 20.765 126.154 2
      vertex 18.6955 125.531 2
      vertex 18.8637 125.035 2
    endloop
  endfacet
  facet normal 0 0 1
    outer loop
      vertex 20.765 126.154 2
      vertex 18.4641 126 2
      vertex 18.6955 125.531 2
    endloop
  endfacet
  facet normal 0 0 1
    outer loop
      vertex 20.765 126.154 2
      vertex 18.1734 126.435 2
      vertex 18.4641 126 2
    endloop
  endfacet
  facet normal 0 0 1
    outer loop
      vertex 20.765 126.154 2
      vertex 17.8284 126.828 2
      vertex 18.1734 126.435 2
    endloop
  endfacet
  facet normal 0 0 1
    outer loop
      vertex 20.765 126.154 2
      vertex 17.435 127.173 2
      vertex 17.8284 126.828 2
    endloop
  endfacet
  facet normal 0 0 1
    outer loop
      vertex 20.765 126.154 2
      vertex 17 127.464 2
      vertex 17.435 127.173 2
    endloop
  endfacet
  facet normal 0 0 1
    outer loop
      vertex 9.89774 148.654 2
      vertex 17 127.464 2
      vertex 20.765 126.154 2
    endloop
  endfacet
  facet normal 0 0 1
    outer loop
      vertex 11.5359 126 2
      vertex 6.34682 124.87 2
      vertex 11.3045 125.531 2
    endloop
  endfacet
  facet normal 0 -0 1
    outer loop
      vertex 6.34682 124.87 2
      vertex 11.5359 126 2
      vertex 5.65685 125.657 2
    endloop
  endfacet
  facet normal 0 0 1
    outer loop
      vertex 11.8266 126.435 2
      vertex 5.65685 125.657 2
      vertex 11.5359 126 2
    endloop
  endfacet
  facet normal 0 0 1
    outer loop
      vertex 5.65685 125.657 2
      vertex 11.8266 126.435 2
      vertex 9.5 133 2
    endloop
  endfacet
  facet normal 0 0 1
    outer loop
      vertex 12.1716 126.828 2
      vertex 9.5 133 2
      vertex 11.8266 126.435 2
    endloop
  endfacet
  facet normal 0 0 1
    outer loop
      vertex 12.565 127.173 2
      vertex 9.5 133 2
      vertex 12.1716 126.828 2
    endloop
  endfacet
  facet normal 0 0 1
    outer loop
      vertex 13 127.464 2
      vertex 9.5 133 2
      vertex 12.565 127.173 2
    endloop
  endfacet
  facet normal 0 0 1
    outer loop
      vertex 13.4693 127.696 2
      vertex 9.5 133 2
      vertex 13 127.464 2
    endloop
  endfacet
  facet normal 0 0 1
    outer loop
      vertex 13.9647 127.864 2
      vertex 9.5 133 2
      vertex 13.4693 127.696 2
    endloop
  endfacet
  facet normal 0 0 1
    outer loop
      vertex 14.4779 127.966 2
      vertex 9.5 133 2
      vertex 13.9647 127.864 2
    endloop
  endfacet
  facet normal 0 0 1
    outer loop
      vertex 15 128 2
      vertex 9.5 133 2
      vertex 14.4779 127.966 2
    endloop
  endfacet
  facet normal 0 0 1
    outer loop
      vertex 15.5221 127.966 2
      vertex 9.5 133 2
      vertex 15 128 2
    endloop
  endfacet
  facet normal 0 0 1
    outer loop
      vertex 16.0353 127.864 2
      vertex 9.5 133 2
      vertex 15.5221 127.966 2
    endloop
  endfacet
  facet normal -0 0 1
    outer loop
      vertex 9.5 133 2
      vertex 16.0353 127.864 2
      vertex 9.89774 148.654 2
    endloop
  endfacet
  facet normal 0 0 1
    outer loop
      vertex 16.5307 127.696 2
      vertex 9.89774 148.654 2
      vertex 16.0353 127.864 2
    endloop
  endfacet
  facet normal 0 0 1
    outer loop
      vertex 17 127.464 2
      vertex 9.89774 148.654 2
      vertex 16.5307 127.696 2
    endloop
  endfacet
  facet normal 0 0 1
    outer loop
      vertex 18.9658 124.522 2
      vertex 21 124.935 2
      vertex 20.9701 125.391 2
    endloop
  endfacet
  facet normal 0 0 1
    outer loop
      vertex 18.9658 124.522 2
      vertex 20.9701 125.391 2
      vertex 20.8936 125.775 2
    endloop
  endfacet
  facet normal 0 0 1
    outer loop
      vertex 18.8637 125.035 2
      vertex 20.8936 125.775 2
      vertex 20.765 126.154 2
    endloop
  endfacet
  facet normal 0 0 1
    outer loop
      vertex 21 124.935 2
      vertex 19 124 2
      vertex 18.9658 123.478 2
    endloop
  endfacet
  facet normal 0 0 1
    outer loop
      vertex 21 124.935 2
      vertex 18.9658 123.478 2
      vertex 18.8637 122.965 2
    endloop
  endfacet
  facet normal 0 0 1
    outer loop
      vertex 21 124.935 2
      vertex 18.8637 122.965 2
      vertex 18.6955 122.469 2
    endloop
  endfacet
  facet normal 0 0 1
    outer loop
      vertex 21 124.935 2
      vertex 18.6955 122.469 2
      vertex 21 115.5 2
    endloop
  endfacet
  facet normal -0 0 1
    outer loop
      vertex 18.4641 122 2
      vertex 21 115.5 2
      vertex 18.6955 122.469 2
    endloop
  endfacet
  facet normal -0 0 1
    outer loop
      vertex 18.1734 121.565 2
      vertex 21 115.5 2
      vertex 18.4641 122 2
    endloop
  endfacet
  facet normal -0 0 1
    outer loop
      vertex 17.8284 121.172 2
      vertex 21 115.5 2
      vertex 18.1734 121.565 2
    endloop
  endfacet
  facet normal -0 0 1
    outer loop
      vertex 17.435 120.827 2
      vertex 21 115.5 2
      vertex 17.8284 121.172 2
    endloop
  endfacet
  facet normal -0 0 1
    outer loop
      vertex 17 120.536 2
      vertex 21 115.5 2
      vertex 17.435 120.827 2
    endloop
  endfacet
  facet normal 0 0 1
    outer loop
      vertex 16 115.5 2
      vertex 17 120.536 2
      vertex 16.5307 120.304 2
    endloop
  endfacet
  facet normal 0 0 1
    outer loop
      vertex 16 115.5 2
      vertex 16.5307 120.304 2
      vertex 16.0353 120.136 2
    endloop
  endfacet
  facet normal 0 0 1
    outer loop
      vertex 17 120.536 2
      vertex 16 115.5 2
      vertex 21 115.5 2
    endloop
  endfacet
  facet normal 0 0 1
    outer loop
      vertex 6.92819 116 2
      vertex 16 112.5 2
      vertex 16 115.5 2
    endloop
  endfacet
  facet normal -0 0 1
    outer loop
      vertex 4 113.072 2
      vertex 16 112.5 2
      vertex 4.87009 113.653 2
    endloop
  endfacet
  facet normal -0 0 1
    outer loop
      vertex 15 120 2
      vertex 16 115.5 2
      vertex 15.5221 120.034 2
    endloop
  endfacet
  facet normal -0 0 1
    outer loop
      vertex 15.5221 120.034 2
      vertex 16 115.5 2
      vertex 16.0353 120.136 2
    endloop
  endfacet
  facet normal -0 0 1
    outer loop
      vertex 16 112.5 2
      vertex 19 109.5 2
      vertex 19 112.5 2
    endloop
  endfacet
  facet normal 0 0 1
    outer loop
      vertex 19 109.5 2
      vertex 16 112.5 2
      vertex 19 96.5 2
    endloop
  endfacet
  facet normal 0 0 1
    outer loop
      vertex 16 93.5 2
      vertex 19 96.5 2
      vertex 16 112.5 2
    endloop
  endfacet
  facet normal 0 0 1
    outer loop
      vertex 19 96.5 2
      vertex 16 93.5 2
      vertex 19 93.5 2
    endloop
  endfacet
  facet normal -0 0 1
    outer loop
      vertex 19 109.5 2
      vertex 21 96.5 2
      vertex 21 109.5 2
    endloop
  endfacet
  facet normal 0 0 1
    outer loop
      vertex 21 96.5 2
      vertex 19 109.5 2
      vertex 19 96.5 2
    endloop
  endfacet
  facet normal 0 0 1
    outer loop
      vertex -18 51 2
      vertex 18 51 2
      vertex 18 68 2
    endloop
  endfacet
  facet normal 0 0 1
    outer loop
      vertex 18 51 2
      vertex -18 51 2
      vertex 18 31 2
    endloop
  endfacet
  facet normal 0 0 1
    outer loop
      vertex -18 51 2
      vertex 18 68 2
      vertex -18 68 2
    endloop
  endfacet
  facet normal 0 0 1
    outer loop
      vertex -18 31 2
      vertex 18 31 2
      vertex -18 51 2
    endloop
  endfacet
  facet normal 0 0 1
    outer loop
      vertex 18 31 2
      vertex -18 31 2
      vertex 18 14 2
    endloop
  endfacet
  facet normal 0 0 1
    outer loop
      vertex 18 14 2
      vertex -18 31 2
      vertex -18 14 2
    endloop
  endfacet
  facet normal -0 0 1
    outer loop
      vertex 18 51 2
      vertex 19.5 31 2
      vertex 19.5 51 2
    endloop
  endfacet
  facet normal 0 0 1
    outer loop
      vertex 19.5 31 2
      vertex 18 51 2
      vertex 18 31 2
    endloop
  endfacet
  facet normal -0 0 1
    outer loop
      vertex 19.5 51 2
      vertex 21 5.06535 2
      vertex 21 90.5 2
    endloop
  endfacet
  facet normal -0 0 1
    outer loop
      vertex 19.5 31 2
      vertex 21 5.06535 2
      vertex 19.5 51 2
    endloop
  endfacet
  facet normal -0 0 1
    outer loop
      vertex 19.5 12.5 2
      vertex 21 5.06535 2
      vertex 19.5 31 2
    endloop
  endfacet
  facet normal -0 0 1
    outer loop
      vertex 18.8637 8.03528 2
      vertex 21 5.06535 2
      vertex 19.5 12.5 2
    endloop
  endfacet
  facet normal -0 -0 1
    outer loop
      vertex 19 7 2
      vertex 21 5.06535 2
      vertex 18.9658 7.5221 2
    endloop
  endfacet
  facet normal -0 0 1
    outer loop
      vertex 18.8637 5.96472 2
      vertex 21 5.06535 2
      vertex 18.9658 6.47789 2
    endloop
  endfacet
  facet normal -0 0 1
    outer loop
      vertex 18.6955 5.46927 2
      vertex 21 5.06535 2
      vertex 18.8637 5.96472 2
    endloop
  endfacet
  facet normal 0 0 1
    outer loop
      vertex 19.5 51 2
      vertex 21 90.5 2
      vertex 19.5 69.5 2
    endloop
  endfacet
  facet normal -0 0 1
    outer loop
      vertex 16 90.5 2
      vertex 19.5 69.5 2
      vertex 21 90.5 2
    endloop
  endfacet
  facet normal 0 0 1
    outer loop
      vertex 14.4779 120.034 2
      vertex 16 115.5 2
      vertex 15 120 2
    endloop
  endfacet
  facet normal 0 0 1
    outer loop
      vertex 13.9647 120.136 2
      vertex 16 115.5 2
      vertex 14.4779 120.034 2
    endloop
  endfacet
  facet normal 0 0 1
    outer loop
      vertex 13.4693 120.304 2
      vertex 16 115.5 2
      vertex 13.9647 120.136 2
    endloop
  endfacet
  facet normal -0 0 1
    outer loop
      vertex 7.7274 117.929 2
      vertex 16 115.5 2
      vertex 13.4693 120.304 2
    endloop
  endfacet
  facet normal 0 0 1
    outer loop
      vertex 7.7274 117.929 2
      vertex 13.4693 120.304 2
      vertex 13 120.536 2
    endloop
  endfacet
  facet normal 0 0 1
    outer loop
      vertex 7.93155 118.956 2
      vertex 13 120.536 2
      vertex 12.565 120.827 2
    endloop
  endfacet
  facet normal 0 0 1
    outer loop
      vertex 7.93155 118.956 2
      vertex 12.565 120.827 2
      vertex 12.1716 121.172 2
    endloop
  endfacet
  facet normal 0 0 1
    outer loop
      vertex 8 120 2
      vertex 12.1716 121.172 2
      vertex 11.8266 121.565 2
    endloop
  endfacet
  facet normal 0 0 1
    outer loop
      vertex 8 120 2
      vertex 11.8266 121.565 2
      vertex 11.5359 122 2
    endloop
  endfacet
  facet normal 0 0 1
    outer loop
      vertex 7.93155 121.044 2
      vertex 11.5359 122 2
      vertex 11.3045 122.469 2
    endloop
  endfacet
  facet normal 0 0 1
    outer loop
      vertex 7.7274 122.071 2
      vertex 11.3045 122.469 2
      vertex 11.1363 122.965 2
    endloop
  endfacet
  facet normal 0 0 1
    outer loop
      vertex 7.7274 122.071 2
      vertex 11.1363 122.965 2
      vertex 11.0342 123.478 2
    endloop
  endfacet
  facet normal 0 0 1
    outer loop
      vertex 9.5 149.31 2
      vertex 9.89774 148.654 2
      vertex 9.72835 148.998 2
    endloop
  endfacet
  facet normal 0 0 1
    outer loop
      vertex 9.5 149.31 2
      vertex 9.72835 148.998 2
      vertex 9.5833 149.215 2
    endloop
  endfacet
  facet normal 0 0 1
    outer loop
      vertex 9.89774 148.654 2
      vertex 9.5 149.31 2
      vertex 9.5 133 2
    endloop
  endfacet
  facet normal 0 0 1
    outer loop
      vertex 11.3045 125.531 2
      vertex 6.34682 124.87 2
      vertex 11.1363 125.035 2
    endloop
  endfacet
  facet normal 0 -0 1
    outer loop
      vertex 6.92819 124 2
      vertex 11.1363 125.035 2
      vertex 6.34682 124.87 2
    endloop
  endfacet
  facet normal 0 -0 1
    outer loop
      vertex 7.39102 123.061 2
      vertex 11.0342 124.522 2
      vertex 6.92819 124 2
    endloop
  endfacet
  facet normal 0 0 1
    outer loop
      vertex 12.1716 121.172 2
      vertex 8 120 2
      vertex 7.93155 118.956 2
    endloop
  endfacet
  facet normal 0 0 1
    outer loop
      vertex 13 120.536 2
      vertex 7.93155 118.956 2
      vertex 7.7274 117.929 2
    endloop
  endfacet
  facet normal 0 0 1
    outer loop
      vertex 16 115.5 2
      vertex 7.7274 117.929 2
      vertex 7.39102 116.939 2
    endloop
  endfacet
  facet normal 0 0 1
    outer loop
      vertex 16 115.5 2
      vertex 7.39102 116.939 2
      vertex 6.92819 116 2
    endloop
  endfacet
  facet normal 0 0 1
    outer loop
      vertex 16 112.5 2
      vertex 6.92819 116 2
      vertex 6.34682 115.13 2
    endloop
  endfacet
  facet normal 0 0 1
    outer loop
      vertex 16 112.5 2
      vertex 6.34682 115.13 2
      vertex 5.65685 114.343 2
    endloop
  endfacet
  facet normal 0 0 1
    outer loop
      vertex 16 112.5 2
      vertex 5.65685 114.343 2
      vertex 4.87009 113.653 2
    endloop
  endfacet
  facet normal 0 0 1
    outer loop
      vertex 16 112.5 2
      vertex 4 113.072 2
      vertex 16 93.5 2
    endloop
  endfacet
  facet normal -0 0 1
    outer loop
      vertex 3.06146 112.609 2
      vertex 16 93.5 2
      vertex 4 113.072 2
    endloop
  endfacet
  facet normal -0 0 1
    outer loop
      vertex 2.07054 112.273 2
      vertex 16 93.5 2
      vertex 3.06146 112.609 2
    endloop
  endfacet
  facet normal -0 0 1
    outer loop
      vertex 1.0442 112.068 2
      vertex 16 93.5 2
      vertex 2.07054 112.273 2
    endloop
  endfacet
  facet normal -0 0 1
    outer loop
      vertex 0 112 2
      vertex 16 93.5 2
      vertex 1.0442 112.068 2
    endloop
  endfacet
  facet normal 0 0 1
    outer loop
      vertex -16 93.5 2
      vertex 16 93.5 2
      vertex 0 112 2
    endloop
  endfacet
  facet normal 0 0 1
    outer loop
      vertex 16 93.5 2
      vertex -16 93.5 2
      vertex 16 90.5 2
    endloop
  endfacet
  facet normal 0 0 1
    outer loop
      vertex -16 93.5 2
      vertex 0 112 2
      vertex -1.0442 112.068 2
    endloop
  endfacet
  facet normal 0 0 1
    outer loop
      vertex -16 93.5 2
      vertex -1.0442 112.068 2
      vertex -2.07054 112.273 2
    endloop
  endfacet
  facet normal 0 0 1
    outer loop
      vertex -16 93.5 2
      vertex -2.07054 112.273 2
      vertex -3.06146 112.609 2
    endloop
  endfacet
  facet normal 0 0 1
    outer loop
      vertex -16 93.5 2
      vertex -3.06146 112.609 2
      vertex -4 113.072 2
    endloop
  endfacet
  facet normal 0 0 1
    outer loop
      vertex -16 112.5 2
      vertex -4 113.072 2
      vertex -4.87009 113.653 2
    endloop
  endfacet
  facet normal 0 0 1
    outer loop
      vertex -16 112.5 2
      vertex -4.87009 113.653 2
      vertex -5.65685 114.343 2
    endloop
  endfacet
  facet normal 0 0 1
    outer loop
      vertex -16 112.5 2
      vertex -5.65685 114.343 2
      vertex -6.34682 115.13 2
    endloop
  endfacet
  facet normal 0 0 1
    outer loop
      vertex -16 112.5 2
      vertex -6.34682 115.13 2
      vertex -6.92819 116 2
    endloop
  endfacet
  facet normal -0 0 1
    outer loop
      vertex -11.0342 123.478 2
      vertex -7.39102 123.061 2
      vertex -11 124 2
    endloop
  endfacet
  facet normal 0 0 1
    outer loop
      vertex -9.5 149.31 2
      vertex -9.72835 148.998 2
      vertex -9.89774 148.654 2
    endloop
  endfacet
  facet normal 0 0 1
    outer loop
      vertex -9.5 149.31 2
      vertex -9.89774 148.654 2
      vertex -9.5 133 2
    endloop
  endfacet
  facet normal 0 0 1
    outer loop
      vertex -16.0353 127.864 2
      vertex -9.5 133 2
      vertex -9.89774 148.654 2
    endloop
  endfacet
  facet normal -0 0 1
    outer loop
      vertex -11.1363 122.965 2
      vertex -7.7274 122.071 2
      vertex -11.0342 123.478 2
    endloop
  endfacet
  facet normal 0 0 1
    outer loop
      vertex -7.7274 122.071 2
      vertex -11.3045 122.469 2
      vertex -7.93155 121.044 2
    endloop
  endfacet
  facet normal -0 0 1
    outer loop
      vertex -11.5359 122 2
      vertex -7.93155 121.044 2
      vertex -11.3045 122.469 2
    endloop
  endfacet
  facet normal 0 0 1
    outer loop
      vertex -7.93155 121.044 2
      vertex -11.5359 122 2
      vertex -8 120 2
    endloop
  endfacet
  facet normal -0 0 1
    outer loop
      vertex -11.8266 121.565 2
      vertex -8 120 2
      vertex -11.5359 122 2
    endloop
  endfacet
  facet normal -0 0 1
    outer loop
      vertex -12.1716 121.172 2
      vertex -8 120 2
      vertex -11.8266 121.565 2
    endloop
  endfacet
  facet normal 0 0 1
    outer loop
      vertex -8 120 2
      vertex -12.1716 121.172 2
      vertex -7.93155 118.956 2
    endloop
  endfacet
  facet normal -0 0 1
    outer loop
      vertex -12.565 120.827 2
      vertex -7.93155 118.956 2
      vertex -12.1716 121.172 2
    endloop
  endfacet
  facet normal -0 0 1
    outer loop
      vertex -13 120.536 2
      vertex -7.93155 118.956 2
      vertex -12.565 120.827 2
    endloop
  endfacet
  facet normal 0 0 1
    outer loop
      vertex -7.93155 118.956 2
      vertex -13 120.536 2
      vertex -7.7274 117.929 2
    endloop
  endfacet
  facet normal -0 0 1
    outer loop
      vertex -13.4693 120.304 2
      vertex -7.7274 117.929 2
      vertex -13 120.536 2
    endloop
  endfacet
  facet normal 0 0 1
    outer loop
      vertex -16 115.5 2
      vertex -7.7274 117.929 2
      vertex -13.4693 120.304 2
    endloop
  endfacet
  facet normal 0 0 1
    outer loop
      vertex -7.7274 117.929 2
      vertex -16 115.5 2
      vertex -7.39102 116.939 2
    endloop
  endfacet
  facet normal 0 0 1
    outer loop
      vertex -7.39102 116.939 2
      vertex -16 115.5 2
      vertex -6.92819 116 2
    endloop
  endfacet
  facet normal 0 0 1
    outer loop
      vertex -16 115.5 2
      vertex -13.4693 120.304 2
      vertex -13.9647 120.136 2
    endloop
  endfacet
  facet normal 0 0 1
    outer loop
      vertex -16 115.5 2
      vertex -13.9647 120.136 2
      vertex -14.4779 120.034 2
    endloop
  endfacet
  facet normal 0 0 1
    outer loop
      vertex -16 115.5 2
      vertex -14.4779 120.034 2
      vertex -15 120 2
    endloop
  endfacet
  facet normal 0 0 1
    outer loop
      vertex -16 115.5 2
      vertex -15 120 2
      vertex -15.5221 120.034 2
    endloop
  endfacet
  facet normal 0 0 1
    outer loop
      vertex -6.92819 116 2
      vertex -16 115.5 2
      vertex -16 112.5 2
    endloop
  endfacet
  facet normal 0 0 1
    outer loop
      vertex -4 113.072 2
      vertex -16 112.5 2
      vertex -16 93.5 2
    endloop
  endfacet
  facet normal 0 0 1
    outer loop
      vertex 16 90.5 2
      vertex -16 93.5 2
      vertex -16 90.5 2
    endloop
  endfacet
  facet normal 0 0 1
    outer loop
      vertex 16 90.5 2
      vertex -16 90.5 2
      vertex 19.5 69.5 2
    endloop
  endfacet
  facet normal 0 0 1
    outer loop
      vertex -16 90.5 2
      vertex -19.5 69.5 2
      vertex 19.5 69.5 2
    endloop
  endfacet
  facet normal 0 0 1
    outer loop
      vertex -21 90.5 2
      vertex -19.5 51 2
      vertex -19.5 69.5 2
    endloop
  endfacet
  facet normal 0 0 1
    outer loop
      vertex -21 5.06535 2
      vertex -19.5 51 2
      vertex -21 90.5 2
    endloop
  endfacet
  facet normal 0 0 1
    outer loop
      vertex -19.5 31 2
      vertex -21 5.06535 2
      vertex -19.5 12.5 2
    endloop
  endfacet
  facet normal 0 0 1
    outer loop
      vertex -19.5 12.5 2
      vertex -21 5.06535 2
      vertex -19.8237 2.62335 2
    endloop
  endfacet
  facet normal 0 0 1
    outer loop
      vertex -19.8237 2.62335 2
      vertex -21 5.06535 2
      vertex -20.1183 2.88171 2
    endloop
  endfacet
  facet normal 0 0 1
    outer loop
      vertex -20.1183 2.88171 2
      vertex -21 5.06535 2
      vertex -20.3766 3.17632 2
    endloop
  endfacet
  facet normal 0 0 1
    outer loop
      vertex -20.3766 3.17632 2
      vertex -21 5.06535 2
      vertex -20.5944 3.50218 2
    endloop
  endfacet
  facet normal 0 0 1
    outer loop
      vertex -20.5944 3.50218 2
      vertex -21 5.06535 2
      vertex -20.7677 3.85358 2
    endloop
  endfacet
  facet normal 0 0 1
    outer loop
      vertex -20.7677 3.85358 2
      vertex -21 5.06535 2
      vertex -20.8936 4.22461 2
    endloop
  endfacet
  facet normal -0 0 1
    outer loop
      vertex -21 90.5 2
      vertex -19.5 69.5 2
      vertex -16 90.5 2
    endloop
  endfacet
  facet normal 0 0 1
    outer loop
      vertex -19.5 51 2
      vertex -21 5.06535 2
      vertex -19.5 31 2
    endloop
  endfacet
  facet normal 0 0 1
    outer loop
      vertex -20.8936 4.22461 2
      vertex -21 5.06535 2
      vertex -20.9701 4.60909 2
    endloop
  endfacet
  facet normal -0 -0 1
    outer loop
      vertex 18.9658 7.5221 2
      vertex 21 5.06535 2
      vertex 18.8637 8.03528 2
    endloop
  endfacet
  facet normal 0 0 1
    outer loop
      vertex 21 5.06535 2
      vertex 18.6955 5.46927 2
      vertex 20.9701 4.60909 2
    endloop
  endfacet
  facet normal -0 0 1
    outer loop
      vertex 18.4641 5 2
      vertex 20.9701 4.60909 2
      vertex 18.6955 5.46927 2
    endloop
  endfacet
  facet normal 0 0 1
    outer loop
      vertex 20.8936 4.22461 2
      vertex 18.4641 5 2
      vertex 20.7677 3.85358 2
    endloop
  endfacet
  facet normal 0 0 1
    outer loop
      vertex 20.7677 3.85358 2
      vertex 18.4641 5 2
      vertex 20.5944 3.50218 2
    endloop
  endfacet
  facet normal 0 0 1
    outer loop
      vertex 20.5944 3.50218 2
      vertex 18.4641 5 2
      vertex 20.3766 3.17632 2
    endloop
  endfacet
  facet normal 0 0 1
    outer loop
      vertex 20.9701 4.60909 2
      vertex 18.4641 5 2
      vertex 20.8936 4.22461 2
    endloop
  endfacet
  facet normal -0 0 1
    outer loop
      vertex 18.9658 6.47789 2
      vertex 21 5.06535 2
      vertex 19 7 2
    endloop
  endfacet
  facet normal 0 0 1
    outer loop
      vertex 19.5 12.5 2
      vertex 18.6955 8.53073 2
      vertex 18.8637 8.03528 2
    endloop
  endfacet
  facet normal 0 0 1
    outer loop
      vertex 19.5 12.5 2
      vertex 18.4641 9 2
      vertex 18.6955 8.53073 2
    endloop
  endfacet
  facet normal 0 0 1
    outer loop
      vertex 19.5 12.5 2
      vertex 18.1734 9.43505 2
      vertex 18.4641 9 2
    endloop
  endfacet
  facet normal 0 0 1
    outer loop
      vertex 19.5 12.5 2
      vertex 17.8284 9.82843 2
      vertex 18.1734 9.43505 2
    endloop
  endfacet
  facet normal 0 0 1
    outer loop
      vertex 19.5 12.5 2
      vertex 17.435 10.1734 2
      vertex 17.8284 9.82843 2
    endloop
  endfacet
  facet normal 0 0 1
    outer loop
      vertex 19.5 12.5 2
      vertex 17 10.4641 2
      vertex 17.435 10.1734 2
    endloop
  endfacet
  facet normal 0 0 1
    outer loop
      vertex 19.5 12.5 2
      vertex 16.5307 10.6955 2
      vertex 17 10.4641 2
    endloop
  endfacet
  facet normal 0 0 1
    outer loop
      vertex 19.5 12.5 2
      vertex 16.0353 10.8637 2
      vertex 16.5307 10.6955 2
    endloop
  endfacet
  facet normal 0 0 1
    outer loop
      vertex 19.5 12.5 2
      vertex 15.5221 10.9658 2
      vertex 16.0353 10.8637 2
    endloop
  endfacet
  facet normal 0 0 1
    outer loop
      vertex 19.5 12.5 2
      vertex 15 11 2
      vertex 15.5221 10.9658 2
    endloop
  endfacet
  facet normal 0 0 1
    outer loop
      vertex 19.5 12.5 2
      vertex 14.4779 10.9658 2
      vertex 15 11 2
    endloop
  endfacet
  facet normal 0 0 1
    outer loop
      vertex 19.5 12.5 2
      vertex 13.9647 10.8637 2
      vertex 14.4779 10.9658 2
    endloop
  endfacet
  facet normal 0 0 1
    outer loop
      vertex 11.0342 7.5221 2
      vertex -11 7 2
      vertex 11 7 2
    endloop
  endfacet
  facet normal 0 0 1
    outer loop
      vertex -11.0342 7.5221 2
      vertex 11.0342 7.5221 2
      vertex 11.1363 8.03528 2
    endloop
  endfacet
  facet normal 0 0 1
    outer loop
      vertex -11.1363 8.03528 2
      vertex 11.1363 8.03528 2
      vertex 11.3045 8.53073 2
    endloop
  endfacet
  facet normal 0 0 1
    outer loop
      vertex -11.3045 8.53073 2
      vertex 11.3045 8.53073 2
      vertex 11.5359 9 2
    endloop
  endfacet
  facet normal 0 0 1
    outer loop
      vertex -11.5359 9 2
      vertex 11.5359 9 2
      vertex 11.8266 9.43505 2
    endloop
  endfacet
  facet normal 0 0 1
    outer loop
      vertex -11.8266 9.43505 2
      vertex 11.8266 9.43505 2
      vertex 12.1716 9.82843 2
    endloop
  endfacet
  facet normal 0 0 1
    outer loop
      vertex -12.1716 9.82843 2
      vertex 12.1716 9.82843 2
      vertex 12.565 10.1734 2
    endloop
  endfacet
  facet normal 0 0 1
    outer loop
      vertex -12.565 10.1734 2
      vertex 12.565 10.1734 2
      vertex 13 10.4641 2
    endloop
  endfacet
  facet normal 0 0 1
    outer loop
      vertex -13 10.4641 2
      vertex 13 10.4641 2
      vertex 13.4693 10.6955 2
    endloop
  endfacet
  facet normal 0 0 1
    outer loop
      vertex -13.4693 10.6955 2
      vertex 13.4693 10.6955 2
      vertex 13.9647 10.8637 2
    endloop
  endfacet
  facet normal 0 0 1
    outer loop
      vertex -13.9647 10.8637 2
      vertex 13.9647 10.8637 2
      vertex 19.5 12.5 2
    endloop
  endfacet
  facet normal 0 0 1
    outer loop
      vertex 11.0342 7.5221 2
      vertex -11.0342 7.5221 2
      vertex -11 7 2
    endloop
  endfacet
  facet normal 0 0 1
    outer loop
      vertex 11.1363 8.03528 2
      vertex -11.1363 8.03528 2
      vertex -11.0342 7.5221 2
    endloop
  endfacet
  facet normal 0 0 1
    outer loop
      vertex 11.3045 8.53073 2
      vertex -11.3045 8.53073 2
      vertex -11.1363 8.03528 2
    endloop
  endfacet
  facet normal 0 0 1
    outer loop
      vertex 11.5359 9 2
      vertex -11.5359 9 2
      vertex -11.3045 8.53073 2
    endloop
  endfacet
  facet normal 0 0 1
    outer loop
      vertex 11.8266 9.43505 2
      vertex -11.8266 9.43505 2
      vertex -11.5359 9 2
    endloop
  endfacet
  facet normal 0 0 1
    outer loop
      vertex 12.1716 9.82843 2
      vertex -12.1716 9.82843 2
      vertex -11.8266 9.43505 2
    endloop
  endfacet
  facet normal 0 0 1
    outer loop
      vertex 12.565 10.1734 2
      vertex -12.565 10.1734 2
      vertex -12.1716 9.82843 2
    endloop
  endfacet
  facet normal 0 0 1
    outer loop
      vertex 13 10.4641 2
      vertex -13 10.4641 2
      vertex -12.565 10.1734 2
    endloop
  endfacet
  facet normal 0 0 1
    outer loop
      vertex 13.4693 10.6955 2
      vertex -13.4693 10.6955 2
      vertex -13 10.4641 2
    endloop
  endfacet
  facet normal 0 0 1
    outer loop
      vertex 13.9647 10.8637 2
      vertex -13.9647 10.8637 2
      vertex -13.4693 10.6955 2
    endloop
  endfacet
  facet normal -0 0 1
    outer loop
      vertex -19.5 12.5 2
      vertex -13.9647 10.8637 2
      vertex 19.5 12.5 2
    endloop
  endfacet
  facet normal 0 0 1
    outer loop
      vertex -13.9647 10.8637 2
      vertex -19.5 12.5 2
      vertex -14.4779 10.9658 2
    endloop
  endfacet
  facet normal 0 0 1
    outer loop
      vertex -17.8284 4.17157 2
      vertex -19.4978 2.40562 2
      vertex -19.1464 2.23233 2
    endloop
  endfacet
  facet normal 0 0 1
    outer loop
      vertex -19.5 12.5 2
      vertex -19 7 2
      vertex -18.9658 7.5221 2
    endloop
  endfacet
  facet normal 0 0 1
    outer loop
      vertex -14.4779 10.9658 2
      vertex -19.5 12.5 2
      vertex -15 11 2
    endloop
  endfacet
  facet normal 0 0 1
    outer loop
      vertex -19.5 12.5 2
      vertex -15.5221 10.9658 2
      vertex -15 11 2
    endloop
  endfacet
  facet normal 0 0 1
    outer loop
      vertex -19.5 12.5 2
      vertex -16.0353 10.8637 2
      vertex -15.5221 10.9658 2
    endloop
  endfacet
  facet normal 0 0 1
    outer loop
      vertex -19.5 12.5 2
      vertex -16.5307 10.6955 2
      vertex -16.0353 10.8637 2
    endloop
  endfacet
  facet normal 0 0 1
    outer loop
      vertex -19.5 12.5 2
      vertex -17 10.4641 2
      vertex -16.5307 10.6955 2
    endloop
  endfacet
  facet normal 0 0 1
    outer loop
      vertex -19.5 12.5 2
      vertex -17.435 10.1734 2
      vertex -17 10.4641 2
    endloop
  endfacet
  facet normal 0 0 1
    outer loop
      vertex -19.5 12.5 2
      vertex -17.8284 9.82843 2
      vertex -17.435 10.1734 2
    endloop
  endfacet
  facet normal 0 0 1
    outer loop
      vertex -19.5 12.5 2
      vertex -18.1734 9.43505 2
      vertex -17.8284 9.82843 2
    endloop
  endfacet
  facet normal 0 0 1
    outer loop
      vertex -19.5 12.5 2
      vertex -18.4641 9 2
      vertex -18.1734 9.43505 2
    endloop
  endfacet
  facet normal 0 0 1
    outer loop
      vertex -19.5 12.5 2
      vertex -18.6955 8.53073 2
      vertex -18.4641 9 2
    endloop
  endfacet
  facet normal 0 0 1
    outer loop
      vertex -19.5 12.5 2
      vertex -18.8637 8.03528 2
      vertex -18.6955 8.53073 2
    endloop
  endfacet
  facet normal 0 0 1
    outer loop
      vertex -19.5 12.5 2
      vertex -18.9658 7.5221 2
      vertex -18.8637 8.03528 2
    endloop
  endfacet
  facet normal 0 0 1
    outer loop
      vertex -19 7 2
      vertex -19.5 12.5 2
      vertex -19.8237 2.62335 2
    endloop
  endfacet
  facet normal 0 0 1
    outer loop
      vertex -18.9658 6.47789 2
      vertex -19.8237 2.62335 2
      vertex -19.4978 2.40562 2
    endloop
  endfacet
  facet normal -0 0 1
    outer loop
      vertex 18.1734 4.56495 2
      vertex 20.3766 3.17632 2
      vertex 18.4641 5 2
    endloop
  endfacet
  facet normal 0 0 1
    outer loop
      vertex 20.3766 3.17632 2
      vertex 18.1734 4.56495 2
      vertex 20.1183 2.88171 2
    endloop
  endfacet
  facet normal 0 0 1
    outer loop
      vertex 20.1183 2.88171 2
      vertex 18.1734 4.56495 2
      vertex 19.8237 2.62335 2
    endloop
  endfacet
  facet normal 0 0 1
    outer loop
      vertex 19.8237 2.62335 2
      vertex 18.1734 4.56495 2
      vertex 19.4978 2.40562 2
    endloop
  endfacet
  facet normal -0 0 1
    outer loop
      vertex 17.8284 4.17157 2
      vertex 19.4978 2.40562 2
      vertex 18.1734 4.56495 2
    endloop
  endfacet
  facet normal 0 0 1
    outer loop
      vertex 19.4978 2.40562 2
      vertex 17.8284 4.17157 2
      vertex 19.1464 2.23233 2
    endloop
  endfacet
  facet normal 0 0 1
    outer loop
      vertex 19.1464 2.23233 2
      vertex 17.8284 4.17157 2
      vertex 18.7754 2.10638 2
    endloop
  endfacet
  facet normal 0 0 1
    outer loop
      vertex 18.7754 2.10638 2
      vertex 17.8284 4.17157 2
      vertex 18.3909 2.02991 2
    endloop
  endfacet
  facet normal -0 0 1
    outer loop
      vertex 17.435 3.82659 2
      vertex 18.3909 2.02991 2
      vertex 17.8284 4.17157 2
    endloop
  endfacet
  facet normal 0 0 1
    outer loop
      vertex 18.3909 2.02991 2
      vertex 17.435 3.82659 2
      vertex 17.9346 2 2
    endloop
  endfacet
  facet normal -0 0 1
    outer loop
      vertex 17 3.5359 2
      vertex 17.9346 2 2
      vertex 17.435 3.82659 2
    endloop
  endfacet
  facet normal -0 0 1
    outer loop
      vertex 16.5307 3.30448 2
      vertex 17.9346 2 2
      vertex 17 3.5359 2
    endloop
  endfacet
  facet normal -0 0 1
    outer loop
      vertex 16.0353 3.1363 2
      vertex 17.9346 2 2
      vertex 16.5307 3.30448 2
    endloop
  endfacet
  facet normal -0 0 1
    outer loop
      vertex 15.5221 3.03422 2
      vertex 17.9346 2 2
      vertex 16.0353 3.1363 2
    endloop
  endfacet
  facet normal -0 0 1
    outer loop
      vertex 15 3 2
      vertex 17.9346 2 2
      vertex 15.5221 3.03422 2
    endloop
  endfacet
  facet normal 0 0 1
    outer loop
      vertex 14.4779 3.03422 2
      vertex 17.9346 2 2
      vertex 15 3 2
    endloop
  endfacet
  facet normal 0 0 1
    outer loop
      vertex 13.9647 3.1363 2
      vertex 17.9346 2 2
      vertex 14.4779 3.03422 2
    endloop
  endfacet
  facet normal -0 0 1
    outer loop
      vertex -11 7 2
      vertex 11.0342 6.47789 2
      vertex 11 7 2
    endloop
  endfacet
  facet normal 0 0 1
    outer loop
      vertex -11.0342 6.47789 2
      vertex 11.0342 6.47789 2
      vertex -11 7 2
    endloop
  endfacet
  facet normal 0 0 1
    outer loop
      vertex 11.0342 6.47789 2
      vertex -11.0342 6.47789 2
      vertex 11.1363 5.96472 2
    endloop
  endfacet
  facet normal 0 0 1
    outer loop
      vertex -11.1363 5.96472 2
      vertex 11.1363 5.96472 2
      vertex -11.0342 6.47789 2
    endloop
  endfacet
  facet normal 0 0 1
    outer loop
      vertex 11.1363 5.96472 2
      vertex -11.1363 5.96472 2
      vertex 11.3045 5.46927 2
    endloop
  endfacet
  facet normal 0 0 1
    outer loop
      vertex -11.3045 5.46927 2
      vertex 11.3045 5.46927 2
      vertex -11.1363 5.96472 2
    endloop
  endfacet
  facet normal 0 0 1
    outer loop
      vertex 11.3045 5.46927 2
      vertex -11.3045 5.46927 2
      vertex 11.5359 5 2
    endloop
  endfacet
  facet normal 0 0 1
    outer loop
      vertex -11.5359 5 2
      vertex 11.5359 5 2
      vertex -11.3045 5.46927 2
    endloop
  endfacet
  facet normal 0 0 1
    outer loop
      vertex 11.5359 5 2
      vertex -11.5359 5 2
      vertex 11.8266 4.56495 2
    endloop
  endfacet
  facet normal 0 0 1
    outer loop
      vertex -11.8266 4.56495 2
      vertex 11.8266 4.56495 2
      vertex -11.5359 5 2
    endloop
  endfacet
  facet normal 0 0 1
    outer loop
      vertex 11.8266 4.56495 2
      vertex -11.8266 4.56495 2
      vertex 12.1716 4.17157 2
    endloop
  endfacet
  facet normal 0 0 1
    outer loop
      vertex -12.1716 4.17157 2
      vertex 12.1716 4.17157 2
      vertex -11.8266 4.56495 2
    endloop
  endfacet
  facet normal 0 0 1
    outer loop
      vertex 12.1716 4.17157 2
      vertex -12.1716 4.17157 2
      vertex 12.565 3.82659 2
    endloop
  endfacet
  facet normal 0 0 1
    outer loop
      vertex -12.565 3.82659 2
      vertex 12.565 3.82659 2
      vertex -12.1716 4.17157 2
    endloop
  endfacet
  facet normal 0 0 1
    outer loop
      vertex 12.565 3.82659 2
      vertex -12.565 3.82659 2
      vertex 13 3.5359 2
    endloop
  endfacet
  facet normal 0 0 1
    outer loop
      vertex -13 3.5359 2
      vertex 13 3.5359 2
      vertex -12.565 3.82659 2
    endloop
  endfacet
  facet normal 0 0 1
    outer loop
      vertex 13 3.5359 2
      vertex -13 3.5359 2
      vertex 13.4693 3.30448 2
    endloop
  endfacet
  facet normal 0 0 1
    outer loop
      vertex -13.4693 3.30448 2
      vertex 13.4693 3.30448 2
      vertex -13 3.5359 2
    endloop
  endfacet
  facet normal 0 0 1
    outer loop
      vertex 13.4693 3.30448 2
      vertex -13.4693 3.30448 2
      vertex 13.9647 3.1363 2
    endloop
  endfacet
  facet normal 0 0 1
    outer loop
      vertex -13.9647 3.1363 2
      vertex 13.9647 3.1363 2
      vertex -13.4693 3.30448 2
    endloop
  endfacet
  facet normal 0 0 1
    outer loop
      vertex 13.9647 3.1363 2
      vertex -13.9647 3.1363 2
      vertex 17.9346 2 2
    endloop
  endfacet
  facet normal 0 0 1
    outer loop
      vertex -17.9346 2 2
      vertex -13.9647 3.1363 2
      vertex -14.4779 3.03422 2
    endloop
  endfacet
  facet normal 0 0 1
    outer loop
      vertex -17.9346 2 2
      vertex -14.4779 3.03422 2
      vertex -15 3 2
    endloop
  endfacet
  facet normal 0 0 1
    outer loop
      vertex -13.9647 3.1363 2
      vertex -17.9346 2 2
      vertex 17.9346 2 2
    endloop
  endfacet
  facet normal 0 0 1
    outer loop
      vertex -15.5221 3.03422 2
      vertex -17.9346 2 2
      vertex -15 3 2
    endloop
  endfacet
  facet normal 0 0 1
    outer loop
      vertex -16.0353 3.1363 2
      vertex -17.9346 2 2
      vertex -15.5221 3.03422 2
    endloop
  endfacet
  facet normal 0 0 1
    outer loop
      vertex -16.5307 3.30448 2
      vertex -17.9346 2 2
      vertex -16.0353 3.1363 2
    endloop
  endfacet
  facet normal 0 0 1
    outer loop
      vertex -17 3.5359 2
      vertex -17.9346 2 2
      vertex -16.5307 3.30448 2
    endloop
  endfacet
  facet normal 0 0 1
    outer loop
      vertex -17.435 3.82659 2
      vertex -17.9346 2 2
      vertex -17 3.5359 2
    endloop
  endfacet
  facet normal 0 0 1
    outer loop
      vertex -18.3909 2.02991 2
      vertex -17.435 3.82659 2
      vertex -17.8284 4.17157 2
    endloop
  endfacet
  facet normal 0 0 1
    outer loop
      vertex -19.4978 2.40562 2
      vertex -17.8284 4.17157 2
      vertex -18.1734 4.56495 2
    endloop
  endfacet
  facet normal 0 0 1
    outer loop
      vertex -17.435 3.82659 2
      vertex -18.3909 2.02991 2
      vertex -17.9346 2 2
    endloop
  endfacet
  facet normal 0 0 1
    outer loop
      vertex -19.4978 2.40562 2
      vertex -18.1734 4.56495 2
      vertex -18.4641 5 2
    endloop
  endfacet
  facet normal 0 0 1
    outer loop
      vertex -19.4978 2.40562 2
      vertex -18.4641 5 2
      vertex -18.6955 5.46927 2
    endloop
  endfacet
  facet normal 0 0 1
    outer loop
      vertex -17.8284 4.17157 2
      vertex -18.7754 2.10638 2
      vertex -18.3909 2.02991 2
    endloop
  endfacet
  facet normal 0 0 1
    outer loop
      vertex -19.4978 2.40562 2
      vertex -18.6955 5.46927 2
      vertex -18.8637 5.96472 2
    endloop
  endfacet
  facet normal 0 0 1
    outer loop
      vertex -19.4978 2.40562 2
      vertex -18.8637 5.96472 2
      vertex -18.9658 6.47789 2
    endloop
  endfacet
  facet normal 0 0 1
    outer loop
      vertex -19.8237 2.62335 2
      vertex -18.9658 6.47789 2
      vertex -19 7 2
    endloop
  endfacet
  facet normal 0 0 1
    outer loop
      vertex -17.8284 4.17157 2
      vertex -19.1464 2.23233 2
      vertex -18.7754 2.10638 2
    endloop
  endfacet
  facet normal -0 0 1
    outer loop
      vertex -21 109.5 2
      vertex -19 96.5 2
      vertex -19 109.5 2
    endloop
  endfacet
  facet normal 0 0 1
    outer loop
      vertex -19 96.5 2
      vertex -21 109.5 2
      vertex -21 96.5 2
    endloop
  endfacet
  facet normal -0 0 1
    outer loop
      vertex -19.5 51 2
      vertex -18 31 2
      vertex -18 51 2
    endloop
  endfacet
  facet normal 0 0 1
    outer loop
      vertex -18 31 2
      vertex -19.5 51 2
      vertex -19.5 31 2
    endloop
  endfacet
  facet normal 0 0 1
    outer loop
      vertex -19 109.5 2
      vertex -16 112.5 2
      vertex -19 112.5 2
    endloop
  endfacet
  facet normal 0 0 1
    outer loop
      vertex -16 112.5 2
      vertex -19 109.5 2
      vertex -16 93.5 2
    endloop
  endfacet
  facet normal -0 0 1
    outer loop
      vertex -19 96.5 2
      vertex -16 93.5 2
      vertex -19 109.5 2
    endloop
  endfacet
  facet normal 0 0 1
    outer loop
      vertex -16 93.5 2
      vertex -19 96.5 2
      vertex -19 93.5 2
    endloop
  endfacet
  facet normal 0 0 1
    outer loop
      vertex -16.0353 120.136 2
      vertex -16 115.5 2
      vertex -15.5221 120.034 2
    endloop
  endfacet
  facet normal 0 0 1
    outer loop
      vertex -16.5307 120.304 2
      vertex -16 115.5 2
      vertex -16.0353 120.136 2
    endloop
  endfacet
  facet normal 0 0 1
    outer loop
      vertex -17 120.536 2
      vertex -16 115.5 2
      vertex -16.5307 120.304 2
    endloop
  endfacet
  facet normal 0 0 1
    outer loop
      vertex -21 115.5 2
      vertex -17 120.536 2
      vertex -17.435 120.827 2
    endloop
  endfacet
  facet normal 0 0 1
    outer loop
      vertex -21 115.5 2
      vertex -17.435 120.827 2
      vertex -17.8284 121.172 2
    endloop
  endfacet
  facet normal 0 0 1
    outer loop
      vertex -21 115.5 2
      vertex -17.8284 121.172 2
      vertex -18.1734 121.565 2
    endloop
  endfacet
  facet normal 0 0 1
    outer loop
      vertex -21 115.5 2
      vertex -18.1734 121.565 2
      vertex -18.4641 122 2
    endloop
  endfacet
  facet normal 0 0 1
    outer loop
      vertex -21 115.5 2
      vertex -18.4641 122 2
      vertex -18.6955 122.469 2
    endloop
  endfacet
  facet normal 0 0 1
    outer loop
      vertex -21 124.935 2
      vertex -18.8637 125.035 2
      vertex -20.9701 125.391 2
    endloop
  endfacet
  facet normal 0 0 1
    outer loop
      vertex -18.8637 125.035 2
      vertex -21 124.935 2
      vertex -18.9658 124.522 2
    endloop
  endfacet
  facet normal 0 0 1
    outer loop
      vertex -18.9658 124.522 2
      vertex -21 124.935 2
      vertex -19 124 2
    endloop
  endfacet
  facet normal 0 0 1
    outer loop
      vertex -19 124 2
      vertex -21 124.935 2
      vertex -18.9658 123.478 2
    endloop
  endfacet
  facet normal 0 0 1
    outer loop
      vertex -18.9658 123.478 2
      vertex -21 124.935 2
      vertex -18.8637 122.965 2
    endloop
  endfacet
  facet normal 0 0 1
    outer loop
      vertex -18.8637 122.965 2
      vertex -21 124.935 2
      vertex -18.6955 122.469 2
    endloop
  endfacet
  facet normal 0 0 1
    outer loop
      vertex -21 115.5 2
      vertex -18.6955 122.469 2
      vertex -21 124.935 2
    endloop
  endfacet
  facet normal 0 0 1
    outer loop
      vertex -17 120.536 2
      vertex -21 115.5 2
      vertex -16 115.5 2
    endloop
  endfacet
  facet normal -0 0 1
    outer loop
      vertex -11.3045 122.469 2
      vertex -7.7274 122.071 2
      vertex -11.1363 122.965 2
    endloop
  endfacet
  facet normal 0 0 1
    outer loop
      vertex -7.39102 123.061 2
      vertex -11.0342 123.478 2
      vertex -7.7274 122.071 2
    endloop
  endfacet
  facet normal 0 0 1
    outer loop
      vertex -9.5 133 2
      vertex -11.3045 125.531 2
      vertex -11.1363 125.035 2
    endloop
  endfacet
  facet normal 0 0 1
    outer loop
      vertex -9.5 133 2
      vertex -11.5359 126 2
      vertex -11.3045 125.531 2
    endloop
  endfacet
  facet normal 0 0 1
    outer loop
      vertex -9.5 133 2
      vertex -11.8266 126.435 2
      vertex -11.5359 126 2
    endloop
  endfacet
  facet normal 0 0 1
    outer loop
      vertex -9.5 133 2
      vertex -12.1716 126.828 2
      vertex -11.8266 126.435 2
    endloop
  endfacet
  facet normal 0 0 1
    outer loop
      vertex -9.5 133 2
      vertex -12.565 127.173 2
      vertex -12.1716 126.828 2
    endloop
  endfacet
  facet normal 0 0 1
    outer loop
      vertex -9.5 133 2
      vertex -13 127.464 2
      vertex -12.565 127.173 2
    endloop
  endfacet
  facet normal 0 0 1
    outer loop
      vertex -9.5 133 2
      vertex -13.4693 127.696 2
      vertex -13 127.464 2
    endloop
  endfacet
  facet normal 0 0 1
    outer loop
      vertex -9.5 133 2
      vertex -13.9647 127.864 2
      vertex -13.4693 127.696 2
    endloop
  endfacet
  facet normal 0 0 1
    outer loop
      vertex -9.5 133 2
      vertex -14.4779 127.966 2
      vertex -13.9647 127.864 2
    endloop
  endfacet
  facet normal 0 0 1
    outer loop
      vertex -9.5 133 2
      vertex -15 128 2
      vertex -14.4779 127.966 2
    endloop
  endfacet
  facet normal 0 0 1
    outer loop
      vertex -9.5 133 2
      vertex -15.5221 127.966 2
      vertex -15 128 2
    endloop
  endfacet
  facet normal 0 0 1
    outer loop
      vertex -9.5 133 2
      vertex -16.0353 127.864 2
      vertex -15.5221 127.966 2
    endloop
  endfacet
  facet normal 0 0 1
    outer loop
      vertex -9.89774 148.654 2
      vertex -16.5307 127.696 2
      vertex -16.0353 127.864 2
    endloop
  endfacet
  facet normal 0 0 1
    outer loop
      vertex -9.89774 148.654 2
      vertex -17 127.464 2
      vertex -16.5307 127.696 2
    endloop
  endfacet
  facet normal 0 0 1
    outer loop
      vertex -20.765 126.154 2
      vertex -17 127.464 2
      vertex -9.89774 148.654 2
    endloop
  endfacet
  facet normal 0 0 1
    outer loop
      vertex -17 127.464 2
      vertex -20.765 126.154 2
      vertex -17.435 127.173 2
    endloop
  endfacet
  facet normal 0 0 1
    outer loop
      vertex -17.435 127.173 2
      vertex -20.765 126.154 2
      vertex -17.8284 126.828 2
    endloop
  endfacet
  facet normal 0 0 1
    outer loop
      vertex -17.8284 126.828 2
      vertex -20.765 126.154 2
      vertex -18.1734 126.435 2
    endloop
  endfacet
  facet normal 0 0 1
    outer loop
      vertex -18.1734 126.435 2
      vertex -20.765 126.154 2
      vertex -18.4641 126 2
    endloop
  endfacet
  facet normal -0 0 1
    outer loop
      vertex -20.9701 125.391 2
      vertex -18.8637 125.035 2
      vertex -20.8936 125.775 2
    endloop
  endfacet
  facet normal -0 0 1
    outer loop
      vertex -20.8936 125.775 2
      vertex -18.8637 125.035 2
      vertex -20.765 126.154 2
    endloop
  endfacet
  facet normal 0 0 1
    outer loop
      vertex -18.6955 125.531 2
      vertex -20.765 126.154 2
      vertex -18.8637 125.035 2
    endloop
  endfacet
  facet normal 0 0 1
    outer loop
      vertex -18.4641 126 2
      vertex -20.765 126.154 2
      vertex -18.6955 125.531 2
    endloop
  endfacet
  facet normal 0 0 1
    outer loop
      vertex 8 149.5 2
      vertex 6 134.5 2
      vertex 8 134.5 2
    endloop
  endfacet
  facet normal 0 0 1
    outer loop
      vertex 0 128 2
      vertex 6 133 2
      vertex 6 134.5 2
    endloop
  endfacet
  facet normal 0 0 1
    outer loop
      vertex 6 133 2
      vertex 4.87009 126.347 2
      vertex 5.65685 125.657 2
    endloop
  endfacet
  facet normal 0 0 1
    outer loop
      vertex -6 134.5 2
      vertex 6 134.5 2
      vertex 8 149.5 2
    endloop
  endfacet
  facet normal 0 0 1
    outer loop
      vertex 6 133 2
      vertex 4 126.928 2
      vertex 4.87009 126.347 2
    endloop
  endfacet
  facet normal 0 0 1
    outer loop
      vertex 6 133 2
      vertex 3.06146 127.391 2
      vertex 4 126.928 2
    endloop
  endfacet
  facet normal 0 0 1
    outer loop
      vertex 6 133 2
      vertex 2.07054 127.727 2
      vertex 3.06146 127.391 2
    endloop
  endfacet
  facet normal 0 -0 1
    outer loop
      vertex 0 128 2
      vertex 6 134.5 2
      vertex -6 134.5 2
    endloop
  endfacet
  facet normal 0 0 1
    outer loop
      vertex 6 133 2
      vertex 1.0442 127.932 2
      vertex 2.07054 127.727 2
    endloop
  endfacet
  facet normal 0 0 1
    outer loop
      vertex 6 133 2
      vertex 0 128 2
      vertex 1.0442 127.932 2
    endloop
  endfacet
  facet normal -0 0 1
    outer loop
      vertex -6 133 2
      vertex 0 128 2
      vertex -6 134.5 2
    endloop
  endfacet
  facet normal 0 0 1
    outer loop
      vertex 0 128 2
      vertex -6 133 2
      vertex -1.0442 127.932 2
    endloop
  endfacet
  facet normal 0 0 1
    outer loop
      vertex -1.0442 127.932 2
      vertex -6 133 2
      vertex -2.07054 127.727 2
    endloop
  endfacet
  facet normal 0 0 1
    outer loop
      vertex -2.07054 127.727 2
      vertex -6 133 2
      vertex -3.06146 127.391 2
    endloop
  endfacet
  facet normal 0 0 1
    outer loop
      vertex -4 126.928 2
      vertex -6 133 2
      vertex -4.87009 126.347 2
    endloop
  endfacet
  facet normal 0 0 1
    outer loop
      vertex -3.06146 127.391 2
      vertex -6 133 2
      vertex -4 126.928 2
    endloop
  endfacet
  facet normal -0 0 1
    outer loop
      vertex -8 149.5 2
      vertex -6 134.5 2
      vertex 8 149.5 2
    endloop
  endfacet
  facet normal 0 0 1
    outer loop
      vertex -6 134.5 2
      vertex -8 149.5 2
      vertex -8 134.5 2
    endloop
  endfacet
  facet normal 0 0 1
    outer loop
      vertex 11.5359 122 2
      vertex 7.93155 121.044 2
      vertex 8 120 2
    endloop
  endfacet
  facet normal 0 0 1
    outer loop
      vertex 11.3045 122.469 2
      vertex 7.7274 122.071 2
      vertex 7.93155 121.044 2
    endloop
  endfacet
  facet normal 0 0 1
    outer loop
      vertex 11.0342 123.478 2
      vertex 7.39102 123.061 2
      vertex 7.7274 122.071 2
    endloop
  endfacet
  facet normal 0 0 1
    outer loop
      vertex 11 124 2
      vertex 7.39102 123.061 2
      vertex 11.0342 123.478 2
    endloop
  endfacet
  facet normal 0 0 1
    outer loop
      vertex 11.0342 124.522 2
      vertex 7.39102 123.061 2
      vertex 11 124 2
    endloop
  endfacet
  facet normal 0 0 1
    outer loop
      vertex 5.65685 125.657 2
      vertex 9.5 133 2
      vertex 6 133 2
    endloop
  endfacet
  facet normal 0 0 1
    outer loop
      vertex 11.1363 125.035 2
      vertex 6.92819 124 2
      vertex 11.0342 124.522 2
    endloop
  endfacet
  facet normal -0 0 1
    outer loop
      vertex -9.5 133 2
      vertex -4.87009 126.347 2
      vertex -6 133 2
    endloop
  endfacet
  facet normal 0 0 1
    outer loop
      vertex -4.87009 126.347 2
      vertex -9.5 133 2
      vertex -5.65685 125.657 2
    endloop
  endfacet
  facet normal 0 0 1
    outer loop
      vertex -11.1363 125.035 2
      vertex -5.65685 125.657 2
      vertex -9.5 133 2
    endloop
  endfacet
  facet normal 0 0 1
    outer loop
      vertex -5.65685 125.657 2
      vertex -11.1363 125.035 2
      vertex -6.34682 124.87 2
    endloop
  endfacet
  facet normal 0 0 1
    outer loop
      vertex -6.34682 124.87 2
      vertex -11.1363 125.035 2
      vertex -6.92819 124 2
    endloop
  endfacet
  facet normal -0 -0 1
    outer loop
      vertex -11.0342 124.522 2
      vertex -6.92819 124 2
      vertex -11.1363 125.035 2
    endloop
  endfacet
  facet normal -0 -0 1
    outer loop
      vertex -11 124 2
      vertex -7.39102 123.061 2
      vertex -11.0342 124.522 2
    endloop
  endfacet
  facet normal 0 0 1
    outer loop
      vertex -6.92819 124 2
      vertex -11.0342 124.522 2
      vertex -7.39102 123.061 2
    endloop
  endfacet
  facet normal 0 0 1
    outer loop
      vertex -1.88053 117.96 2
      vertex -2.70665 119.391 2
      vertex -2.00882 117.935 2
    endloop
  endfacet
  facet normal -0 0 1
    outer loop
      vertex -2.79289 119.293 2
      vertex -2.00882 117.935 2
      vertex -2.70665 119.391 2
    endloop
  endfacet
  facet normal 0 0 1
    outer loop
      vertex -2.00882 117.935 2
      vertex -2.79289 119.293 2
      vertex -2.13268 117.893 2
    endloop
  endfacet
  facet normal -0 0 1
    outer loop
      vertex -2.89124 119.207 2
      vertex -2.13268 117.893 2
      vertex -2.79289 119.293 2
    endloop
  endfacet
  facet normal 0 0 1
    outer loop
      vertex -2.13268 117.893 2
      vertex -2.89124 119.207 2
      vertex -2.25 117.835 2
    endloop
  endfacet
  facet normal -0 0 1
    outer loop
      vertex -3 119.134 2
      vertex -2.25 117.835 2
      vertex -2.89124 119.207 2
    endloop
  endfacet
  facet normal 0 0 1
    outer loop
      vertex -2.25 117.835 2
      vertex -3 119.134 2
      vertex -2.35876 117.762 2
    endloop
  endfacet
  facet normal -0 0 1
    outer loop
      vertex -3.11732 119.076 2
      vertex -2.35876 117.762 2
      vertex -3 119.134 2
    endloop
  endfacet
  facet normal 0 0 1
    outer loop
      vertex -2.35876 117.762 2
      vertex -3.11732 119.076 2
      vertex -2.45711 117.676 2
    endloop
  endfacet
  facet normal -0 0 1
    outer loop
      vertex -3.24118 119.034 2
      vertex -2.45711 117.676 2
      vertex -3.11732 119.076 2
    endloop
  endfacet
  facet normal 0 0 1
    outer loop
      vertex -2.45711 117.676 2
      vertex -3.24118 119.034 2
      vertex -2.54335 117.578 2
    endloop
  endfacet
  facet normal -0 0 1
    outer loop
      vertex -3.36947 119.009 2
      vertex -2.54335 117.578 2
      vertex -3.24118 119.034 2
    endloop
  endfacet
  facet normal 0 0 1
    outer loop
      vertex 0.758554 117.099 2
      vertex -0.758554 117.099 2
      vertex -0.75 116.969 2
    endloop
  endfacet
  facet normal 0 0 1
    outer loop
      vertex -0.608761 119.207 2
      vertex -0.784074 117.228 2
      vertex -0.758554 117.099 2
    endloop
  endfacet
  facet normal 0 0 1
    outer loop
      vertex -1.49118 117.935 2
      vertex -0.707107 119.293 2
      vertex -0.793353 119.391 2
    endloop
  endfacet
  facet normal 0 0 1
    outer loop
      vertex -0.608761 119.207 2
      vertex -0.82612 117.352 2
      vertex -0.784074 117.228 2
    endloop
  endfacet
  facet normal 0 0 1
    outer loop
      vertex -1.61947 117.96 2
      vertex -0.793353 119.391 2
      vertex -0.866025 119.5 2
    endloop
  endfacet
  facet normal 0 0 1
    outer loop
      vertex -0.608761 119.207 2
      vertex -0.883974 117.469 2
      vertex -0.82612 117.352 2
    endloop
  endfacet
  facet normal 0 0 1
    outer loop
      vertex -0.965925 119.741 2
      vertex -2.53407 119.741 2
      vertex -0.923879 119.617 2
    endloop
  endfacet
  facet normal 0 0 1
    outer loop
      vertex -0.608761 119.207 2
      vertex -0.956646 117.578 2
      vertex -0.883974 117.469 2
    endloop
  endfacet
  facet normal 0 0 1
    outer loop
      vertex -0.991445 119.869 2
      vertex -2.50855 119.869 2
      vertex -0.965925 119.741 2
    endloop
  endfacet
  facet normal 0 0 1
    outer loop
      vertex -2.50855 119.869 2
      vertex -0.991445 119.869 2
      vertex -2.5 120 2
    endloop
  endfacet
  facet normal -0 0 1
    outer loop
      vertex -2.5 120 2
      vertex -0.991445 119.869 2
      vertex -1 120 2
    endloop
  endfacet
  facet normal 0 0 1
    outer loop
      vertex -0.793353 120.609 2
      vertex -1.61947 122.04 2
      vertex -0.866025 120.5 2
    endloop
  endfacet
  facet normal 0 0 1
    outer loop
      vertex -0.608761 119.207 2
      vertex -1.04289 117.676 2
      vertex -0.956646 117.578 2
    endloop
  endfacet
  facet normal -0 0 1
    outer loop
      vertex -1.75 122.031 2
      vertex -0.866025 120.5 2
      vertex -1.61947 122.04 2
    endloop
  endfacet
  facet normal 0 0 1
    outer loop
      vertex -0.608761 119.207 2
      vertex -1.14124 117.762 2
      vertex -1.04289 117.676 2
    endloop
  endfacet
  facet normal 0 0 1
    outer loop
      vertex -2.63397 120.5 2
      vertex -0.866025 120.5 2
      vertex -1.75 122.031 2
    endloop
  endfacet
  facet normal 0 0 1
    outer loop
      vertex -0.608761 119.207 2
      vertex -1.25 117.835 2
      vertex -1.14124 117.762 2
    endloop
  endfacet
  facet normal 0 0 1
    outer loop
      vertex -0.866025 120.5 2
      vertex -2.63397 120.5 2
      vertex -0.923879 120.383 2
    endloop
  endfacet
  facet normal 0 0 1
    outer loop
      vertex -2.53407 119.741 2
      vertex -0.965925 119.741 2
      vertex -2.50855 119.869 2
    endloop
  endfacet
  facet normal 0 -0 1
    outer loop
      vertex -2.57612 120.383 2
      vertex -0.923879 120.383 2
      vertex -2.63397 120.5 2
    endloop
  endfacet
  facet normal 0 0 1
    outer loop
      vertex -0.608761 119.207 2
      vertex -1.36732 117.893 2
      vertex -1.25 117.835 2
    endloop
  endfacet
  facet normal 0 0 1
    outer loop
      vertex -0.965925 120.259 2
      vertex -2.53407 120.259 2
      vertex -0.991445 120.131 2
    endloop
  endfacet
  facet normal 0 0 1
    outer loop
      vertex -0.707107 119.293 2
      vertex -1.49118 117.935 2
      vertex -1.36732 117.893 2
    endloop
  endfacet
  facet normal 0 0 1
    outer loop
      vertex -0.923879 120.383 2
      vertex -2.57612 120.383 2
      vertex -0.965925 120.259 2
    endloop
  endfacet
  facet normal 0 0 1
    outer loop
      vertex -0.793353 119.391 2
      vertex -1.61947 117.96 2
      vertex -1.49118 117.935 2
    endloop
  endfacet
  facet normal 0 0 1
    outer loop
      vertex -2.63397 120.5 2
      vertex -1.75 122.031 2
      vertex -1.88053 122.04 2
    endloop
  endfacet
  facet normal 0 0 1
    outer loop
      vertex -0.866025 119.5 2
      vertex -1.75 117.969 2
      vertex -1.61947 117.96 2
    endloop
  endfacet
  facet normal 0 0 1
    outer loop
      vertex -2.70665 120.609 2
      vertex -1.88053 122.04 2
      vertex -2.00882 122.065 2
    endloop
  endfacet
  facet normal 0 0 1
    outer loop
      vertex -2.57612 119.617 2
      vertex -0.923879 119.617 2
      vertex -2.53407 119.741 2
    endloop
  endfacet
  facet normal 0 0 1
    outer loop
      vertex -2.79289 120.707 2
      vertex -2.00882 122.065 2
      vertex -2.13268 122.107 2
    endloop
  endfacet
  facet normal 0 0 1
    outer loop
      vertex -0.923879 119.617 2
      vertex -2.57612 119.617 2
      vertex -0.866025 119.5 2
    endloop
  endfacet
  facet normal 0 0 1
    outer loop
      vertex -2.89124 120.793 2
      vertex -2.13268 122.107 2
      vertex -2.25 122.165 2
    endloop
  endfacet
  facet normal 0 0 1
    outer loop
      vertex -2.63397 119.5 2
      vertex -0.866025 119.5 2
      vertex -2.57612 119.617 2
    endloop
  endfacet
  facet normal 0 0 1
    outer loop
      vertex -3 120.866 2
      vertex -2.25 122.165 2
      vertex -2.35876 122.238 2
    endloop
  endfacet
  facet normal 0 0 1
    outer loop
      vertex -0.866025 119.5 2
      vertex -2.63397 119.5 2
      vertex -1.75 117.969 2
    endloop
  endfacet
  facet normal 0 0 1
    outer loop
      vertex -3.11732 120.924 2
      vertex -2.35876 122.238 2
      vertex -2.45711 122.324 2
    endloop
  endfacet
  facet normal 0 0 1
    outer loop
      vertex -1.75 117.969 2
      vertex -2.63397 119.5 2
      vertex -1.88053 117.96 2
    endloop
  endfacet
  facet normal -0 0 1
    outer loop
      vertex -2.70665 119.391 2
      vertex -1.88053 117.96 2
      vertex -2.63397 119.5 2
    endloop
  endfacet
  facet normal 0 0 1
    outer loop
      vertex -1 120 2
      vertex -2.50855 120.131 2
      vertex -2.5 120 2
    endloop
  endfacet
  facet normal 0 0 1
    outer loop
      vertex -0.991445 120.131 2
      vertex -2.50855 120.131 2
      vertex -1 120 2
    endloop
  endfacet
  facet normal 0 0 1
    outer loop
      vertex -3.24118 120.966 2
      vertex -2.45711 122.324 2
      vertex -2.54335 122.422 2
    endloop
  endfacet
  facet normal 0 -0 1
    outer loop
      vertex -2.50855 120.131 2
      vertex -0.991445 120.131 2
      vertex -2.53407 120.259 2
    endloop
  endfacet
  facet normal 0 0 1
    outer loop
      vertex -3.36947 120.991 2
      vertex -2.54335 122.422 2
      vertex -2.61602 122.531 2
    endloop
  endfacet
  facet normal 0 -0 1
    outer loop
      vertex -2.53407 120.259 2
      vertex -0.965925 120.259 2
      vertex -2.57612 120.383 2
    endloop
  endfacet
  facet normal 0 0 1
    outer loop
      vertex -3.5 121 2
      vertex -2.61602 122.531 2
      vertex -2.67388 122.648 2
    endloop
  endfacet
  facet normal 0 0 1
    outer loop
      vertex -1.88053 122.04 2
      vertex -2.70665 120.609 2
      vertex -2.63397 120.5 2
    endloop
  endfacet
  facet normal 0 0 1
    outer loop
      vertex -3.63053 120.991 2
      vertex -2.67388 122.648 2
      vertex -2.71593 122.772 2
    endloop
  endfacet
  facet normal 0 0 1
    outer loop
      vertex -5.62915 123.25 2
      vertex -2.71593 122.772 2
      vertex -2.74144 122.901 2
    endloop
  endfacet
  facet normal 0 0 1
    outer loop
      vertex -5.15678 123.957 2
      vertex -2.74144 122.901 2
      vertex -2.75 123.031 2
    endloop
  endfacet
  facet normal 0 0 1
    outer loop
      vertex -2.00882 122.065 2
      vertex -2.79289 120.707 2
      vertex -2.70665 120.609 2
    endloop
  endfacet
  facet normal 0 0 1
    outer loop
      vertex -0.130526 120.991 2
      vertex -0.956646 122.422 2
      vertex -0.258819 120.966 2
    endloop
  endfacet
  facet normal -0 0 1
    outer loop
      vertex -1.04289 122.324 2
      vertex -0.258819 120.966 2
      vertex -0.956646 122.422 2
    endloop
  endfacet
  facet normal 0 0 1
    outer loop
      vertex -0.258819 120.966 2
      vertex -1.04289 122.324 2
      vertex -0.382683 120.924 2
    endloop
  endfacet
  facet normal -0 0 1
    outer loop
      vertex -1.14124 122.238 2
      vertex -0.382683 120.924 2
      vertex -1.04289 122.324 2
    endloop
  endfacet
  facet normal 0 0 1
    outer loop
      vertex -0.382683 120.924 2
      vertex -1.14124 122.238 2
      vertex -0.5 120.866 2
    endloop
  endfacet
  facet normal -0 0 1
    outer loop
      vertex -1.25 122.165 2
      vertex -0.5 120.866 2
      vertex -1.14124 122.238 2
    endloop
  endfacet
  facet normal 0 0 1
    outer loop
      vertex -0.5 120.866 2
      vertex -1.25 122.165 2
      vertex -0.608761 120.793 2
    endloop
  endfacet
  facet normal -0 0 1
    outer loop
      vertex -1.36732 122.107 2
      vertex -0.608761 120.793 2
      vertex -1.25 122.165 2
    endloop
  endfacet
  facet normal 0 0 1
    outer loop
      vertex -0.608761 120.793 2
      vertex -1.36732 122.107 2
      vertex -0.707107 120.707 2
    endloop
  endfacet
  facet normal -0 0 1
    outer loop
      vertex -1.49118 122.065 2
      vertex -0.707107 120.707 2
      vertex -1.36732 122.107 2
    endloop
  endfacet
  facet normal 0 0 1
    outer loop
      vertex -0.707107 120.707 2
      vertex -1.49118 122.065 2
      vertex -0.793353 120.609 2
    endloop
  endfacet
  facet normal -0 0 1
    outer loop
      vertex -1.61947 122.04 2
      vertex -0.793353 120.609 2
      vertex -1.49118 122.065 2
    endloop
  endfacet
  facet normal 0 0 1
    outer loop
      vertex 1.61947 117.96 2
      vertex 0.793353 119.391 2
      vertex 1.49118 117.935 2
    endloop
  endfacet
  facet normal -0 0 1
    outer loop
      vertex 0.707107 119.293 2
      vertex 1.49118 117.935 2
      vertex 0.793353 119.391 2
    endloop
  endfacet
  facet normal 0 0 1
    outer loop
      vertex 1.49118 117.935 2
      vertex 0.707107 119.293 2
      vertex 1.36732 117.893 2
    endloop
  endfacet
  facet normal -0 0 1
    outer loop
      vertex 0.608761 119.207 2
      vertex 1.36732 117.893 2
      vertex 0.707107 119.293 2
    endloop
  endfacet
  facet normal 0 0 1
    outer loop
      vertex 1.36732 117.893 2
      vertex 0.608761 119.207 2
      vertex 1.25 117.835 2
    endloop
  endfacet
  facet normal -0 0 1
    outer loop
      vertex 0.5 119.134 2
      vertex 1.25 117.835 2
      vertex 0.608761 119.207 2
    endloop
  endfacet
  facet normal 0 0 1
    outer loop
      vertex 1.25 117.835 2
      vertex 0.5 119.134 2
      vertex 1.14124 117.762 2
    endloop
  endfacet
  facet normal -0 0 1
    outer loop
      vertex 0.382683 119.076 2
      vertex 1.14124 117.762 2
      vertex 0.5 119.134 2
    endloop
  endfacet
  facet normal 0 0 1
    outer loop
      vertex 1.14124 117.762 2
      vertex 0.382683 119.076 2
      vertex 1.04289 117.676 2
    endloop
  endfacet
  facet normal -0 0 1
    outer loop
      vertex 0.258819 119.034 2
      vertex 1.04289 117.676 2
      vertex 0.382683 119.076 2
    endloop
  endfacet
  facet normal 0 0 1
    outer loop
      vertex 1.04289 117.676 2
      vertex 0.258819 119.034 2
      vertex 0.956646 117.578 2
    endloop
  endfacet
  facet normal -0 0 1
    outer loop
      vertex 0.130526 119.009 2
      vertex 0.956646 117.578 2
      vertex 0.258819 119.034 2
    endloop
  endfacet
  facet normal 0 0 1
    outer loop
      vertex 5.15678 116.043 2
      vertex 2.74144 117.099 2
      vertex 2.75 116.969 2
    endloop
  endfacet
  facet normal 0 0 1
    outer loop
      vertex 2.89124 119.207 2
      vertex 2.71593 117.228 2
      vertex 2.74144 117.099 2
    endloop
  endfacet
  facet normal 0 0 1
    outer loop
      vertex 2.00882 117.935 2
      vertex 2.79289 119.293 2
      vertex 2.70665 119.391 2
    endloop
  endfacet
  facet normal 0 0 1
    outer loop
      vertex 2.89124 119.207 2
      vertex 2.67388 117.352 2
      vertex 2.71593 117.228 2
    endloop
  endfacet
  facet normal 0 0 1
    outer loop
      vertex 1.88053 117.96 2
      vertex 2.70665 119.391 2
      vertex 2.63397 119.5 2
    endloop
  endfacet
  facet normal 0 0 1
    outer loop
      vertex 2.89124 119.207 2
      vertex 2.61602 117.469 2
      vertex 2.67388 117.352 2
    endloop
  endfacet
  facet normal 0 0 1
    outer loop
      vertex 2.53407 119.741 2
      vertex 0.965925 119.741 2
      vertex 2.57612 119.617 2
    endloop
  endfacet
  facet normal 0 0 1
    outer loop
      vertex 2.89124 119.207 2
      vertex 2.54335 117.578 2
      vertex 2.61602 117.469 2
    endloop
  endfacet
  facet normal 0 0 1
    outer loop
      vertex 2.50855 119.869 2
      vertex 0.991445 119.869 2
      vertex 2.53407 119.741 2
    endloop
  endfacet
  facet normal 0 0 1
    outer loop
      vertex 0.991445 119.869 2
      vertex 2.50855 119.869 2
      vertex 1 120 2
    endloop
  endfacet
  facet normal -0 0 1
    outer loop
      vertex 1 120 2
      vertex 2.50855 119.869 2
      vertex 2.5 120 2
    endloop
  endfacet
  facet normal 0 0 1
    outer loop
      vertex 2.70665 120.609 2
      vertex 1.88053 122.04 2
      vertex 2.63397 120.5 2
    endloop
  endfacet
  facet normal 0 0 1
    outer loop
      vertex 2.89124 119.207 2
      vertex 2.45711 117.676 2
      vertex 2.54335 117.578 2
    endloop
  endfacet
  facet normal -0 0 1
    outer loop
      vertex 1.75 122.031 2
      vertex 2.63397 120.5 2
      vertex 1.88053 122.04 2
    endloop
  endfacet
  facet normal 0 0 1
    outer loop
      vertex 2.89124 119.207 2
      vertex 2.35876 117.762 2
      vertex 2.45711 117.676 2
    endloop
  endfacet
  facet normal 0 0 1
    outer loop
      vertex 0.866025 120.5 2
      vertex 2.63397 120.5 2
      vertex 1.75 122.031 2
    endloop
  endfacet
  facet normal 0 0 1
    outer loop
      vertex 2.89124 119.207 2
      vertex 2.25 117.835 2
      vertex 2.35876 117.762 2
    endloop
  endfacet
  facet normal 0 0 1
    outer loop
      vertex 2.63397 120.5 2
      vertex 0.866025 120.5 2
      vertex 2.57612 120.383 2
    endloop
  endfacet
  facet normal 0 0 1
    outer loop
      vertex 0.965925 119.741 2
      vertex 2.53407 119.741 2
      vertex 0.991445 119.869 2
    endloop
  endfacet
  facet normal 0 -0 1
    outer loop
      vertex 0.923879 120.383 2
      vertex 2.57612 120.383 2
      vertex 0.866025 120.5 2
    endloop
  endfacet
  facet normal 0 0 1
    outer loop
      vertex 2.89124 119.207 2
      vertex 2.13268 117.893 2
      vertex 2.25 117.835 2
    endloop
  endfacet
  facet normal 0 0 1
    outer loop
      vertex 2.53407 120.259 2
      vertex 0.965925 120.259 2
      vertex 2.50855 120.131 2
    endloop
  endfacet
  facet normal 0 0 1
    outer loop
      vertex 2.79289 119.293 2
      vertex 2.00882 117.935 2
      vertex 2.13268 117.893 2
    endloop
  endfacet
  facet normal 0 0 1
    outer loop
      vertex 2.57612 120.383 2
      vertex 0.923879 120.383 2
      vertex 2.53407 120.259 2
    endloop
  endfacet
  facet normal 0 0 1
    outer loop
      vertex 2.70665 119.391 2
      vertex 1.88053 117.96 2
      vertex 2.00882 117.935 2
    endloop
  endfacet
  facet normal 0 0 1
    outer loop
      vertex 0.866025 120.5 2
      vertex 1.75 122.031 2
      vertex 1.61947 122.04 2
    endloop
  endfacet
  facet normal 0 0 1
    outer loop
      vertex 2.63397 119.5 2
      vertex 1.75 117.969 2
      vertex 1.88053 117.96 2
    endloop
  endfacet
  facet normal 0 0 1
    outer loop
      vertex 0.793353 120.609 2
      vertex 1.61947 122.04 2
      vertex 1.49118 122.065 2
    endloop
  endfacet
  facet normal 0 0 1
    outer loop
      vertex 0.923879 119.617 2
      vertex 2.57612 119.617 2
      vertex 0.965925 119.741 2
    endloop
  endfacet
  facet normal 0 0 1
    outer loop
      vertex 0.707107 120.707 2
      vertex 1.49118 122.065 2
      vertex 1.36732 122.107 2
    endloop
  endfacet
  facet normal 0 0 1
    outer loop
      vertex 2.57612 119.617 2
      vertex 0.923879 119.617 2
      vertex 2.63397 119.5 2
    endloop
  endfacet
  facet normal 0 0 1
    outer loop
      vertex 0.608761 120.793 2
      vertex 1.36732 122.107 2
      vertex 1.25 122.165 2
    endloop
  endfacet
  facet normal 0 0 1
    outer loop
      vertex 0.866025 119.5 2
      vertex 2.63397 119.5 2
      vertex 0.923879 119.617 2
    endloop
  endfacet
  facet normal 0 0 1
    outer loop
      vertex 0.5 120.866 2
      vertex 1.25 122.165 2
      vertex 1.14124 122.238 2
    endloop
  endfacet
  facet normal 0 0 1
    outer loop
      vertex 2.63397 119.5 2
      vertex 0.866025 119.5 2
      vertex 1.75 117.969 2
    endloop
  endfacet
  facet normal 0 0 1
    outer loop
      vertex 0.382683 120.924 2
      vertex 1.14124 122.238 2
      vertex 1.04289 122.324 2
    endloop
  endfacet
  facet normal 0 0 1
    outer loop
      vertex 1.75 117.969 2
      vertex 0.866025 119.5 2
      vertex 1.61947 117.96 2
    endloop
  endfacet
  facet normal -0 0 1
    outer loop
      vertex 0.793353 119.391 2
      vertex 1.61947 117.96 2
      vertex 0.866025 119.5 2
    endloop
  endfacet
  facet normal 0 0 1
    outer loop
      vertex 2.5 120 2
      vertex 0.991445 120.131 2
      vertex 1 120 2
    endloop
  endfacet
  facet normal 0 0 1
    outer loop
      vertex 2.50855 120.131 2
      vertex 0.991445 120.131 2
      vertex 2.5 120 2
    endloop
  endfacet
  facet normal 0 0 1
    outer loop
      vertex 0.258819 120.966 2
      vertex 1.04289 122.324 2
      vertex 0.956646 122.422 2
    endloop
  endfacet
  facet normal 0 -0 1
    outer loop
      vertex 0.991445 120.131 2
      vertex 2.50855 120.131 2
      vertex 0.965925 120.259 2
    endloop
  endfacet
  facet normal 0 0 1
    outer loop
      vertex 0.130526 120.991 2
      vertex 0.956646 122.422 2
      vertex 0.883974 122.531 2
    endloop
  endfacet
  facet normal 0 -0 1
    outer loop
      vertex 0.965925 120.259 2
      vertex 2.53407 120.259 2
      vertex 0.923879 120.383 2
    endloop
  endfacet
  facet normal 0 0 1
    outer loop
      vertex 0.784074 122.772 2
      vertex -0.784074 122.772 2
      vertex 0.82612 122.648 2
    endloop
  endfacet
  facet normal 0 0 1
    outer loop
      vertex 1.61947 122.04 2
      vertex 0.793353 120.609 2
      vertex 0.866025 120.5 2
    endloop
  endfacet
  facet normal 0 0 1
    outer loop
      vertex 0.758554 122.901 2
      vertex -0.758554 122.901 2
      vertex 0.784074 122.772 2
    endloop
  endfacet
  facet normal 0 0 1
    outer loop
      vertex -0.758554 122.901 2
      vertex 0.758554 122.901 2
      vertex -0.75 123.031 2
    endloop
  endfacet
  facet normal -0 0 1
    outer loop
      vertex -0.75 123.031 2
      vertex 0.758554 122.901 2
      vertex 0.75 123.031 2
    endloop
  endfacet
  facet normal 0 0 1
    outer loop
      vertex 1.49118 122.065 2
      vertex 0.707107 120.707 2
      vertex 0.793353 120.609 2
    endloop
  endfacet
  facet normal -0 0 1
    outer loop
      vertex 4.49144 120.131 2
      vertex 6.5 120 2
      vertex 6.44438 120.848 2
    endloop
  endfacet
  facet normal 0 0 1
    outer loop
      vertex 4.36602 120.5 2
      vertex 6.44438 120.848 2
      vertex 6.2785 121.682 2
    endloop
  endfacet
  facet normal 0 0 1
    outer loop
      vertex 6.5 120 2
      vertex 4.49144 120.131 2
      vertex 4.5 120 2
    endloop
  endfacet
  facet normal 0 0 1
    outer loop
      vertex 4.20711 120.707 2
      vertex 6.2785 121.682 2
      vertex 6.0052 122.487 2
    endloop
  endfacet
  facet normal 0 0 1
    outer loop
      vertex 4.49144 119.869 2
      vertex 6.5 120 2
      vertex 4.5 120 2
    endloop
  endfacet
  facet normal 0 0 1
    outer loop
      vertex 3.88268 120.924 2
      vertex 6.0052 122.487 2
      vertex 5.62915 123.25 2
    endloop
  endfacet
  facet normal 0 0 1
    outer loop
      vertex 6.5 120 2
      vertex 4.49144 119.869 2
      vertex 6.44438 119.152 2
    endloop
  endfacet
  facet normal 0 0 1
    outer loop
      vertex 2.74144 122.901 2
      vertex 5.62915 123.25 2
      vertex 5.15678 123.957 2
    endloop
  endfacet
  facet normal -0 0 1
    outer loop
      vertex 4.46593 119.741 2
      vertex 6.44438 119.152 2
      vertex 4.49144 119.869 2
    endloop
  endfacet
  facet normal 0 0 1
    outer loop
      vertex 2.74144 123.162 2
      vertex 5.15678 123.957 2
      vertex 4.59619 124.596 2
    endloop
  endfacet
  facet normal -0 0 1
    outer loop
      vertex 4.42388 119.617 2
      vertex 6.44438 119.152 2
      vertex 4.46593 119.741 2
    endloop
  endfacet
  facet normal 0 0 1
    outer loop
      vertex 6.44438 119.152 2
      vertex 4.36602 119.5 2
      vertex 6.2785 118.318 2
    endloop
  endfacet
  facet normal -0 0 1
    outer loop
      vertex 4.36602 119.5 2
      vertex 6.44438 119.152 2
      vertex 4.42388 119.617 2
    endloop
  endfacet
  facet normal 0 0 1
    outer loop
      vertex 6.44438 120.848 2
      vertex 4.46593 120.259 2
      vertex 4.49144 120.131 2
    endloop
  endfacet
  facet normal 0 0 1
    outer loop
      vertex 6.44438 120.848 2
      vertex 4.42388 120.383 2
      vertex 4.46593 120.259 2
    endloop
  endfacet
  facet normal 0 0 1
    outer loop
      vertex 6.44438 120.848 2
      vertex 4.36602 120.5 2
      vertex 4.42388 120.383 2
    endloop
  endfacet
  facet normal 0 0 1
    outer loop
      vertex 6.2785 121.682 2
      vertex 4.29335 120.609 2
      vertex 4.36602 120.5 2
    endloop
  endfacet
  facet normal 0 0 1
    outer loop
      vertex 6.2785 121.682 2
      vertex 4.20711 120.707 2
      vertex 4.29335 120.609 2
    endloop
  endfacet
  facet normal 0 0 1
    outer loop
      vertex 6.0052 122.487 2
      vertex 4.10876 120.793 2
      vertex 4.20711 120.707 2
    endloop
  endfacet
  facet normal 0 0 1
    outer loop
      vertex 6.0052 122.487 2
      vertex 4 120.866 2
      vertex 4.10876 120.793 2
    endloop
  endfacet
  facet normal 0 0 1
    outer loop
      vertex 2.61602 123.531 2
      vertex 4.59619 124.596 2
      vertex 3.95694 125.157 2
    endloop
  endfacet
  facet normal 0 0 1
    outer loop
      vertex 5.15678 123.957 2
      vertex 2.75 123.031 2
      vertex 2.74144 122.901 2
    endloop
  endfacet
  facet normal 0 0 1
    outer loop
      vertex 6.0052 122.487 2
      vertex 3.88268 120.924 2
      vertex 4 120.866 2
    endloop
  endfacet
  facet normal 0 0 1
    outer loop
      vertex 2.71593 122.772 2
      vertex 5.62915 123.25 2
      vertex 2.74144 122.901 2
    endloop
  endfacet
  facet normal 0 0 1
    outer loop
      vertex 5.62915 123.25 2
      vertex 3.75882 120.966 2
      vertex 3.88268 120.924 2
    endloop
  endfacet
  facet normal 0 0 1
    outer loop
      vertex 5.62915 123.25 2
      vertex 2.71593 122.772 2
      vertex 3.75882 120.966 2
    endloop
  endfacet
  facet normal 0 0 1
    outer loop
      vertex 2.35876 123.824 2
      vertex 3.95694 125.157 2
      vertex 3.25 125.629 2
    endloop
  endfacet
  facet normal 0 0 1
    outer loop
      vertex 3.75882 120.966 2
      vertex 2.71593 122.772 2
      vertex 3.63053 120.991 2
    endloop
  endfacet
  facet normal -0 0 1
    outer loop
      vertex 2.67388 122.648 2
      vertex 3.63053 120.991 2
      vertex 2.71593 122.772 2
    endloop
  endfacet
  facet normal 0 0 1
    outer loop
      vertex 3.63053 120.991 2
      vertex 2.67388 122.648 2
      vertex 3.5 121 2
    endloop
  endfacet
  facet normal -0 0 1
    outer loop
      vertex 2.61602 122.531 2
      vertex 3.5 121 2
      vertex 2.67388 122.648 2
    endloop
  endfacet
  facet normal 0 0 1
    outer loop
      vertex 3.5 121 2
      vertex 2.61602 122.531 2
      vertex 3.36947 120.991 2
    endloop
  endfacet
  facet normal -0 0 1
    outer loop
      vertex 2.54335 122.422 2
      vertex 3.36947 120.991 2
      vertex 2.61602 122.531 2
    endloop
  endfacet
  facet normal 0 0 1
    outer loop
      vertex 5.15678 123.957 2
      vertex 2.74144 123.162 2
      vertex 2.75 123.031 2
    endloop
  endfacet
  facet normal 0 0 1
    outer loop
      vertex 4.59619 124.596 2
      vertex 2.71593 123.29 2
      vertex 2.74144 123.162 2
    endloop
  endfacet
  facet normal 0 0 1
    outer loop
      vertex 4.59619 124.596 2
      vertex 2.67388 123.414 2
      vertex 2.71593 123.29 2
    endloop
  endfacet
  facet normal 0 0 1
    outer loop
      vertex 4.59619 124.596 2
      vertex 2.61602 123.531 2
      vertex 2.67388 123.414 2
    endloop
  endfacet
  facet normal 0 0 1
    outer loop
      vertex 3.95694 125.157 2
      vertex 2.54335 123.64 2
      vertex 2.61602 123.531 2
    endloop
  endfacet
  facet normal 0 0 1
    outer loop
      vertex 2.13268 123.955 2
      vertex 3.25 125.629 2
      vertex 2.48744 126.005 2
    endloop
  endfacet
  facet normal 0 0 1
    outer loop
      vertex 3.95694 125.157 2
      vertex 2.45711 123.738 2
      vertex 2.54335 123.64 2
    endloop
  endfacet
  facet normal 0 0 1
    outer loop
      vertex 3.95694 125.157 2
      vertex 2.35876 123.824 2
      vertex 2.45711 123.738 2
    endloop
  endfacet
  facet normal 0 0 1
    outer loop
      vertex 3.25 125.629 2
      vertex 2.25 123.897 2
      vertex 2.35876 123.824 2
    endloop
  endfacet
  facet normal 0 0 1
    outer loop
      vertex 3.25 125.629 2
      vertex 2.13268 123.955 2
      vertex 2.25 123.897 2
    endloop
  endfacet
  facet normal 0 0 1
    outer loop
      vertex 2.48744 126.005 2
      vertex 2.00882 123.997 2
      vertex 2.13268 123.955 2
    endloop
  endfacet
  facet normal 0 0 1
    outer loop
      vertex 2.48744 126.005 2
      vertex 1.88053 124.023 2
      vertex 2.00882 123.997 2
    endloop
  endfacet
  facet normal 0 0 1
    outer loop
      vertex 2.48744 126.005 2
      vertex 1.75 124.031 2
      vertex 1.88053 124.023 2
    endloop
  endfacet
  facet normal 0 0 1
    outer loop
      vertex 1.68231 126.279 2
      vertex 1.75 124.031 2
      vertex 2.48744 126.005 2
    endloop
  endfacet
  facet normal 0 0 1
    outer loop
      vertex 1.68231 126.279 2
      vertex 1.61947 124.023 2
      vertex 1.75 124.031 2
    endloop
  endfacet
  facet normal 0 0 1
    outer loop
      vertex 1.68231 126.279 2
      vertex 1.49118 123.997 2
      vertex 1.61947 124.023 2
    endloop
  endfacet
  facet normal 0 0 1
    outer loop
      vertex 1.68231 126.279 2
      vertex 1.36732 123.955 2
      vertex 1.49118 123.997 2
    endloop
  endfacet
  facet normal 0 0 1
    outer loop
      vertex 0.848419 126.444 2
      vertex 1.36732 123.955 2
      vertex 1.68231 126.279 2
    endloop
  endfacet
  facet normal 0 0 1
    outer loop
      vertex 1.36732 123.955 2
      vertex 0.848419 126.444 2
      vertex 1.25 123.897 2
    endloop
  endfacet
  facet normal 0 0 1
    outer loop
      vertex 1.25 123.897 2
      vertex 0.848419 126.444 2
      vertex 1.14124 123.824 2
    endloop
  endfacet
  facet normal 0 0 1
    outer loop
      vertex 0 126.5 2
      vertex 1.14124 123.824 2
      vertex 0.848419 126.444 2
    endloop
  endfacet
  facet normal 0 0 1
    outer loop
      vertex 1.14124 123.824 2
      vertex 0 126.5 2
      vertex 1.04289 123.738 2
    endloop
  endfacet
  facet normal 0 0 1
    outer loop
      vertex -1.04289 123.738 2
      vertex 1.04289 123.738 2
      vertex 0 126.5 2
    endloop
  endfacet
  facet normal 0 0 1
    outer loop
      vertex 1.04289 123.738 2
      vertex -1.04289 123.738 2
      vertex 0.956646 123.64 2
    endloop
  endfacet
  facet normal 0 -0 1
    outer loop
      vertex -0.956646 123.64 2
      vertex 0.956646 123.64 2
      vertex -1.04289 123.738 2
    endloop
  endfacet
  facet normal 0 0 1
    outer loop
      vertex 0.956646 123.64 2
      vertex -0.956646 123.64 2
      vertex 0.883974 123.531 2
    endloop
  endfacet
  facet normal 0 -0 1
    outer loop
      vertex -0.883974 123.531 2
      vertex 0.883974 123.531 2
      vertex -0.956646 123.64 2
    endloop
  endfacet
  facet normal 0 0 1
    outer loop
      vertex 1.36732 122.107 2
      vertex 0.608761 120.793 2
      vertex 0.707107 120.707 2
    endloop
  endfacet
  facet normal 0 0 1
    outer loop
      vertex 0.82612 123.414 2
      vertex -0.82612 123.414 2
      vertex 0.784074 123.29 2
    endloop
  endfacet
  facet normal 0 -0 1
    outer loop
      vertex -0.75 123.031 2
      vertex 0.75 123.031 2
      vertex -0.758554 123.162 2
    endloop
  endfacet
  facet normal 0 0 1
    outer loop
      vertex 1.25 122.165 2
      vertex 0.5 120.866 2
      vertex 0.608761 120.793 2
    endloop
  endfacet
  facet normal 0 0 1
    outer loop
      vertex -0.784074 122.772 2
      vertex 0.784074 122.772 2
      vertex -0.758554 122.901 2
    endloop
  endfacet
  facet normal 0 0 1
    outer loop
      vertex 1.14124 122.238 2
      vertex 0.382683 120.924 2
      vertex 0.5 120.866 2
    endloop
  endfacet
  facet normal 0 -0 1
    outer loop
      vertex -0.82612 123.414 2
      vertex 0.82612 123.414 2
      vertex -0.883974 123.531 2
    endloop
  endfacet
  facet normal 0 0 1
    outer loop
      vertex 1.04289 122.324 2
      vertex 0.258819 120.966 2
      vertex 0.382683 120.924 2
    endloop
  endfacet
  facet normal 0 0 1
    outer loop
      vertex 0.956646 122.422 2
      vertex 0.130526 120.991 2
      vertex 0.258819 120.966 2
    endloop
  endfacet
  facet normal 0 0 1
    outer loop
      vertex 0.883974 122.531 2
      vertex 0 121 2
      vertex 0.130526 120.991 2
    endloop
  endfacet
  facet normal 0 0 1
    outer loop
      vertex 0.82612 122.648 2
      vertex -0.82612 122.648 2
      vertex 0.883974 122.531 2
    endloop
  endfacet
  facet normal 0 0 1
    outer loop
      vertex -0.883974 122.531 2
      vertex 0.883974 122.531 2
      vertex -0.82612 122.648 2
    endloop
  endfacet
  facet normal 0 0 1
    outer loop
      vertex 0.883974 122.531 2
      vertex -0.883974 122.531 2
      vertex 0 121 2
    endloop
  endfacet
  facet normal 0 0 1
    outer loop
      vertex 0 121 2
      vertex -0.883974 122.531 2
      vertex -0.130526 120.991 2
    endloop
  endfacet
  facet normal -0 0 1
    outer loop
      vertex -0.956646 122.422 2
      vertex -0.130526 120.991 2
      vertex -0.883974 122.531 2
    endloop
  endfacet
  facet normal 0 0 1
    outer loop
      vertex -0.82612 122.648 2
      vertex 0.82612 122.648 2
      vertex -0.784074 122.772 2
    endloop
  endfacet
  facet normal 0 0 1
    outer loop
      vertex 0.758554 123.162 2
      vertex -0.758554 123.162 2
      vertex 0.75 123.031 2
    endloop
  endfacet
  facet normal 0 -0 1
    outer loop
      vertex -0.758554 123.162 2
      vertex 0.758554 123.162 2
      vertex -0.784074 123.29 2
    endloop
  endfacet
  facet normal 0 0 1
    outer loop
      vertex -1.14124 123.824 2
      vertex 0 126.5 2
      vertex -0.848419 126.444 2
    endloop
  endfacet
  facet normal 0 0 1
    outer loop
      vertex 0.784074 123.29 2
      vertex -0.784074 123.29 2
      vertex 0.758554 123.162 2
    endloop
  endfacet
  facet normal 0 -0 1
    outer loop
      vertex -0.784074 123.29 2
      vertex 0.784074 123.29 2
      vertex -0.82612 123.414 2
    endloop
  endfacet
  facet normal 0 0 1
    outer loop
      vertex 0.883974 123.531 2
      vertex -0.883974 123.531 2
      vertex 0.82612 123.414 2
    endloop
  endfacet
  facet normal 0 0 1
    outer loop
      vertex 0 126.5 2
      vertex -1.14124 123.824 2
      vertex -1.04289 123.738 2
    endloop
  endfacet
  facet normal 0 0 1
    outer loop
      vertex -0.848419 126.444 2
      vertex -1.25 123.897 2
      vertex -1.14124 123.824 2
    endloop
  endfacet
  facet normal 0 0 1
    outer loop
      vertex -0.848419 126.444 2
      vertex -1.36732 123.955 2
      vertex -1.25 123.897 2
    endloop
  endfacet
  facet normal 0 0 1
    outer loop
      vertex -0.848419 126.444 2
      vertex -1.49118 123.997 2
      vertex -1.36732 123.955 2
    endloop
  endfacet
  facet normal -0 0 1
    outer loop
      vertex -1.68231 126.279 2
      vertex -1.49118 123.997 2
      vertex -0.848419 126.444 2
    endloop
  endfacet
  facet normal 0 0 1
    outer loop
      vertex -1.49118 123.997 2
      vertex -1.68231 126.279 2
      vertex -1.61947 124.023 2
    endloop
  endfacet
  facet normal 0 0 1
    outer loop
      vertex -1.68231 126.279 2
      vertex -1.75 124.031 2
      vertex -1.61947 124.023 2
    endloop
  endfacet
  facet normal -0 0 1
    outer loop
      vertex -2.48744 126.005 2
      vertex -1.75 124.031 2
      vertex -1.68231 126.279 2
    endloop
  endfacet
  facet normal 0 0 1
    outer loop
      vertex -1.75 124.031 2
      vertex -2.48744 126.005 2
      vertex -1.88053 124.023 2
    endloop
  endfacet
  facet normal 0 0 1
    outer loop
      vertex -1.88053 124.023 2
      vertex -2.48744 126.005 2
      vertex -2.00882 123.997 2
    endloop
  endfacet
  facet normal 0 0 1
    outer loop
      vertex -2.00882 123.997 2
      vertex -2.48744 126.005 2
      vertex -2.13268 123.955 2
    endloop
  endfacet
  facet normal -0 0 1
    outer loop
      vertex -3.25 125.629 2
      vertex -2.13268 123.955 2
      vertex -2.48744 126.005 2
    endloop
  endfacet
  facet normal 0 0 1
    outer loop
      vertex -2.13268 123.955 2
      vertex -3.25 125.629 2
      vertex -2.25 123.897 2
    endloop
  endfacet
  facet normal 0 0 1
    outer loop
      vertex -2.25 123.897 2
      vertex -3.25 125.629 2
      vertex -2.35876 123.824 2
    endloop
  endfacet
  facet normal -0 0 1
    outer loop
      vertex -3.95694 125.157 2
      vertex -2.35876 123.824 2
      vertex -3.25 125.629 2
    endloop
  endfacet
  facet normal 0 0 1
    outer loop
      vertex -2.35876 123.824 2
      vertex -3.95694 125.157 2
      vertex -2.45711 123.738 2
    endloop
  endfacet
  facet normal 0 0 1
    outer loop
      vertex -2.45711 123.738 2
      vertex -3.95694 125.157 2
      vertex -2.54335 123.64 2
    endloop
  endfacet
  facet normal 0 0 1
    outer loop
      vertex -2.54335 123.64 2
      vertex -3.95694 125.157 2
      vertex -2.61602 123.531 2
    endloop
  endfacet
  facet normal -0 0 1
    outer loop
      vertex -4.59619 124.596 2
      vertex -2.61602 123.531 2
      vertex -3.95694 125.157 2
    endloop
  endfacet
  facet normal 0 0 1
    outer loop
      vertex -2.13268 122.107 2
      vertex -2.89124 120.793 2
      vertex -2.79289 120.707 2
    endloop
  endfacet
  facet normal 0 0 1
    outer loop
      vertex -2.25 122.165 2
      vertex -3 120.866 2
      vertex -2.89124 120.793 2
    endloop
  endfacet
  facet normal 0 0 1
    outer loop
      vertex -5.15678 123.957 2
      vertex -2.75 123.031 2
      vertex -2.74144 123.162 2
    endloop
  endfacet
  facet normal 0 0 1
    outer loop
      vertex -2.61602 123.531 2
      vertex -4.59619 124.596 2
      vertex -2.67388 123.414 2
    endloop
  endfacet
  facet normal 0 0 1
    outer loop
      vertex -2.67388 123.414 2
      vertex -4.59619 124.596 2
      vertex -2.71593 123.29 2
    endloop
  endfacet
  facet normal 0 0 1
    outer loop
      vertex -2.35876 122.238 2
      vertex -3.11732 120.924 2
      vertex -3 120.866 2
    endloop
  endfacet
  facet normal 0 0 1
    outer loop
      vertex -2.71593 123.29 2
      vertex -4.59619 124.596 2
      vertex -2.74144 123.162 2
    endloop
  endfacet
  facet normal 0 0 1
    outer loop
      vertex -2.45711 122.324 2
      vertex -3.24118 120.966 2
      vertex -3.11732 120.924 2
    endloop
  endfacet
  facet normal -0 0 1
    outer loop
      vertex -5.15678 123.957 2
      vertex -2.74144 123.162 2
      vertex -4.59619 124.596 2
    endloop
  endfacet
  facet normal 0 0 1
    outer loop
      vertex -2.54335 122.422 2
      vertex -3.36947 120.991 2
      vertex -3.24118 120.966 2
    endloop
  endfacet
  facet normal 0 0 1
    outer loop
      vertex -2.61602 122.531 2
      vertex -3.5 121 2
      vertex -3.36947 120.991 2
    endloop
  endfacet
  facet normal 0 0 1
    outer loop
      vertex -2.74144 122.901 2
      vertex -5.15678 123.957 2
      vertex -5.62915 123.25 2
    endloop
  endfacet
  facet normal 0 0 1
    outer loop
      vertex -2.67388 122.648 2
      vertex -3.63053 120.991 2
      vertex -3.5 121 2
    endloop
  endfacet
  facet normal 0 0 1
    outer loop
      vertex -2.71593 122.772 2
      vertex -5.62915 123.25 2
      vertex -3.75882 120.966 2
    endloop
  endfacet
  facet normal 0 0 1
    outer loop
      vertex -2.71593 122.772 2
      vertex -3.75882 120.966 2
      vertex -3.63053 120.991 2
    endloop
  endfacet
  facet normal 0 0 1
    outer loop
      vertex -3.75882 120.966 2
      vertex -5.62915 123.25 2
      vertex -3.88268 120.924 2
    endloop
  endfacet
  facet normal -0 0 1
    outer loop
      vertex -6.0052 122.487 2
      vertex -3.88268 120.924 2
      vertex -5.62915 123.25 2
    endloop
  endfacet
  facet normal 0 0 1
    outer loop
      vertex -3.88268 120.924 2
      vertex -6.0052 122.487 2
      vertex -4 120.866 2
    endloop
  endfacet
  facet normal 0 0 1
    outer loop
      vertex -4 120.866 2
      vertex -6.0052 122.487 2
      vertex -4.10876 120.793 2
    endloop
  endfacet
  facet normal 0 0 1
    outer loop
      vertex -4.10876 120.793 2
      vertex -6.0052 122.487 2
      vertex -4.20711 120.707 2
    endloop
  endfacet
  facet normal -0 0 1
    outer loop
      vertex -6.2785 121.682 2
      vertex -4.20711 120.707 2
      vertex -6.0052 122.487 2
    endloop
  endfacet
  facet normal 0 0 1
    outer loop
      vertex -4.29335 120.609 2
      vertex -6.2785 121.682 2
      vertex -4.36602 120.5 2
    endloop
  endfacet
  facet normal 0 0 1
    outer loop
      vertex -4.20711 120.707 2
      vertex -6.2785 121.682 2
      vertex -4.29335 120.609 2
    endloop
  endfacet
  facet normal -0 0 1
    outer loop
      vertex 4.29335 119.391 2
      vertex 6.2785 118.318 2
      vertex 4.36602 119.5 2
    endloop
  endfacet
  facet normal -0 0 1
    outer loop
      vertex 4.20711 119.293 2
      vertex 6.2785 118.318 2
      vertex 4.29335 119.391 2
    endloop
  endfacet
  facet normal 0 0 1
    outer loop
      vertex 6.2785 118.318 2
      vertex 4.20711 119.293 2
      vertex 6.0052 117.513 2
    endloop
  endfacet
  facet normal -0 0 1
    outer loop
      vertex 4.10876 119.207 2
      vertex 6.0052 117.513 2
      vertex 4.20711 119.293 2
    endloop
  endfacet
  facet normal -0 0 1
    outer loop
      vertex 4 119.134 2
      vertex 6.0052 117.513 2
      vertex 4.10876 119.207 2
    endloop
  endfacet
  facet normal -0 0 1
    outer loop
      vertex 3.88268 119.076 2
      vertex 6.0052 117.513 2
      vertex 4 119.134 2
    endloop
  endfacet
  facet normal 0 0 1
    outer loop
      vertex 6.0052 117.513 2
      vertex 3.88268 119.076 2
      vertex 5.62915 116.75 2
    endloop
  endfacet
  facet normal -0 0 1
    outer loop
      vertex 3.75882 119.034 2
      vertex 5.62915 116.75 2
      vertex 3.88268 119.076 2
    endloop
  endfacet
  facet normal -0 0 1
    outer loop
      vertex 2.74144 117.099 2
      vertex 5.62915 116.75 2
      vertex 3.75882 119.034 2
    endloop
  endfacet
  facet normal -0 0 1
    outer loop
      vertex 2.74144 116.838 2
      vertex 5.15678 116.043 2
      vertex 2.75 116.969 2
    endloop
  endfacet
  facet normal 0 0 1
    outer loop
      vertex 2.74144 117.099 2
      vertex 5.15678 116.043 2
      vertex 5.62915 116.75 2
    endloop
  endfacet
  facet normal 0 0 1
    outer loop
      vertex 2.74144 117.099 2
      vertex 3.75882 119.034 2
      vertex 3.63053 119.009 2
    endloop
  endfacet
  facet normal 0 0 1
    outer loop
      vertex 2.74144 117.099 2
      vertex 3.63053 119.009 2
      vertex 3.5 119 2
    endloop
  endfacet
  facet normal 0 0 1
    outer loop
      vertex 2.74144 117.099 2
      vertex 3.5 119 2
      vertex 3.36947 119.009 2
    endloop
  endfacet
  facet normal 0 0 1
    outer loop
      vertex 5.15678 116.043 2
      vertex 2.74144 116.838 2
      vertex 4.59619 115.404 2
    endloop
  endfacet
  facet normal 0 0 1
    outer loop
      vertex 2.74144 117.099 2
      vertex 3.36947 119.009 2
      vertex 3.24118 119.034 2
    endloop
  endfacet
  facet normal 0 0 1
    outer loop
      vertex 2.74144 117.099 2
      vertex 3.24118 119.034 2
      vertex 3.11732 119.076 2
    endloop
  endfacet
  facet normal 0 0 1
    outer loop
      vertex 2.74144 117.099 2
      vertex 3.11732 119.076 2
      vertex 3 119.134 2
    endloop
  endfacet
  facet normal 0 0 1
    outer loop
      vertex 2.74144 117.099 2
      vertex 3 119.134 2
      vertex 2.89124 119.207 2
    endloop
  endfacet
  facet normal 0 0 1
    outer loop
      vertex 2.13268 117.893 2
      vertex 2.89124 119.207 2
      vertex 2.79289 119.293 2
    endloop
  endfacet
  facet normal -0 0 1
    outer loop
      vertex 2.71593 116.71 2
      vertex 4.59619 115.404 2
      vertex 2.74144 116.838 2
    endloop
  endfacet
  facet normal -0 0 1
    outer loop
      vertex 2.67388 116.586 2
      vertex 4.59619 115.404 2
      vertex 2.71593 116.71 2
    endloop
  endfacet
  facet normal -0 0 1
    outer loop
      vertex 2.61602 116.469 2
      vertex 4.59619 115.404 2
      vertex 2.67388 116.586 2
    endloop
  endfacet
  facet normal 0 0 1
    outer loop
      vertex 4.59619 115.404 2
      vertex 2.61602 116.469 2
      vertex 3.95694 114.843 2
    endloop
  endfacet
  facet normal -0 0 1
    outer loop
      vertex 2.54335 116.36 2
      vertex 3.95694 114.843 2
      vertex 2.61602 116.469 2
    endloop
  endfacet
  facet normal -0 0 1
    outer loop
      vertex 2.45711 116.262 2
      vertex 3.95694 114.843 2
      vertex 2.54335 116.36 2
    endloop
  endfacet
  facet normal -0 0 1
    outer loop
      vertex 2.35876 116.176 2
      vertex 3.95694 114.843 2
      vertex 2.45711 116.262 2
    endloop
  endfacet
  facet normal 0 0 1
    outer loop
      vertex 3.95694 114.843 2
      vertex 2.35876 116.176 2
      vertex 3.25 114.371 2
    endloop
  endfacet
  facet normal -0 0 1
    outer loop
      vertex 2.25 116.103 2
      vertex 3.25 114.371 2
      vertex 2.35876 116.176 2
    endloop
  endfacet
  facet normal -0 0 1
    outer loop
      vertex 2.13268 116.045 2
      vertex 3.25 114.371 2
      vertex 2.25 116.103 2
    endloop
  endfacet
  facet normal 0 0 1
    outer loop
      vertex 3.25 114.371 2
      vertex 2.13268 116.045 2
      vertex 2.48744 113.995 2
    endloop
  endfacet
  facet normal -0 0 1
    outer loop
      vertex 2.00882 116.003 2
      vertex 2.48744 113.995 2
      vertex 2.13268 116.045 2
    endloop
  endfacet
  facet normal -0 0 1
    outer loop
      vertex 1.88053 115.977 2
      vertex 2.48744 113.995 2
      vertex 2.00882 116.003 2
    endloop
  endfacet
  facet normal -0 0 1
    outer loop
      vertex 1.75 115.969 2
      vertex 2.48744 113.995 2
      vertex 1.88053 115.977 2
    endloop
  endfacet
  facet normal 0 0 1
    outer loop
      vertex 1.75 115.969 2
      vertex 1.68231 113.721 2
      vertex 2.48744 113.995 2
    endloop
  endfacet
  facet normal 0 0 1
    outer loop
      vertex 1.61947 115.977 2
      vertex 1.68231 113.721 2
      vertex 1.75 115.969 2
    endloop
  endfacet
  facet normal 0 0 1
    outer loop
      vertex 1.49118 116.003 2
      vertex 1.68231 113.721 2
      vertex 1.61947 115.977 2
    endloop
  endfacet
  facet normal 0 0 1
    outer loop
      vertex 1.36732 116.045 2
      vertex 1.68231 113.721 2
      vertex 1.49118 116.003 2
    endloop
  endfacet
  facet normal 0 0 1
    outer loop
      vertex 0.848419 113.556 2
      vertex 1.36732 116.045 2
      vertex 1.25 116.103 2
    endloop
  endfacet
  facet normal 0 0 1
    outer loop
      vertex 0.848419 113.556 2
      vertex 1.25 116.103 2
      vertex 1.14124 116.176 2
    endloop
  endfacet
  facet normal 0 0 1
    outer loop
      vertex 0 113.5 2
      vertex 1.14124 116.176 2
      vertex 1.04289 116.262 2
    endloop
  endfacet
  facet normal 0 0 1
    outer loop
      vertex -1.04289 116.262 2
      vertex 1.04289 116.262 2
      vertex 0.956646 116.36 2
    endloop
  endfacet
  facet normal 0 0 1
    outer loop
      vertex -0.956646 116.36 2
      vertex 0.956646 116.36 2
      vertex 0.883974 116.469 2
    endloop
  endfacet
  facet normal 0 0 1
    outer loop
      vertex 1.36732 116.045 2
      vertex 0.848419 113.556 2
      vertex 1.68231 113.721 2
    endloop
  endfacet
  facet normal 0 0 1
    outer loop
      vertex -0.883974 116.469 2
      vertex 0.883974 116.469 2
      vertex 0.82612 116.586 2
    endloop
  endfacet
  facet normal 0 0 1
    outer loop
      vertex -0.82612 116.586 2
      vertex 0.82612 116.586 2
      vertex 0.784074 116.71 2
    endloop
  endfacet
  facet normal 0 0 1
    outer loop
      vertex -0.784074 116.71 2
      vertex 0.784074 116.71 2
      vertex 0.758554 116.838 2
    endloop
  endfacet
  facet normal 0 0 1
    outer loop
      vertex -0.758554 116.838 2
      vertex 0.758554 116.838 2
      vertex 0.75 116.969 2
    endloop
  endfacet
  facet normal 0 0 1
    outer loop
      vertex 0.956646 117.578 2
      vertex 0.130526 119.009 2
      vertex 0.883974 117.469 2
    endloop
  endfacet
  facet normal -0 0 1
    outer loop
      vertex 0 119 2
      vertex 0.883974 117.469 2
      vertex 0.130526 119.009 2
    endloop
  endfacet
  facet normal 0 0 1
    outer loop
      vertex -0.758554 117.099 2
      vertex 0.883974 117.469 2
      vertex 0 119 2
    endloop
  endfacet
  facet normal 0 0 1
    outer loop
      vertex 0.883974 117.469 2
      vertex -0.758554 117.099 2
      vertex 0.82612 117.352 2
    endloop
  endfacet
  facet normal 0 0 1
    outer loop
      vertex -0.758554 117.099 2
      vertex 0.784074 117.228 2
      vertex 0.82612 117.352 2
    endloop
  endfacet
  facet normal 0 0 1
    outer loop
      vertex -0.758554 117.099 2
      vertex 0.758554 117.099 2
      vertex 0.784074 117.228 2
    endloop
  endfacet
  facet normal 0 0 1
    outer loop
      vertex 0.758554 117.099 2
      vertex -0.75 116.969 2
      vertex 0.75 116.969 2
    endloop
  endfacet
  facet normal 0 0 1
    outer loop
      vertex 0.75 116.969 2
      vertex -0.75 116.969 2
      vertex -0.758554 116.838 2
    endloop
  endfacet
  facet normal 0 0 1
    outer loop
      vertex -0.758554 117.099 2
      vertex 0 119 2
      vertex -0.130526 119.009 2
    endloop
  endfacet
  facet normal 0 0 1
    outer loop
      vertex -0.758554 117.099 2
      vertex -0.130526 119.009 2
      vertex -0.258819 119.034 2
    endloop
  endfacet
  facet normal 0 0 1
    outer loop
      vertex -0.758554 117.099 2
      vertex -0.258819 119.034 2
      vertex -0.382683 119.076 2
    endloop
  endfacet
  facet normal 0 0 1
    outer loop
      vertex -0.758554 117.099 2
      vertex -0.382683 119.076 2
      vertex -0.5 119.134 2
    endloop
  endfacet
  facet normal 0 0 1
    outer loop
      vertex -0.758554 117.099 2
      vertex -0.5 119.134 2
      vertex -0.608761 119.207 2
    endloop
  endfacet
  facet normal 0 0 1
    outer loop
      vertex -1.36732 117.893 2
      vertex -0.608761 119.207 2
      vertex -0.707107 119.293 2
    endloop
  endfacet
  facet normal 0 0 1
    outer loop
      vertex 0.758554 116.838 2
      vertex -0.758554 116.838 2
      vertex -0.784074 116.71 2
    endloop
  endfacet
  facet normal 0 0 1
    outer loop
      vertex 0.784074 116.71 2
      vertex -0.784074 116.71 2
      vertex -0.82612 116.586 2
    endloop
  endfacet
  facet normal 0 0 1
    outer loop
      vertex 0.82612 116.586 2
      vertex -0.82612 116.586 2
      vertex -0.883974 116.469 2
    endloop
  endfacet
  facet normal 0 0 1
    outer loop
      vertex 0.883974 116.469 2
      vertex -0.883974 116.469 2
      vertex -0.956646 116.36 2
    endloop
  endfacet
  facet normal 0 0 1
    outer loop
      vertex 0.956646 116.36 2
      vertex -0.956646 116.36 2
      vertex -1.04289 116.262 2
    endloop
  endfacet
  facet normal 0 0 1
    outer loop
      vertex 1.14124 116.176 2
      vertex 0 113.5 2
      vertex 0.848419 113.556 2
    endloop
  endfacet
  facet normal 0 0 1
    outer loop
      vertex 1.04289 116.262 2
      vertex -1.04289 116.262 2
      vertex 0 113.5 2
    endloop
  endfacet
  facet normal -0 0 1
    outer loop
      vertex -1.14124 116.176 2
      vertex 0 113.5 2
      vertex -1.04289 116.262 2
    endloop
  endfacet
  facet normal 0 0 1
    outer loop
      vertex 0 113.5 2
      vertex -1.14124 116.176 2
      vertex -0.848419 113.556 2
    endloop
  endfacet
  facet normal -0 0 1
    outer loop
      vertex -1.25 116.103 2
      vertex -0.848419 113.556 2
      vertex -1.14124 116.176 2
    endloop
  endfacet
  facet normal -0 0 1
    outer loop
      vertex -1.36732 116.045 2
      vertex -0.848419 113.556 2
      vertex -1.25 116.103 2
    endloop
  endfacet
  facet normal -0 0 1
    outer loop
      vertex -1.49118 116.003 2
      vertex -0.848419 113.556 2
      vertex -1.36732 116.045 2
    endloop
  endfacet
  facet normal 0 0 1
    outer loop
      vertex -1.68231 113.721 2
      vertex -1.49118 116.003 2
      vertex -1.61947 115.977 2
    endloop
  endfacet
  facet normal 0 0 1
    outer loop
      vertex -1.49118 116.003 2
      vertex -1.68231 113.721 2
      vertex -0.848419 113.556 2
    endloop
  endfacet
  facet normal -0 0 1
    outer loop
      vertex -1.75 115.969 2
      vertex -1.68231 113.721 2
      vertex -1.61947 115.977 2
    endloop
  endfacet
  facet normal 0 0 1
    outer loop
      vertex -2.48744 113.995 2
      vertex -1.75 115.969 2
      vertex -1.88053 115.977 2
    endloop
  endfacet
  facet normal 0 0 1
    outer loop
      vertex -2.48744 113.995 2
      vertex -1.88053 115.977 2
      vertex -2.00882 116.003 2
    endloop
  endfacet
  facet normal 0 0 1
    outer loop
      vertex -2.48744 113.995 2
      vertex -2.00882 116.003 2
      vertex -2.13268 116.045 2
    endloop
  endfacet
  facet normal 0 0 1
    outer loop
      vertex -3.25 114.371 2
      vertex -2.13268 116.045 2
      vertex -2.25 116.103 2
    endloop
  endfacet
  facet normal 0 0 1
    outer loop
      vertex -3.25 114.371 2
      vertex -2.25 116.103 2
      vertex -2.35876 116.176 2
    endloop
  endfacet
  facet normal 0 0 1
    outer loop
      vertex -3.95694 114.843 2
      vertex -2.35876 116.176 2
      vertex -2.45711 116.262 2
    endloop
  endfacet
  facet normal 0 0 1
    outer loop
      vertex -1.75 115.969 2
      vertex -2.48744 113.995 2
      vertex -1.68231 113.721 2
    endloop
  endfacet
  facet normal 0 0 1
    outer loop
      vertex -3.95694 114.843 2
      vertex -2.45711 116.262 2
      vertex -2.54335 116.36 2
    endloop
  endfacet
  facet normal 0 0 1
    outer loop
      vertex -3.95694 114.843 2
      vertex -2.54335 116.36 2
      vertex -2.61602 116.469 2
    endloop
  endfacet
  facet normal 0 0 1
    outer loop
      vertex -4.59619 115.404 2
      vertex -2.61602 116.469 2
      vertex -2.67388 116.586 2
    endloop
  endfacet
  facet normal 0 0 1
    outer loop
      vertex -4.59619 115.404 2
      vertex -2.67388 116.586 2
      vertex -2.71593 116.71 2
    endloop
  endfacet
  facet normal 0 0 1
    outer loop
      vertex -4.59619 115.404 2
      vertex -2.71593 116.71 2
      vertex -2.74144 116.838 2
    endloop
  endfacet
  facet normal 0 0 1
    outer loop
      vertex -2.54335 117.578 2
      vertex -3.36947 119.009 2
      vertex -2.61602 117.469 2
    endloop
  endfacet
  facet normal -0 0 1
    outer loop
      vertex -3.5 119 2
      vertex -2.61602 117.469 2
      vertex -3.36947 119.009 2
    endloop
  endfacet
  facet normal 0 0 1
    outer loop
      vertex -2.61602 117.469 2
      vertex -3.5 119 2
      vertex -2.67388 117.352 2
    endloop
  endfacet
  facet normal 0 0 1
    outer loop
      vertex -3.63053 119.009 2
      vertex -2.67388 117.352 2
      vertex -3.5 119 2
    endloop
  endfacet
  facet normal 0 0 1
    outer loop
      vertex -2.67388 117.352 2
      vertex -3.63053 119.009 2
      vertex -2.71593 117.228 2
    endloop
  endfacet
  facet normal 0 0 1
    outer loop
      vertex -3.75882 119.034 2
      vertex -2.71593 117.228 2
      vertex -3.63053 119.009 2
    endloop
  endfacet
  facet normal 0 0 1
    outer loop
      vertex -2.13268 116.045 2
      vertex -3.25 114.371 2
      vertex -2.48744 113.995 2
    endloop
  endfacet
  facet normal 0 0 1
    outer loop
      vertex -5.62915 116.75 2
      vertex -2.71593 117.228 2
      vertex -3.75882 119.034 2
    endloop
  endfacet
  facet normal 0 0 1
    outer loop
      vertex -2.71593 117.228 2
      vertex -5.62915 116.75 2
      vertex -2.74144 117.099 2
    endloop
  endfacet
  facet normal 0 -0 1
    outer loop
      vertex -5.15678 116.043 2
      vertex -2.74144 117.099 2
      vertex -5.62915 116.75 2
    endloop
  endfacet
  facet normal 0 0 1
    outer loop
      vertex -2.74144 117.099 2
      vertex -5.15678 116.043 2
      vertex -2.75 116.969 2
    endloop
  endfacet
  facet normal 0 0 1
    outer loop
      vertex -5.62915 116.75 2
      vertex -3.75882 119.034 2
      vertex -3.88268 119.076 2
    endloop
  endfacet
  facet normal 0 0 1
    outer loop
      vertex -2.35876 116.176 2
      vertex -3.95694 114.843 2
      vertex -3.25 114.371 2
    endloop
  endfacet
  facet normal 0 0 1
    outer loop
      vertex -6.0052 117.513 2
      vertex -3.88268 119.076 2
      vertex -4 119.134 2
    endloop
  endfacet
  facet normal 0 0 1
    outer loop
      vertex -6.0052 117.513 2
      vertex -4 119.134 2
      vertex -4.10876 119.207 2
    endloop
  endfacet
  facet normal 0 0 1
    outer loop
      vertex -6.0052 117.513 2
      vertex -4.10876 119.207 2
      vertex -4.20711 119.293 2
    endloop
  endfacet
  facet normal 0 0 1
    outer loop
      vertex -6.2785 118.318 2
      vertex -4.20711 119.293 2
      vertex -4.29335 119.391 2
    endloop
  endfacet
  facet normal 0 0 1
    outer loop
      vertex -6.2785 118.318 2
      vertex -4.29335 119.391 2
      vertex -4.36602 119.5 2
    endloop
  endfacet
  facet normal 0 0 1
    outer loop
      vertex -6.44438 119.152 2
      vertex -4.36602 119.5 2
      vertex -4.42388 119.617 2
    endloop
  endfacet
  facet normal 0 0 1
    outer loop
      vertex -6.44438 119.152 2
      vertex -4.42388 119.617 2
      vertex -4.46593 119.741 2
    endloop
  endfacet
  facet normal 0 0 1
    outer loop
      vertex -6.44438 119.152 2
      vertex -4.46593 119.741 2
      vertex -4.49144 119.869 2
    endloop
  endfacet
  facet normal 0 0 1
    outer loop
      vertex -2.61602 116.469 2
      vertex -4.59619 115.404 2
      vertex -3.95694 114.843 2
    endloop
  endfacet
  facet normal -0 0 1
    outer loop
      vertex -6.5 120 2
      vertex -4.49144 119.869 2
      vertex -4.5 120 2
    endloop
  endfacet
  facet normal -0 0 1
    outer loop
      vertex -6.44438 120.848 2
      vertex -4.36602 120.5 2
      vertex -6.2785 121.682 2
    endloop
  endfacet
  facet normal 0 0 1
    outer loop
      vertex -4.36602 120.5 2
      vertex -6.44438 120.848 2
      vertex -4.42388 120.383 2
    endloop
  endfacet
  facet normal 0 0 1
    outer loop
      vertex -2.74144 116.838 2
      vertex -5.15678 116.043 2
      vertex -4.59619 115.404 2
    endloop
  endfacet
  facet normal 0 0 1
    outer loop
      vertex -4.42388 120.383 2
      vertex -6.44438 120.848 2
      vertex -4.46593 120.259 2
    endloop
  endfacet
  facet normal 0 0 1
    outer loop
      vertex -2.75 116.969 2
      vertex -5.15678 116.043 2
      vertex -2.74144 116.838 2
    endloop
  endfacet
  facet normal 0 0 1
    outer loop
      vertex -4.46593 120.259 2
      vertex -6.44438 120.848 2
      vertex -4.49144 120.131 2
    endloop
  endfacet
  facet normal 0 0 1
    outer loop
      vertex -3.88268 119.076 2
      vertex -6.0052 117.513 2
      vertex -5.62915 116.75 2
    endloop
  endfacet
  facet normal 0 0 1
    outer loop
      vertex -6.5 120 2
      vertex -4.49144 120.131 2
      vertex -6.44438 120.848 2
    endloop
  endfacet
  facet normal 0 0 1
    outer loop
      vertex -4.20711 119.293 2
      vertex -6.2785 118.318 2
      vertex -6.0052 117.513 2
    endloop
  endfacet
  facet normal 0 0 1
    outer loop
      vertex -4.49144 120.131 2
      vertex -6.5 120 2
      vertex -4.5 120 2
    endloop
  endfacet
  facet normal 0 0 1
    outer loop
      vertex -4.36602 119.5 2
      vertex -6.44438 119.152 2
      vertex -6.2785 118.318 2
    endloop
  endfacet
  facet normal 0 0 1
    outer loop
      vertex -4.49144 119.869 2
      vertex -6.5 120 2
      vertex -6.44438 119.152 2
    endloop
  endfacet
  facet normal 0 0 1
    outer loop
      vertex 3.36947 120.991 2
      vertex 2.54335 122.422 2
      vertex 3.24118 120.966 2
    endloop
  endfacet
  facet normal -0 0 1
    outer loop
      vertex 2.45711 122.324 2
      vertex 3.24118 120.966 2
      vertex 2.54335 122.422 2
    endloop
  endfacet
  facet normal 0 0 1
    outer loop
      vertex 3.24118 120.966 2
      vertex 2.45711 122.324 2
      vertex 3.11732 120.924 2
    endloop
  endfacet
  facet normal -0 0 1
    outer loop
      vertex 2.35876 122.238 2
      vertex 3.11732 120.924 2
      vertex 2.45711 122.324 2
    endloop
  endfacet
  facet normal 0 0 1
    outer loop
      vertex 3.11732 120.924 2
      vertex 2.35876 122.238 2
      vertex 3 120.866 2
    endloop
  endfacet
  facet normal -0 0 1
    outer loop
      vertex 2.25 122.165 2
      vertex 3 120.866 2
      vertex 2.35876 122.238 2
    endloop
  endfacet
  facet normal 0 0 1
    outer loop
      vertex 3 120.866 2
      vertex 2.25 122.165 2
      vertex 2.89124 120.793 2
    endloop
  endfacet
  facet normal -0 0 1
    outer loop
      vertex 2.13268 122.107 2
      vertex 2.89124 120.793 2
      vertex 2.25 122.165 2
    endloop
  endfacet
  facet normal 0 0 1
    outer loop
      vertex 2.89124 120.793 2
      vertex 2.13268 122.107 2
      vertex 2.79289 120.707 2
    endloop
  endfacet
  facet normal -0 0 1
    outer loop
      vertex 2.00882 122.065 2
      vertex 2.79289 120.707 2
      vertex 2.13268 122.107 2
    endloop
  endfacet
  facet normal 0 0 1
    outer loop
      vertex 2.79289 120.707 2
      vertex 2.00882 122.065 2
      vertex 2.70665 120.609 2
    endloop
  endfacet
  facet normal -0 0 1
    outer loop
      vertex 1.88053 122.04 2
      vertex 2.70665 120.609 2
      vertex 2.00882 122.065 2
    endloop
  endfacet
  facet normal 0 0 1
    outer loop
      vertex -19 96.5 5
      vertex -21 96.5 5
      vertex -19 93.5 5
    endloop
  endfacet
  facet normal -0 0 1
    outer loop
      vertex -19 93.5 5
      vertex -16 90.5 5
      vertex -16 93.5 5
    endloop
  endfacet
  facet normal 0 0 1
    outer loop
      vertex -19 93.5 5
      vertex -21 90.5 5
      vertex -16 90.5 5
    endloop
  endfacet
  facet normal 0 0 1
    outer loop
      vertex -21 90.5 5
      vertex -19 93.5 5
      vertex -21 96.5 5
    endloop
  endfacet
  facet normal 0 1 -0
    outer loop
      vertex -16 93.5 2
      vertex -19 93.5 5
      vertex -16 93.5 5
    endloop
  endfacet
  facet normal 0 1 0
    outer loop
      vertex -19 93.5 5
      vertex -16 93.5 2
      vertex -19 93.5 2
    endloop
  endfacet
  facet normal 1 -0 0
    outer loop
      vertex -19 93.5 5
      vertex -19 96.5 2
      vertex -19 96.5 5
    endloop
  endfacet
  facet normal 1 0 0
    outer loop
      vertex -19 96.5 2
      vertex -19 93.5 5
      vertex -19 93.5 2
    endloop
  endfacet
  facet normal 0 1 -0
    outer loop
      vertex -19 96.5 2
      vertex -21 96.5 5
      vertex -19 96.5 5
    endloop
  endfacet
  facet normal 0 1 0
    outer loop
      vertex -21 96.5 5
      vertex -19 96.5 2
      vertex -21 96.5 2
    endloop
  endfacet
  facet normal 0 -1 0
    outer loop
      vertex -21 90.5 2
      vertex -16 90.5 5
      vertex -21 90.5 5
    endloop
  endfacet
  facet normal 0 -1 -0
    outer loop
      vertex -16 90.5 5
      vertex -21 90.5 2
      vertex -16 90.5 2
    endloop
  endfacet
  facet normal 1 -0 0
    outer loop
      vertex -16 90.5 5
      vertex -16 93.5 2
      vertex -16 93.5 5
    endloop
  endfacet
  facet normal 1 0 0
    outer loop
      vertex -16 93.5 2
      vertex -16 90.5 5
      vertex -16 90.5 2
    endloop
  endfacet
  facet normal 0 0 1
    outer loop
      vertex -16 115.5 5
      vertex -19 112.5 5
      vertex -16 112.5 5
    endloop
  endfacet
  facet normal -0 0 1
    outer loop
      vertex -21 115.5 5
      vertex -19 112.5 5
      vertex -16 115.5 5
    endloop
  endfacet
  facet normal 0 0 1
    outer loop
      vertex -21 109.5 5
      vertex -19 112.5 5
      vertex -21 115.5 5
    endloop
  endfacet
  facet normal 0 0 1
    outer loop
      vertex -19 112.5 5
      vertex -21 109.5 5
      vertex -19 109.5 5
    endloop
  endfacet
  facet normal 0 -1 0
    outer loop
      vertex -19 112.5 2
      vertex -16 112.5 5
      vertex -19 112.5 5
    endloop
  endfacet
  facet normal 0 -1 -0
    outer loop
      vertex -16 112.5 5
      vertex -19 112.5 2
      vertex -16 112.5 2
    endloop
  endfacet
  facet normal 1 -0 0
    outer loop
      vertex -16 112.5 5
      vertex -16 115.5 2
      vertex -16 115.5 5
    endloop
  endfacet
  facet normal 1 0 0
    outer loop
      vertex -16 115.5 2
      vertex -16 112.5 5
      vertex -16 112.5 2
    endloop
  endfacet
  facet normal 0 1 -0
    outer loop
      vertex -16 115.5 2
      vertex -21 115.5 5
      vertex -16 115.5 5
    endloop
  endfacet
  facet normal 0 1 0
    outer loop
      vertex -21 115.5 5
      vertex -16 115.5 2
      vertex -21 115.5 2
    endloop
  endfacet
  facet normal 0 -1 0
    outer loop
      vertex -21 109.5 2
      vertex -19 109.5 5
      vertex -21 109.5 5
    endloop
  endfacet
  facet normal 0 -1 -0
    outer loop
      vertex -19 109.5 5
      vertex -21 109.5 2
      vertex -19 109.5 2
    endloop
  endfacet
  facet normal 1 -0 0
    outer loop
      vertex -19 109.5 5
      vertex -19 112.5 2
      vertex -19 112.5 5
    endloop
  endfacet
  facet normal 1 0 0
    outer loop
      vertex -19 112.5 2
      vertex -19 109.5 5
      vertex -19 109.5 2
    endloop
  endfacet
  facet normal 0 0 1
    outer loop
      vertex 19 93.5 5
      vertex 21 96.5 5
      vertex 19 96.5 5
    endloop
  endfacet
  facet normal 0 0 1
    outer loop
      vertex 21 96.5 5
      vertex 19 93.5 5
      vertex 21 90.5 5
    endloop
  endfacet
  facet normal 0 0 1
    outer loop
      vertex 16 90.5 5
      vertex 19 93.5 5
      vertex 16 93.5 5
    endloop
  endfacet
  facet normal 0 0 1
    outer loop
      vertex 19 93.5 5
      vertex 16 90.5 5
      vertex 21 90.5 5
    endloop
  endfacet
  facet normal 0 1 -0
    outer loop
      vertex 21 96.5 2
      vertex 19 96.5 5
      vertex 21 96.5 5
    endloop
  endfacet
  facet normal 0 1 0
    outer loop
      vertex 19 96.5 5
      vertex 21 96.5 2
      vertex 19 96.5 2
    endloop
  endfacet
  facet normal -1 0 0
    outer loop
      vertex 19 93.5 2
      vertex 19 96.5 5
      vertex 19 96.5 2
    endloop
  endfacet
  facet normal -1 -0 0
    outer loop
      vertex 19 96.5 5
      vertex 19 93.5 2
      vertex 19 93.5 5
    endloop
  endfacet
  facet normal 0 1 -0
    outer loop
      vertex 19 93.5 2
      vertex 16 93.5 5
      vertex 19 93.5 5
    endloop
  endfacet
  facet normal 0 1 0
    outer loop
      vertex 16 93.5 5
      vertex 19 93.5 2
      vertex 16 93.5 2
    endloop
  endfacet
  facet normal -1 0 0
    outer loop
      vertex 16 90.5 2
      vertex 16 93.5 5
      vertex 16 93.5 2
    endloop
  endfacet
  facet normal -1 -0 0
    outer loop
      vertex 16 93.5 5
      vertex 16 90.5 2
      vertex 16 90.5 5
    endloop
  endfacet
  facet normal 0 -1 0
    outer loop
      vertex 16 90.5 2
      vertex 21 90.5 5
      vertex 16 90.5 5
    endloop
  endfacet
  facet normal 0 -1 -0
    outer loop
      vertex 21 90.5 5
      vertex 16 90.5 2
      vertex 21 90.5 2
    endloop
  endfacet
  facet normal 0 0 1
    outer loop
      vertex 21 115.5 5
      vertex 19 112.5 5
      vertex 21 109.5 5
    endloop
  endfacet
  facet normal -0 0 1
    outer loop
      vertex 16 115.5 5
      vertex 19 112.5 5
      vertex 21 115.5 5
    endloop
  endfacet
  facet normal 0 0 1
    outer loop
      vertex 19 112.5 5
      vertex 16 115.5 5
      vertex 16 112.5 5
    endloop
  endfacet
  facet normal 0 0 1
    outer loop
      vertex 21 109.5 5
      vertex 19 112.5 5
      vertex 19 109.5 5
    endloop
  endfacet
  facet normal 0 1 -0
    outer loop
      vertex 21 115.5 2
      vertex 16 115.5 5
      vertex 21 115.5 5
    endloop
  endfacet
  facet normal 0 1 0
    outer loop
      vertex 16 115.5 5
      vertex 21 115.5 2
      vertex 16 115.5 2
    endloop
  endfacet
  facet normal -1 0 0
    outer loop
      vertex 16 112.5 2
      vertex 16 115.5 5
      vertex 16 115.5 2
    endloop
  endfacet
  facet normal -1 -0 0
    outer loop
      vertex 16 115.5 5
      vertex 16 112.5 2
      vertex 16 112.5 5
    endloop
  endfacet
  facet normal 0 -1 0
    outer loop
      vertex 16 112.5 2
      vertex 19 112.5 5
      vertex 16 112.5 5
    endloop
  endfacet
  facet normal 0 -1 -0
    outer loop
      vertex 19 112.5 5
      vertex 16 112.5 2
      vertex 19 112.5 2
    endloop
  endfacet
  facet normal -1 0 0
    outer loop
      vertex 19 109.5 2
      vertex 19 112.5 5
      vertex 19 112.5 2
    endloop
  endfacet
  facet normal -1 -0 0
    outer loop
      vertex 19 112.5 5
      vertex 19 109.5 2
      vertex 19 109.5 5
    endloop
  endfacet
  facet normal 0 -1 0
    outer loop
      vertex 19 109.5 2
      vertex 21 109.5 5
      vertex 19 109.5 5
    endloop
  endfacet
  facet normal 0 -1 -0
    outer loop
      vertex 21 109.5 5
      vertex 19 109.5 2
      vertex 21 109.5 2
    endloop
  endfacet
  facet normal 0.997861 0.0653646 0
    outer loop
      vertex -11 7 14.8
      vertex -11.0342 7.5221 2
      vertex -11.0342 7.5221 14.8
    endloop
  endfacet
  facet normal 0.997861 0.0653646 0
    outer loop
      vertex -11.0342 7.5221 2
      vertex -11 7 14.8
      vertex -11 7 2
    endloop
  endfacet
  facet normal -0.997861 0.0653646 0
    outer loop
      vertex -19 7 2
      vertex -18.9658 7.5221 14.8
      vertex -18.9658 7.5221 2
    endloop
  endfacet
  facet normal -0.997861 0.0653646 0
    outer loop
      vertex -18.9658 7.5221 14.8
      vertex -19 7 2
      vertex -19 7 14.8
    endloop
  endfacet
  facet normal 0.0653646 0.997861 -0
    outer loop
      vertex -14.4779 10.9658 2
      vertex -15 11 14.8
      vertex -14.4779 10.9658 14.8
    endloop
  endfacet
  facet normal 0.0653646 0.997861 0
    outer loop
      vertex -15 11 14.8
      vertex -14.4779 10.9658 2
      vertex -15 11 2
    endloop
  endfacet
  facet normal 0.0654027 -0.997859 0
    outer loop
      vertex -15 3 2
      vertex -14.4779 3.03422 14.8
      vertex -15 3 14.8
    endloop
  endfacet
  facet normal 0.0654027 -0.997859 0
    outer loop
      vertex -14.4779 3.03422 14.8
      vertex -15 3 2
      vertex -14.4779 3.03422 2
    endloop
  endfacet
  facet normal 0.751826 -0.659362 0
    outer loop
      vertex -12.1716 4.17157 14.8
      vertex -11.8266 4.56495 2
      vertex -11.8266 4.56495 14.8
    endloop
  endfacet
  facet normal 0.751826 -0.659362 0
    outer loop
      vertex -11.8266 4.56495 2
      vertex -12.1716 4.17157 14.8
      vertex -12.1716 4.17157 2
    endloop
  endfacet
  facet normal 0.659311 0.751871 -0
    outer loop
      vertex -12.1716 9.82843 2
      vertex -12.565 10.1734 14.8
      vertex -12.1716 9.82843 14.8
    endloop
  endfacet
  facet normal 0.659311 0.751871 0
    outer loop
      vertex -12.565 10.1734 14.8
      vertex -12.1716 9.82843 2
      vertex -12.565 10.1734 2
    endloop
  endfacet
  facet normal -0.659311 0.751871 0
    outer loop
      vertex -17.435 10.1734 2
      vertex -17.8284 9.82843 14.8
      vertex -17.435 10.1734 14.8
    endloop
  endfacet
  facet normal -0.659311 0.751871 0
    outer loop
      vertex -17.8284 9.82843 14.8
      vertex -17.435 10.1734 2
      vertex -17.8284 9.82843 2
    endloop
  endfacet
  facet normal -0.321498 0.94691 0
    outer loop
      vertex -16.0353 10.8637 2
      vertex -16.5307 10.6955 14.8
      vertex -16.0353 10.8637 14.8
    endloop
  endfacet
  facet normal -0.321498 0.94691 0
    outer loop
      vertex -16.5307 10.6955 14.8
      vertex -16.0353 10.8637 2
      vertex -16.5307 10.6955 2
    endloop
  endfacet
  facet normal 0.896887 0.44226 0
    outer loop
      vertex -11.3045 8.53073 14.8
      vertex -11.5359 9 2
      vertex -11.5359 9 14.8
    endloop
  endfacet
  facet normal 0.896887 0.44226 0
    outer loop
      vertex -11.5359 9 2
      vertex -11.3045 8.53073 14.8
      vertex -11.3045 8.53073 2
    endloop
  endfacet
  facet normal 0.831462 0.555582 0
    outer loop
      vertex -11.5359 9 14.8
      vertex -11.8266 9.43505 2
      vertex -11.8266 9.43505 14.8
    endloop
  endfacet
  facet normal 0.831462 0.555582 0
    outer loop
      vertex -11.8266 9.43505 2
      vertex -11.5359 9 14.8
      vertex -11.5359 9 2
    endloop
  endfacet
  facet normal 0.321498 0.94691 -0
    outer loop
      vertex -13.4693 10.6955 2
      vertex -13.9647 10.8637 14.8
      vertex -13.4693 10.6955 14.8
    endloop
  endfacet
  facet normal 0.321498 0.94691 0
    outer loop
      vertex -13.9647 10.8637 14.8
      vertex -13.4693 10.6955 2
      vertex -13.9647 10.8637 2
    endloop
  endfacet
  facet normal 0.195124 0.980779 -0
    outer loop
      vertex -13.9647 10.8637 2
      vertex -14.4779 10.9658 14.8
      vertex -13.9647 10.8637 14.8
    endloop
  endfacet
  facet normal 0.195124 0.980779 0
    outer loop
      vertex -14.4779 10.9658 14.8
      vertex -13.9647 10.8637 2
      vertex -14.4779 10.9658 2
    endloop
  endfacet
  facet normal 0.442238 0.896898 -0
    outer loop
      vertex -13 10.4641 2
      vertex -13.4693 10.6955 14.8
      vertex -13 10.4641 14.8
    endloop
  endfacet
  facet normal 0.442238 0.896898 0
    outer loop
      vertex -13.4693 10.6955 14.8
      vertex -13 10.4641 2
      vertex -13.4693 10.6955 2
    endloop
  endfacet
  facet normal -0.831462 0.555582 0
    outer loop
      vertex -18.4641 9 2
      vertex -18.1734 9.43505 14.8
      vertex -18.1734 9.43505 2
    endloop
  endfacet
  facet normal -0.831462 0.555582 0
    outer loop
      vertex -18.1734 9.43505 14.8
      vertex -18.4641 9 2
      vertex -18.4641 9 14.8
    endloop
  endfacet
  facet normal -0.751826 0.659362 0
    outer loop
      vertex -18.1734 9.43505 2
      vertex -17.8284 9.82843 14.8
      vertex -17.8284 9.82843 2
    endloop
  endfacet
  facet normal -0.751826 0.659362 0
    outer loop
      vertex -17.8284 9.82843 14.8
      vertex -18.1734 9.43505 2
      vertex -18.1734 9.43505 14.8
    endloop
  endfacet
  facet normal 0 0 1
    outer loop
      vertex -13.3 7 14.8
      vertex -11 7 14.8
      vertex -11.0342 7.5221 14.8
    endloop
  endfacet
  facet normal 0 0 1
    outer loop
      vertex -13.3145 7.22189 14.8
      vertex -11.0342 7.5221 14.8
      vertex -11.1363 8.03528 14.8
    endloop
  endfacet
  facet normal 0 0 1
    outer loop
      vertex -11 7 14.8
      vertex -13.3 7 14.8
      vertex -11.0342 6.47789 14.8
    endloop
  endfacet
  facet normal 0 0 1
    outer loop
      vertex -13.3579 7.43999 14.8
      vertex -11.1363 8.03528 14.8
      vertex -11.3045 8.53073 14.8
    endloop
  endfacet
  facet normal -0 0 1
    outer loop
      vertex -13.3145 6.77811 14.8
      vertex -11.0342 6.47789 14.8
      vertex -13.3 7 14.8
    endloop
  endfacet
  facet normal 0 0 1
    outer loop
      vertex -13.4294 7.65056 14.8
      vertex -11.3045 8.53073 14.8
      vertex -11.5359 9 14.8
    endloop
  endfacet
  facet normal 0 0 1
    outer loop
      vertex -11.0342 6.47789 14.8
      vertex -13.3145 6.77811 14.8
      vertex -11.1363 5.96472 14.8
    endloop
  endfacet
  facet normal 0 0 1
    outer loop
      vertex -13.5278 7.85 14.8
      vertex -11.5359 9 14.8
      vertex -11.8266 9.43505 14.8
    endloop
  endfacet
  facet normal -0 0 1
    outer loop
      vertex -13.3579 6.56001 14.8
      vertex -11.1363 5.96472 14.8
      vertex -13.3145 6.77811 14.8
    endloop
  endfacet
  facet normal 0 0 1
    outer loop
      vertex -13.6513 8.03489 14.8
      vertex -11.8266 9.43505 14.8
      vertex -12.1716 9.82843 14.8
    endloop
  endfacet
  facet normal 0 0 1
    outer loop
      vertex -11.1363 5.96472 14.8
      vertex -13.3579 6.56001 14.8
      vertex -11.3045 5.46927 14.8
    endloop
  endfacet
  facet normal 0 0 1
    outer loop
      vertex -13.7979 8.20208 14.8
      vertex -12.1716 9.82843 14.8
      vertex -12.565 10.1734 14.8
    endloop
  endfacet
  facet normal -0 0 1
    outer loop
      vertex -13.4294 6.34944 14.8
      vertex -11.3045 5.46927 14.8
      vertex -13.3579 6.56001 14.8
    endloop
  endfacet
  facet normal 0 0 1
    outer loop
      vertex -13.9651 8.3487 14.8
      vertex -12.565 10.1734 14.8
      vertex -13 10.4641 14.8
    endloop
  endfacet
  facet normal 0 0 1
    outer loop
      vertex -11.3045 5.46927 14.8
      vertex -13.4294 6.34944 14.8
      vertex -11.5359 5 14.8
    endloop
  endfacet
  facet normal -0 0 1
    outer loop
      vertex -13.5278 6.15 14.8
      vertex -11.5359 5 14.8
      vertex -13.4294 6.34944 14.8
    endloop
  endfacet
  facet normal 0 0 1
    outer loop
      vertex -11.0342 7.5221 14.8
      vertex -13.3145 7.22189 14.8
      vertex -13.3 7 14.8
    endloop
  endfacet
  facet normal 0 0 1
    outer loop
      vertex -11.1363 8.03528 14.8
      vertex -13.3579 7.43999 14.8
      vertex -13.3145 7.22189 14.8
    endloop
  endfacet
  facet normal 0 0 1
    outer loop
      vertex -11.3045 8.53073 14.8
      vertex -13.4294 7.65056 14.8
      vertex -13.3579 7.43999 14.8
    endloop
  endfacet
  facet normal 0 0 1
    outer loop
      vertex -14.15 8.47224 14.8
      vertex -13 10.4641 14.8
      vertex -13.4693 10.6955 14.8
    endloop
  endfacet
  facet normal 0 0 1
    outer loop
      vertex -11.5359 9 14.8
      vertex -13.5278 7.85 14.8
      vertex -13.4294 7.65056 14.8
    endloop
  endfacet
  facet normal 0 0 1
    outer loop
      vertex -11.8266 9.43505 14.8
      vertex -13.6513 8.03489 14.8
      vertex -13.5278 7.85 14.8
    endloop
  endfacet
  facet normal 0 0 1
    outer loop
      vertex -12.1716 9.82843 14.8
      vertex -13.7979 8.20208 14.8
      vertex -13.6513 8.03489 14.8
    endloop
  endfacet
  facet normal 0 0 1
    outer loop
      vertex -14.3494 8.57059 14.8
      vertex -13.4693 10.6955 14.8
      vertex -13.9647 10.8637 14.8
    endloop
  endfacet
  facet normal 0 0 1
    outer loop
      vertex -12.565 10.1734 14.8
      vertex -13.9651 8.3487 14.8
      vertex -13.7979 8.20208 14.8
    endloop
  endfacet
  facet normal 0 0 1
    outer loop
      vertex -13 10.4641 14.8
      vertex -14.15 8.47224 14.8
      vertex -13.9651 8.3487 14.8
    endloop
  endfacet
  facet normal 0 0 1
    outer loop
      vertex -13.4693 10.6955 14.8
      vertex -14.3494 8.57059 14.8
      vertex -14.15 8.47224 14.8
    endloop
  endfacet
  facet normal 0 0 1
    outer loop
      vertex -14.56 8.64207 14.8
      vertex -13.9647 10.8637 14.8
      vertex -14.4779 10.9658 14.8
    endloop
  endfacet
  facet normal 0 0 1
    outer loop
      vertex -13.9647 10.8637 14.8
      vertex -14.56 8.64207 14.8
      vertex -14.3494 8.57059 14.8
    endloop
  endfacet
  facet normal 0 0 1
    outer loop
      vertex -14.4779 10.9658 14.8
      vertex -14.7781 8.68546 14.8
      vertex -14.56 8.64207 14.8
    endloop
  endfacet
  facet normal 0 0 1
    outer loop
      vertex -15 11 14.8
      vertex -14.7781 8.68546 14.8
      vertex -14.4779 10.9658 14.8
    endloop
  endfacet
  facet normal 0 0 1
    outer loop
      vertex -15 11 14.8
      vertex -15 8.7 14.8
      vertex -14.7781 8.68546 14.8
    endloop
  endfacet
  facet normal 0 0 1
    outer loop
      vertex -15 11 14.8
      vertex -15.2219 8.68546 14.8
      vertex -15 8.7 14.8
    endloop
  endfacet
  facet normal -0 0 1
    outer loop
      vertex -15.5221 10.9658 14.8
      vertex -15.2219 8.68546 14.8
      vertex -15 11 14.8
    endloop
  endfacet
  facet normal 0 0 1
    outer loop
      vertex -15.2219 8.68546 14.8
      vertex -15.5221 10.9658 14.8
      vertex -15.44 8.64207 14.8
    endloop
  endfacet
  facet normal -0 0 1
    outer loop
      vertex -16.0353 10.8637 14.8
      vertex -15.44 8.64207 14.8
      vertex -15.5221 10.9658 14.8
    endloop
  endfacet
  facet normal 0 0 1
    outer loop
      vertex -15.44 8.64207 14.8
      vertex -16.0353 10.8637 14.8
      vertex -15.6506 8.57059 14.8
    endloop
  endfacet
  facet normal -0 0 1
    outer loop
      vertex -16.5307 10.6955 14.8
      vertex -15.6506 8.57059 14.8
      vertex -16.0353 10.8637 14.8
    endloop
  endfacet
  facet normal 0 0 1
    outer loop
      vertex -15.6506 8.57059 14.8
      vertex -16.5307 10.6955 14.8
      vertex -15.85 8.47224 14.8
    endloop
  endfacet
  facet normal -0 0 1
    outer loop
      vertex -17 10.4641 14.8
      vertex -15.85 8.47224 14.8
      vertex -16.5307 10.6955 14.8
    endloop
  endfacet
  facet normal 0 0 1
    outer loop
      vertex -15.85 8.47224 14.8
      vertex -17 10.4641 14.8
      vertex -16.0349 8.3487 14.8
    endloop
  endfacet
  facet normal -0 0 1
    outer loop
      vertex -17.435 10.1734 14.8
      vertex -16.0349 8.3487 14.8
      vertex -17 10.4641 14.8
    endloop
  endfacet
  facet normal 0 0 1
    outer loop
      vertex -16.0349 8.3487 14.8
      vertex -17.435 10.1734 14.8
      vertex -16.2021 8.20208 14.8
    endloop
  endfacet
  facet normal -0 0 1
    outer loop
      vertex -17.8284 9.82843 14.8
      vertex -16.2021 8.20208 14.8
      vertex -17.435 10.1734 14.8
    endloop
  endfacet
  facet normal 0 0 1
    outer loop
      vertex -16.2021 8.20208 14.8
      vertex -17.8284 9.82843 14.8
      vertex -16.3487 8.03489 14.8
    endloop
  endfacet
  facet normal -0 0 1
    outer loop
      vertex -18.1734 9.43505 14.8
      vertex -16.3487 8.03489 14.8
      vertex -17.8284 9.82843 14.8
    endloop
  endfacet
  facet normal 0 0 1
    outer loop
      vertex -16.3487 8.03489 14.8
      vertex -18.1734 9.43505 14.8
      vertex -16.4722 7.85 14.8
    endloop
  endfacet
  facet normal -0 0 1
    outer loop
      vertex -18.4641 9 14.8
      vertex -16.4722 7.85 14.8
      vertex -18.1734 9.43505 14.8
    endloop
  endfacet
  facet normal 0 0 1
    outer loop
      vertex -11.5359 5 14.8
      vertex -13.5278 6.15 14.8
      vertex -11.8266 4.56495 14.8
    endloop
  endfacet
  facet normal -0 0 1
    outer loop
      vertex -13.6513 5.96511 14.8
      vertex -11.8266 4.56495 14.8
      vertex -13.5278 6.15 14.8
    endloop
  endfacet
  facet normal 0 0 1
    outer loop
      vertex -11.8266 4.56495 14.8
      vertex -13.6513 5.96511 14.8
      vertex -12.1716 4.17157 14.8
    endloop
  endfacet
  facet normal -0 0 1
    outer loop
      vertex -13.7979 5.79792 14.8
      vertex -12.1716 4.17157 14.8
      vertex -13.6513 5.96511 14.8
    endloop
  endfacet
  facet normal 0 0 1
    outer loop
      vertex -12.1716 4.17157 14.8
      vertex -13.7979 5.79792 14.8
      vertex -12.565 3.82659 14.8
    endloop
  endfacet
  facet normal -0 0 1
    outer loop
      vertex -13.9651 5.6513 14.8
      vertex -12.565 3.82659 14.8
      vertex -13.7979 5.79792 14.8
    endloop
  endfacet
  facet normal 0 0 1
    outer loop
      vertex -12.565 3.82659 14.8
      vertex -13.9651 5.6513 14.8
      vertex -13 3.5359 14.8
    endloop
  endfacet
  facet normal -0 0 1
    outer loop
      vertex -14.15 5.52776 14.8
      vertex -13 3.5359 14.8
      vertex -13.9651 5.6513 14.8
    endloop
  endfacet
  facet normal 0 0 1
    outer loop
      vertex -13 3.5359 14.8
      vertex -14.15 5.52776 14.8
      vertex -13.4693 3.30448 14.8
    endloop
  endfacet
  facet normal -0 0 1
    outer loop
      vertex -14.3494 5.42941 14.8
      vertex -13.4693 3.30448 14.8
      vertex -14.15 5.52776 14.8
    endloop
  endfacet
  facet normal 0 0 1
    outer loop
      vertex -13.4693 3.30448 14.8
      vertex -14.3494 5.42941 14.8
      vertex -13.9647 3.1363 14.8
    endloop
  endfacet
  facet normal -0 0 1
    outer loop
      vertex -14.56 5.35793 14.8
      vertex -13.9647 3.1363 14.8
      vertex -14.3494 5.42941 14.8
    endloop
  endfacet
  facet normal 0 0 1
    outer loop
      vertex -13.9647 3.1363 14.8
      vertex -14.56 5.35793 14.8
      vertex -14.4779 3.03422 14.8
    endloop
  endfacet
  facet normal -0 0 1
    outer loop
      vertex -14.7781 5.31454 14.8
      vertex -14.4779 3.03422 14.8
      vertex -14.56 5.35793 14.8
    endloop
  endfacet
  facet normal -0 0 1
    outer loop
      vertex -15 5.3 14.8
      vertex -14.4779 3.03422 14.8
      vertex -14.7781 5.31454 14.8
    endloop
  endfacet
  facet normal 0 0 1
    outer loop
      vertex -15 5.3 14.8
      vertex -15 3 14.8
      vertex -14.4779 3.03422 14.8
    endloop
  endfacet
  facet normal 0 0 1
    outer loop
      vertex -15.2219 5.31454 14.8
      vertex -15 3 14.8
      vertex -15 5.3 14.8
    endloop
  endfacet
  facet normal 0 0 1
    outer loop
      vertex -15.5221 3.03422 14.8
      vertex -15.2219 5.31454 14.8
      vertex -15.44 5.35793 14.8
    endloop
  endfacet
  facet normal 0 0 1
    outer loop
      vertex -15.2219 5.31454 14.8
      vertex -15.5221 3.03422 14.8
      vertex -15 3 14.8
    endloop
  endfacet
  facet normal 0 0 1
    outer loop
      vertex -16.0353 3.1363 14.8
      vertex -15.44 5.35793 14.8
      vertex -15.6506 5.42941 14.8
    endloop
  endfacet
  facet normal 0 0 1
    outer loop
      vertex -16.5307 3.30448 14.8
      vertex -15.6506 5.42941 14.8
      vertex -15.85 5.52776 14.8
    endloop
  endfacet
  facet normal 0 0 1
    outer loop
      vertex -17 3.5359 14.8
      vertex -15.85 5.52776 14.8
      vertex -16.0349 5.6513 14.8
    endloop
  endfacet
  facet normal 0 0 1
    outer loop
      vertex -15.44 5.35793 14.8
      vertex -16.0353 3.1363 14.8
      vertex -15.5221 3.03422 14.8
    endloop
  endfacet
  facet normal 0 0 1
    outer loop
      vertex -17.435 3.82659 14.8
      vertex -16.0349 5.6513 14.8
      vertex -16.2021 5.79792 14.8
    endloop
  endfacet
  facet normal 0 0 1
    outer loop
      vertex -17.8284 4.17157 14.8
      vertex -16.2021 5.79792 14.8
      vertex -16.3487 5.96511 14.8
    endloop
  endfacet
  facet normal 0 0 1
    outer loop
      vertex -18.1734 4.56495 14.8
      vertex -16.3487 5.96511 14.8
      vertex -16.4722 6.15 14.8
    endloop
  endfacet
  facet normal 0 0 1
    outer loop
      vertex -15.6506 5.42941 14.8
      vertex -16.5307 3.30448 14.8
      vertex -16.0353 3.1363 14.8
    endloop
  endfacet
  facet normal 0 0 1
    outer loop
      vertex -18.4641 5 14.8
      vertex -16.4722 6.15 14.8
      vertex -16.5706 6.34944 14.8
    endloop
  endfacet
  facet normal 0 0 1
    outer loop
      vertex -18.6955 5.46927 14.8
      vertex -16.5706 6.34944 14.8
      vertex -16.6421 6.56001 14.8
    endloop
  endfacet
  facet normal 0 0 1
    outer loop
      vertex -18.8637 5.96472 14.8
      vertex -16.6421 6.56001 14.8
      vertex -16.6855 6.77811 14.8
    endloop
  endfacet
  facet normal 0 0 1
    outer loop
      vertex -18.9658 6.47789 14.8
      vertex -16.6855 6.77811 14.8
      vertex -16.7 7 14.8
    endloop
  endfacet
  facet normal 0 0 1
    outer loop
      vertex -16.4722 7.85 14.8
      vertex -18.4641 9 14.8
      vertex -16.5706 7.65056 14.8
    endloop
  endfacet
  facet normal 0 0 1
    outer loop
      vertex -15.85 5.52776 14.8
      vertex -17 3.5359 14.8
      vertex -16.5307 3.30448 14.8
    endloop
  endfacet
  facet normal -0 0 1
    outer loop
      vertex -18.6955 8.53073 14.8
      vertex -16.5706 7.65056 14.8
      vertex -18.4641 9 14.8
    endloop
  endfacet
  facet normal 0 0 1
    outer loop
      vertex -16.0349 5.6513 14.8
      vertex -17.435 3.82659 14.8
      vertex -17 3.5359 14.8
    endloop
  endfacet
  facet normal 0 0 1
    outer loop
      vertex -16.5706 7.65056 14.8
      vertex -18.6955 8.53073 14.8
      vertex -16.6421 7.43999 14.8
    endloop
  endfacet
  facet normal 0 0 1
    outer loop
      vertex -16.2021 5.79792 14.8
      vertex -17.8284 4.17157 14.8
      vertex -17.435 3.82659 14.8
    endloop
  endfacet
  facet normal -0 0 1
    outer loop
      vertex -18.8637 8.03528 14.8
      vertex -16.6421 7.43999 14.8
      vertex -18.6955 8.53073 14.8
    endloop
  endfacet
  facet normal 0 0 1
    outer loop
      vertex -16.3487 5.96511 14.8
      vertex -18.1734 4.56495 14.8
      vertex -17.8284 4.17157 14.8
    endloop
  endfacet
  facet normal 0 0 1
    outer loop
      vertex -16.6421 7.43999 14.8
      vertex -18.8637 8.03528 14.8
      vertex -16.6855 7.22189 14.8
    endloop
  endfacet
  facet normal 0 0 1
    outer loop
      vertex -16.4722 6.15 14.8
      vertex -18.4641 5 14.8
      vertex -18.1734 4.56495 14.8
    endloop
  endfacet
  facet normal -0 0 1
    outer loop
      vertex -18.9658 7.5221 14.8
      vertex -16.6855 7.22189 14.8
      vertex -18.8637 8.03528 14.8
    endloop
  endfacet
  facet normal 0 0 1
    outer loop
      vertex -16.5706 6.34944 14.8
      vertex -18.6955 5.46927 14.8
      vertex -18.4641 5 14.8
    endloop
  endfacet
  facet normal 0 0 1
    outer loop
      vertex -16.6855 7.22189 14.8
      vertex -18.9658 7.5221 14.8
      vertex -16.7 7 14.8
    endloop
  endfacet
  facet normal 0 0 1
    outer loop
      vertex -16.6421 6.56001 14.8
      vertex -18.8637 5.96472 14.8
      vertex -18.6955 5.46927 14.8
    endloop
  endfacet
  facet normal 0 0 1
    outer loop
      vertex -19 7 14.8
      vertex -16.7 7 14.8
      vertex -18.9658 7.5221 14.8
    endloop
  endfacet
  facet normal 0 0 1
    outer loop
      vertex -16.6855 6.77811 14.8
      vertex -18.9658 6.47789 14.8
      vertex -18.8637 5.96472 14.8
    endloop
  endfacet
  facet normal 0 0 1
    outer loop
      vertex -16.7 7 14.8
      vertex -19 7 14.8
      vertex -18.9658 6.47789 14.8
    endloop
  endfacet
  facet normal -0.555626 0.831432 0
    outer loop
      vertex -17 10.4641 2
      vertex -17.435 10.1734 14.8
      vertex -17 10.4641 14.8
    endloop
  endfacet
  facet normal -0.555626 0.831432 0
    outer loop
      vertex -17.435 10.1734 14.8
      vertex -17 10.4641 2
      vertex -17.435 10.1734 2
    endloop
  endfacet
  facet normal -0.0653646 0.997861 0
    outer loop
      vertex -15 11 2
      vertex -15.5221 10.9658 14.8
      vertex -15 11 14.8
    endloop
  endfacet
  facet normal -0.0653646 0.997861 0
    outer loop
      vertex -15.5221 10.9658 14.8
      vertex -15 11 2
      vertex -15.5221 10.9658 2
    endloop
  endfacet
  facet normal 0 0 -1
    outer loop
      vertex 13.7563 10.0026 0
      vertex -13.7563 10.0026 0
      vertex 14.1588 10.1393 0
    endloop
  endfacet
  facet normal 0 0 -1
    outer loop
      vertex -2.45711 116.262 0
      vertex -11.7778 123.576 0
      vertex -11.75 124 0
    endloop
  endfacet
  facet normal 0 0 -1
    outer loop
      vertex -14.1588 10.1393 0
      vertex 14.1588 10.1393 0
      vertex -13.7563 10.0026 0
    endloop
  endfacet
  facet normal 0 0 -1
    outer loop
      vertex -2.45711 116.262 0
      vertex -11.8607 123.159 0
      vertex -11.7778 123.576 0
    endloop
  endfacet
  facet normal 0 0 -1
    outer loop
      vertex 14.1588 10.1393 0
      vertex -14.1588 10.1393 0
      vertex -1.75 115.969 0
    endloop
  endfacet
  facet normal 0 0 -1
    outer loop
      vertex -2.45711 116.262 0
      vertex -11.9974 122.756 0
      vertex -11.8607 123.159 0
    endloop
  endfacet
  facet normal 0 0 -1
    outer loop
      vertex -14.5758 10.2222 0
      vertex -1.75 115.969 0
      vertex -14.1588 10.1393 0
    endloop
  endfacet
  facet normal 0 0 -1
    outer loop
      vertex -2.45711 116.262 0
      vertex -12.1854 122.375 0
      vertex -11.9974 122.756 0
    endloop
  endfacet
  facet normal -0 0 -1
    outer loop
      vertex -1.75 115.969 0
      vertex -14.5758 10.2222 0
      vertex -1.88053 115.977 0
    endloop
  endfacet
  facet normal 0 0 -1
    outer loop
      vertex -2.45711 116.262 0
      vertex -12.4216 122.022 0
      vertex -12.1854 122.375 0
    endloop
  endfacet
  facet normal 0 0 -1
    outer loop
      vertex -15 10.25 0
      vertex -1.88053 115.977 0
      vertex -14.5758 10.2222 0
    endloop
  endfacet
  facet normal 0 0 -1
    outer loop
      vertex -2.45711 116.262 0
      vertex -12.7019 121.702 0
      vertex -12.4216 122.022 0
    endloop
  endfacet
  facet normal -0 0 -1
    outer loop
      vertex -1.88053 115.977 0
      vertex -15 10.25 0
      vertex -2.00882 116.003 0
    endloop
  endfacet
  facet normal 0 0 -1
    outer loop
      vertex -2.45711 116.262 0
      vertex -13.0215 121.422 0
      vertex -12.7019 121.702 0
    endloop
  endfacet
  facet normal 0 0 -1
    outer loop
      vertex -15.4242 10.2222 0
      vertex -2.00882 116.003 0
      vertex -15 10.25 0
    endloop
  endfacet
  facet normal 0 0 -1
    outer loop
      vertex -2.45711 116.262 0
      vertex -13.375 121.185 0
      vertex -13.0215 121.422 0
    endloop
  endfacet
  facet normal -0 0 -1
    outer loop
      vertex -2.00882 116.003 0
      vertex -15.4242 10.2222 0
      vertex -2.13268 116.045 0
    endloop
  endfacet
  facet normal 0 0 -1
    outer loop
      vertex -2.45711 116.262 0
      vertex -13.7563 120.997 0
      vertex -13.375 121.185 0
    endloop
  endfacet
  facet normal -0 0 -1
    outer loop
      vertex -2.13268 116.045 0
      vertex -15.4242 10.2222 0
      vertex -2.25 116.103 0
    endloop
  endfacet
  facet normal 0 0 -1
    outer loop
      vertex -2.45711 116.262 0
      vertex -14.1588 120.861 0
      vertex -13.7563 120.997 0
    endloop
  endfacet
  facet normal 0 0 -1
    outer loop
      vertex -15.8412 10.1393 0
      vertex -2.25 116.103 0
      vertex -15.4242 10.2222 0
    endloop
  endfacet
  facet normal 0 0 -1
    outer loop
      vertex -2.45711 116.262 0
      vertex -14.5758 120.778 0
      vertex -14.1588 120.861 0
    endloop
  endfacet
  facet normal 0 0 -1
    outer loop
      vertex -15.8412 120.861 0
      vertex -2.25 116.103 0
      vertex -15.8412 10.1393 0
    endloop
  endfacet
  facet normal 0 0 -1
    outer loop
      vertex -2.45711 116.262 0
      vertex -15 120.75 0
      vertex -14.5758 120.778 0
    endloop
  endfacet
  facet normal -0 -0 -1
    outer loop
      vertex -15.4242 120.778 0
      vertex -2.25 116.103 0
      vertex -15.8412 120.861 0
    endloop
  endfacet
  facet normal 0 0 -1
    outer loop
      vertex -2.35876 116.176 0
      vertex -15 120.75 0
      vertex -2.45711 116.262 0
    endloop
  endfacet
  facet normal 0 0 -1
    outer loop
      vertex -2.25 116.103 0
      vertex -15.4242 120.778 0
      vertex -2.35876 116.176 0
    endloop
  endfacet
  facet normal -0 -0 -1
    outer loop
      vertex -15 120.75 0
      vertex -2.35876 116.176 0
      vertex -15.4242 120.778 0
    endloop
  endfacet
  facet normal 0 0 -1
    outer loop
      vertex -16.2437 10.0026 0
      vertex -15.8412 120.861 0
      vertex -15.8412 10.1393 0
    endloop
  endfacet
  facet normal 0 0 -1
    outer loop
      vertex -16.2437 10.0026 0
      vertex -16.2437 120.997 0
      vertex -15.8412 120.861 0
    endloop
  endfacet
  facet normal 0 0 -1
    outer loop
      vertex -16.625 9.81458 0
      vertex -16.2437 120.997 0
      vertex -16.2437 10.0026 0
    endloop
  endfacet
  facet normal 0 0 -1
    outer loop
      vertex -16.625 9.81458 0
      vertex -16.625 121.185 0
      vertex -16.2437 120.997 0
    endloop
  endfacet
  facet normal 0 0 -1
    outer loop
      vertex -16.9785 9.5784 0
      vertex -16.625 121.185 0
      vertex -16.625 9.81458 0
    endloop
  endfacet
  facet normal 0 0 -1
    outer loop
      vertex -16.9785 9.5784 0
      vertex -16.9785 121.422 0
      vertex -16.625 121.185 0
    endloop
  endfacet
  facet normal 0 0 -1
    outer loop
      vertex -23 5 0
      vertex -16.9785 9.5784 0
      vertex -17.2981 9.2981 0
    endloop
  endfacet
  facet normal 0 0 -1
    outer loop
      vertex -16.9785 9.5784 0
      vertex -23 125 0
      vertex -16.9785 121.422 0
    endloop
  endfacet
  facet normal 0 0 -1
    outer loop
      vertex -23 5 0
      vertex -17.2981 9.2981 0
      vertex -17.5784 8.97847 0
    endloop
  endfacet
  facet normal 0 0 -1
    outer loop
      vertex -16.9785 121.422 0
      vertex -23 125 0
      vertex -17.2981 121.702 0
    endloop
  endfacet
  facet normal 0 0 -1
    outer loop
      vertex -23 5 0
      vertex -17.5784 8.97847 0
      vertex -17.8146 8.625 0
    endloop
  endfacet
  facet normal 0 0 -1
    outer loop
      vertex -17.2981 121.702 0
      vertex -23 125 0
      vertex -17.5784 122.022 0
    endloop
  endfacet
  facet normal 0 0 -1
    outer loop
      vertex -23 5 0
      vertex -17.8146 8.625 0
      vertex -18.0026 8.24372 0
    endloop
  endfacet
  facet normal 0 0 -1
    outer loop
      vertex -17.5784 122.022 0
      vertex -23 125 0
      vertex -17.8146 122.375 0
    endloop
  endfacet
  facet normal 0 0 -1
    outer loop
      vertex -23 5 0
      vertex -18.0026 8.24372 0
      vertex -18.1393 7.84116 0
    endloop
  endfacet
  facet normal 0 0 -1
    outer loop
      vertex -17.8146 122.375 0
      vertex -23 125 0
      vertex -18.0026 122.756 0
    endloop
  endfacet
  facet normal 0 0 -1
    outer loop
      vertex -23 5 0
      vertex -18.1393 7.84116 0
      vertex -18.2222 7.42421 0
    endloop
  endfacet
  facet normal 0 0 -1
    outer loop
      vertex -18.0026 122.756 0
      vertex -23 125 0
      vertex -18.1393 123.159 0
    endloop
  endfacet
  facet normal 0 0 -1
    outer loop
      vertex -23 5 0
      vertex -18.2222 7.42421 0
      vertex -18.25 7 0
    endloop
  endfacet
  facet normal 0 0 -1
    outer loop
      vertex -18.1393 123.159 0
      vertex -23 125 0
      vertex -18.2222 123.576 0
    endloop
  endfacet
  facet normal 0 0 -1
    outer loop
      vertex -2.13268 123.955 0
      vertex -11.6955 149.531 0
      vertex -8 152 0
    endloop
  endfacet
  facet normal 0 0 -1
    outer loop
      vertex -2.45711 123.738 0
      vertex -12.1854 125.625 0
      vertex -2.35876 123.824 0
    endloop
  endfacet
  facet normal 0 0 -1
    outer loop
      vertex -2.35876 123.824 0
      vertex -12.1854 125.625 0
      vertex -2.25 123.897 0
    endloop
  endfacet
  facet normal 0 0 -1
    outer loop
      vertex -12.4216 125.978 0
      vertex -2.25 123.897 0
      vertex -12.1854 125.625 0
    endloop
  endfacet
  facet normal 0 0 -1
    outer loop
      vertex -2.25 123.897 0
      vertex -12.4216 125.978 0
      vertex -2.13268 123.955 0
    endloop
  endfacet
  facet normal 0 0 -1
    outer loop
      vertex -12.7019 126.298 0
      vertex -2.13268 123.955 0
      vertex -12.4216 125.978 0
    endloop
  endfacet
  facet normal 0 0 -1
    outer loop
      vertex -13.0215 126.578 0
      vertex -2.13268 123.955 0
      vertex -12.7019 126.298 0
    endloop
  endfacet
  facet normal 0 0 -1
    outer loop
      vertex -2.13268 123.955 0
      vertex -13.0215 126.578 0
      vertex -11.6955 149.531 0
    endloop
  endfacet
  facet normal 0 0 -1
    outer loop
      vertex -13.375 126.815 0
      vertex -11.6955 149.531 0
      vertex -13.0215 126.578 0
    endloop
  endfacet
  facet normal 0 0 -1
    outer loop
      vertex -13.7563 127.003 0
      vertex -11.6955 149.531 0
      vertex -13.375 126.815 0
    endloop
  endfacet
  facet normal 0 0 -1
    outer loop
      vertex -14.1588 127.139 0
      vertex -11.6955 149.531 0
      vertex -13.7563 127.003 0
    endloop
  endfacet
  facet normal 0 0 -1
    outer loop
      vertex -14.5758 127.222 0
      vertex -11.6955 149.531 0
      vertex -14.1588 127.139 0
    endloop
  endfacet
  facet normal 0 0 -1
    outer loop
      vertex -15 127.25 0
      vertex -11.6955 149.531 0
      vertex -14.5758 127.222 0
    endloop
  endfacet
  facet normal 0 0 -1
    outer loop
      vertex -15.4242 127.222 0
      vertex -11.6955 149.531 0
      vertex -15 127.25 0
    endloop
  endfacet
  facet normal 0 0 -1
    outer loop
      vertex -15.8412 127.139 0
      vertex -11.6955 149.531 0
      vertex -15.4242 127.222 0
    endloop
  endfacet
  facet normal 0 0 -1
    outer loop
      vertex -22.6194 126.913 0
      vertex -15.8412 127.139 0
      vertex -16.2437 127.003 0
    endloop
  endfacet
  facet normal 0 0 -1
    outer loop
      vertex -22.6194 126.913 0
      vertex -16.2437 127.003 0
      vertex -16.625 126.815 0
    endloop
  endfacet
  facet normal 0 0 -1
    outer loop
      vertex -22.6194 126.913 0
      vertex -16.625 126.815 0
      vertex -16.9785 126.578 0
    endloop
  endfacet
  facet normal 0 0 -1
    outer loop
      vertex -22.6194 126.913 0
      vertex -16.9785 126.578 0
      vertex -17.2981 126.298 0
    endloop
  endfacet
  facet normal 0 0 -1
    outer loop
      vertex -22.6194 126.913 0
      vertex -17.2981 126.298 0
      vertex -17.5784 125.978 0
    endloop
  endfacet
  facet normal 0 0 -1
    outer loop
      vertex -22.6194 126.913 0
      vertex -17.5784 125.978 0
      vertex -17.8146 125.625 0
    endloop
  endfacet
  facet normal 0 0 -1
    outer loop
      vertex -22.6194 126.913 0
      vertex -17.8146 125.625 0
      vertex -18.0026 125.244 0
    endloop
  endfacet
  facet normal 0 0 -1
    outer loop
      vertex -22.6194 126.913 0
      vertex -18.0026 125.244 0
      vertex -18.1393 124.841 0
    endloop
  endfacet
  facet normal -0 0 -1
    outer loop
      vertex -17.5784 5.02153 0
      vertex -21.9668 1.95619 0
      vertex -17.8146 5.375 0
    endloop
  endfacet
  facet normal 0 0 -1
    outer loop
      vertex -22.3301 2.5 0
      vertex -17.8146 5.375 0
      vertex -21.9668 1.95619 0
    endloop
  endfacet
  facet normal 0 0 -1
    outer loop
      vertex -22.6194 3.08658 0
      vertex -17.8146 5.375 0
      vertex -22.3301 2.5 0
    endloop
  endfacet
  facet normal 0 0 -1
    outer loop
      vertex -22.8296 3.7059 0
      vertex -17.8146 5.375 0
      vertex -22.6194 3.08658 0
    endloop
  endfacet
  facet normal -0 0 -1
    outer loop
      vertex -17.8146 5.375 0
      vertex -22.8296 3.7059 0
      vertex -18.0026 5.75628 0
    endloop
  endfacet
  facet normal 0 0 -1
    outer loop
      vertex -22.9572 4.34737 0
      vertex -18.0026 5.75628 0
      vertex -22.8296 3.7059 0
    endloop
  endfacet
  facet normal 0 0 -1
    outer loop
      vertex -23 5 0
      vertex -18.0026 5.75628 0
      vertex -22.9572 4.34737 0
    endloop
  endfacet
  facet normal -0 0 -1
    outer loop
      vertex -18.0026 5.75628 0
      vertex -23 5 0
      vertex -18.1393 6.15884 0
    endloop
  endfacet
  facet normal -0 0 -1
    outer loop
      vertex -15.8412 127.139 0
      vertex -22.6194 126.913 0
      vertex -11.6955 149.531 0
    endloop
  endfacet
  facet normal 0 0 -1
    outer loop
      vertex -23 125 0
      vertex -18.1393 124.841 0
      vertex -18.2222 124.424 0
    endloop
  endfacet
  facet normal 0 0 -1
    outer loop
      vertex -23 125 0
      vertex -18.2222 124.424 0
      vertex -18.25 124 0
    endloop
  endfacet
  facet normal -0 0 -1
    outer loop
      vertex -16.9785 9.5784 0
      vertex -23 5 0
      vertex -23 125 0
    endloop
  endfacet
  facet normal -0 0 -1
    outer loop
      vertex -18.1393 6.15884 0
      vertex -23 5 0
      vertex -18.2222 6.57579 0
    endloop
  endfacet
  facet normal 0 0 -1
    outer loop
      vertex -18.2222 123.576 0
      vertex -23 125 0
      vertex -18.25 124 0
    endloop
  endfacet
  facet normal -0 0 -1
    outer loop
      vertex -18.2222 6.57579 0
      vertex -23 5 0
      vertex -18.25 7 0
    endloop
  endfacet
  facet normal 0 0 -1
    outer loop
      vertex -18.1393 124.841 0
      vertex -23 125 0
      vertex -22.9572 125.653 0
    endloop
  endfacet
  facet normal 0 0 -1
    outer loop
      vertex -18.1393 124.841 0
      vertex -22.8296 126.294 0
      vertex -22.6194 126.913 0
    endloop
  endfacet
  facet normal 0 0 -1
    outer loop
      vertex -18.1393 124.841 0
      vertex -22.9572 125.653 0
      vertex -22.8296 126.294 0
    endloop
  endfacet
  facet normal -0 0 -1
    outer loop
      vertex -1.88053 122.04 0
      vertex -2.70665 120.609 0
      vertex -2.00882 122.065 0
    endloop
  endfacet
  facet normal 0 0 -1
    outer loop
      vertex -2.79289 120.707 0
      vertex -2.00882 122.065 0
      vertex -2.70665 120.609 0
    endloop
  endfacet
  facet normal -0 0 -1
    outer loop
      vertex -2.00882 122.065 0
      vertex -2.79289 120.707 0
      vertex -2.13268 122.107 0
    endloop
  endfacet
  facet normal 0 0 -1
    outer loop
      vertex -2.89124 120.793 0
      vertex -2.13268 122.107 0
      vertex -2.79289 120.707 0
    endloop
  endfacet
  facet normal -0 0 -1
    outer loop
      vertex -2.13268 122.107 0
      vertex -2.89124 120.793 0
      vertex -2.25 122.165 0
    endloop
  endfacet
  facet normal 0 0 -1
    outer loop
      vertex -3 120.866 0
      vertex -2.25 122.165 0
      vertex -2.89124 120.793 0
    endloop
  endfacet
  facet normal -0 0 -1
    outer loop
      vertex -2.25 122.165 0
      vertex -3 120.866 0
      vertex -2.35876 122.238 0
    endloop
  endfacet
  facet normal 0 0 -1
    outer loop
      vertex -3.11732 120.924 0
      vertex -2.35876 122.238 0
      vertex -3 120.866 0
    endloop
  endfacet
  facet normal -0 0 -1
    outer loop
      vertex -2.35876 122.238 0
      vertex -3.11732 120.924 0
      vertex -2.45711 122.324 0
    endloop
  endfacet
  facet normal 0 0 -1
    outer loop
      vertex -3.24118 120.966 0
      vertex -2.45711 122.324 0
      vertex -3.11732 120.924 0
    endloop
  endfacet
  facet normal -0 0 -1
    outer loop
      vertex -2.45711 122.324 0
      vertex -3.24118 120.966 0
      vertex -2.54335 122.422 0
    endloop
  endfacet
  facet normal 0 0 -1
    outer loop
      vertex -3.36947 120.991 0
      vertex -2.54335 122.422 0
      vertex -3.24118 120.966 0
    endloop
  endfacet
  facet normal 0 0 -1
    outer loop
      vertex 0.758554 122.901 0
      vertex -0.758554 122.901 0
      vertex -0.75 123.031 0
    endloop
  endfacet
  facet normal 0 0 -1
    outer loop
      vertex -0.608761 120.793 0
      vertex -0.784074 122.772 0
      vertex -0.758554 122.901 0
    endloop
  endfacet
  facet normal 0 0 -1
    outer loop
      vertex -1.49118 122.065 0
      vertex -0.707107 120.707 0
      vertex -0.793353 120.609 0
    endloop
  endfacet
  facet normal 0 0 -1
    outer loop
      vertex -0.608761 120.793 0
      vertex -0.82612 122.648 0
      vertex -0.784074 122.772 0
    endloop
  endfacet
  facet normal 0 0 -1
    outer loop
      vertex -1.61947 122.04 0
      vertex -0.793353 120.609 0
      vertex -0.866025 120.5 0
    endloop
  endfacet
  facet normal 0 0 -1
    outer loop
      vertex -0.608761 120.793 0
      vertex -0.883974 122.531 0
      vertex -0.82612 122.648 0
    endloop
  endfacet
  facet normal 0 0 -1
    outer loop
      vertex -0.965925 120.259 0
      vertex -2.53407 120.259 0
      vertex -0.923879 120.383 0
    endloop
  endfacet
  facet normal 0 0 -1
    outer loop
      vertex -0.608761 120.793 0
      vertex -0.956646 122.422 0
      vertex -0.883974 122.531 0
    endloop
  endfacet
  facet normal 0 0 -1
    outer loop
      vertex -0.991445 120.131 0
      vertex -2.50855 120.131 0
      vertex -0.965925 120.259 0
    endloop
  endfacet
  facet normal 0 0 -1
    outer loop
      vertex -2.50855 120.131 0
      vertex -0.991445 120.131 0
      vertex -2.5 120 0
    endloop
  endfacet
  facet normal 0 0 -1
    outer loop
      vertex -2.5 120 0
      vertex -0.991445 120.131 0
      vertex -1 120 0
    endloop
  endfacet
  facet normal -0 0 -1
    outer loop
      vertex -0.793353 119.391 0
      vertex -1.61947 117.96 0
      vertex -0.866025 119.5 0
    endloop
  endfacet
  facet normal 0 0 -1
    outer loop
      vertex -0.608761 120.793 0
      vertex -1.04289 122.324 0
      vertex -0.956646 122.422 0
    endloop
  endfacet
  facet normal 0 0 -1
    outer loop
      vertex -1.75 117.969 0
      vertex -0.866025 119.5 0
      vertex -1.61947 117.96 0
    endloop
  endfacet
  facet normal 0 0 -1
    outer loop
      vertex -0.608761 120.793 0
      vertex -1.14124 122.238 0
      vertex -1.04289 122.324 0
    endloop
  endfacet
  facet normal 0 0 -1
    outer loop
      vertex -2.63397 119.5 0
      vertex -0.866025 119.5 0
      vertex -1.75 117.969 0
    endloop
  endfacet
  facet normal 0 0 -1
    outer loop
      vertex -0.608761 120.793 0
      vertex -1.25 122.165 0
      vertex -1.14124 122.238 0
    endloop
  endfacet
  facet normal 0 0 -1
    outer loop
      vertex -0.866025 119.5 0
      vertex -2.63397 119.5 0
      vertex -0.923879 119.617 0
    endloop
  endfacet
  facet normal 0 0 -1
    outer loop
      vertex -2.53407 120.259 0
      vertex -0.965925 120.259 0
      vertex -2.50855 120.131 0
    endloop
  endfacet
  facet normal 0 -0 -1
    outer loop
      vertex -2.57612 119.617 0
      vertex -0.923879 119.617 0
      vertex -2.63397 119.5 0
    endloop
  endfacet
  facet normal 0 0 -1
    outer loop
      vertex -0.608761 120.793 0
      vertex -1.36732 122.107 0
      vertex -1.25 122.165 0
    endloop
  endfacet
  facet normal 0 0 -1
    outer loop
      vertex -0.965925 119.741 0
      vertex -2.53407 119.741 0
      vertex -0.991445 119.869 0
    endloop
  endfacet
  facet normal 0 0 -1
    outer loop
      vertex -0.707107 120.707 0
      vertex -1.49118 122.065 0
      vertex -1.36732 122.107 0
    endloop
  endfacet
  facet normal 0 0 -1
    outer loop
      vertex -0.923879 119.617 0
      vertex -2.57612 119.617 0
      vertex -0.965925 119.741 0
    endloop
  endfacet
  facet normal 0 0 -1
    outer loop
      vertex -0.793353 120.609 0
      vertex -1.61947 122.04 0
      vertex -1.49118 122.065 0
    endloop
  endfacet
  facet normal 0 0 -1
    outer loop
      vertex -2.63397 119.5 0
      vertex -1.75 117.969 0
      vertex -1.88053 117.96 0
    endloop
  endfacet
  facet normal 0 0 -1
    outer loop
      vertex -0.866025 120.5 0
      vertex -1.75 122.031 0
      vertex -1.61947 122.04 0
    endloop
  endfacet
  facet normal 0 0 -1
    outer loop
      vertex -2.70665 119.391 0
      vertex -1.88053 117.96 0
      vertex -2.00882 117.935 0
    endloop
  endfacet
  facet normal 0 0 -1
    outer loop
      vertex -2.57612 120.383 0
      vertex -0.923879 120.383 0
      vertex -2.53407 120.259 0
    endloop
  endfacet
  facet normal 0 0 -1
    outer loop
      vertex -2.79289 119.293 0
      vertex -2.00882 117.935 0
      vertex -2.13268 117.893 0
    endloop
  endfacet
  facet normal 0 0 -1
    outer loop
      vertex -0.923879 120.383 0
      vertex -2.57612 120.383 0
      vertex -0.866025 120.5 0
    endloop
  endfacet
  facet normal 0 0 -1
    outer loop
      vertex -2.89124 119.207 0
      vertex -2.13268 117.893 0
      vertex -2.25 117.835 0
    endloop
  endfacet
  facet normal 0 0 -1
    outer loop
      vertex -2.63397 120.5 0
      vertex -0.866025 120.5 0
      vertex -2.57612 120.383 0
    endloop
  endfacet
  facet normal 0 0 -1
    outer loop
      vertex -3 119.134 0
      vertex -2.25 117.835 0
      vertex -2.35876 117.762 0
    endloop
  endfacet
  facet normal 0 0 -1
    outer loop
      vertex -0.866025 120.5 0
      vertex -2.63397 120.5 0
      vertex -1.75 122.031 0
    endloop
  endfacet
  facet normal 0 0 -1
    outer loop
      vertex -3.11732 119.076 0
      vertex -2.35876 117.762 0
      vertex -2.45711 117.676 0
    endloop
  endfacet
  facet normal -0 0 -1
    outer loop
      vertex -1.75 122.031 0
      vertex -2.63397 120.5 0
      vertex -1.88053 122.04 0
    endloop
  endfacet
  facet normal 0 0 -1
    outer loop
      vertex -2.70665 120.609 0
      vertex -1.88053 122.04 0
      vertex -2.63397 120.5 0
    endloop
  endfacet
  facet normal -0 0 -1
    outer loop
      vertex -1 120 0
      vertex -2.50855 119.869 0
      vertex -2.5 120 0
    endloop
  endfacet
  facet normal 0 0 -1
    outer loop
      vertex -0.991445 119.869 0
      vertex -2.50855 119.869 0
      vertex -1 120 0
    endloop
  endfacet
  facet normal 0 0 -1
    outer loop
      vertex -3.24118 119.034 0
      vertex -2.45711 117.676 0
      vertex -2.54335 117.578 0
    endloop
  endfacet
  facet normal 0 -0 -1
    outer loop
      vertex -2.50855 119.869 0
      vertex -0.991445 119.869 0
      vertex -2.53407 119.741 0
    endloop
  endfacet
  facet normal 0 0 -1
    outer loop
      vertex -3.36947 119.009 0
      vertex -2.54335 117.578 0
      vertex -2.61602 117.469 0
    endloop
  endfacet
  facet normal 0 -0 -1
    outer loop
      vertex -2.53407 119.741 0
      vertex -0.965925 119.741 0
      vertex -2.57612 119.617 0
    endloop
  endfacet
  facet normal 0 0 -1
    outer loop
      vertex -3.5 119 0
      vertex -2.61602 117.469 0
      vertex -2.67388 117.352 0
    endloop
  endfacet
  facet normal 0 0 -1
    outer loop
      vertex -1.88053 117.96 0
      vertex -2.70665 119.391 0
      vertex -2.63397 119.5 0
    endloop
  endfacet
  facet normal 0 0 -1
    outer loop
      vertex -3.63053 119.009 0
      vertex -2.67388 117.352 0
      vertex -2.71593 117.228 0
    endloop
  endfacet
  facet normal 0 0 -1
    outer loop
      vertex -3.75882 119.034 0
      vertex -2.71593 117.228 0
      vertex -2.74144 117.099 0
    endloop
  endfacet
  facet normal 0 0 -1
    outer loop
      vertex -3.88268 119.076 0
      vertex -2.74144 117.099 0
      vertex -2.75 116.969 0
    endloop
  endfacet
  facet normal 0 0 -1
    outer loop
      vertex -2.00882 117.935 0
      vertex -2.79289 119.293 0
      vertex -2.70665 119.391 0
    endloop
  endfacet
  facet normal -0 0 -1
    outer loop
      vertex -0.130526 119.009 0
      vertex -0.956646 117.578 0
      vertex -0.258819 119.034 0
    endloop
  endfacet
  facet normal 0 0 -1
    outer loop
      vertex -1.04289 117.676 0
      vertex -0.258819 119.034 0
      vertex -0.956646 117.578 0
    endloop
  endfacet
  facet normal -0 0 -1
    outer loop
      vertex -0.258819 119.034 0
      vertex -1.04289 117.676 0
      vertex -0.382683 119.076 0
    endloop
  endfacet
  facet normal 0 0 -1
    outer loop
      vertex -1.14124 117.762 0
      vertex -0.382683 119.076 0
      vertex -1.04289 117.676 0
    endloop
  endfacet
  facet normal -0 0 -1
    outer loop
      vertex -0.382683 119.076 0
      vertex -1.14124 117.762 0
      vertex -0.5 119.134 0
    endloop
  endfacet
  facet normal 0 0 -1
    outer loop
      vertex -1.25 117.835 0
      vertex -0.5 119.134 0
      vertex -1.14124 117.762 0
    endloop
  endfacet
  facet normal -0 0 -1
    outer loop
      vertex -0.5 119.134 0
      vertex -1.25 117.835 0
      vertex -0.608761 119.207 0
    endloop
  endfacet
  facet normal 0 0 -1
    outer loop
      vertex -1.36732 117.893 0
      vertex -0.608761 119.207 0
      vertex -1.25 117.835 0
    endloop
  endfacet
  facet normal -0 0 -1
    outer loop
      vertex -0.608761 119.207 0
      vertex -1.36732 117.893 0
      vertex -0.707107 119.293 0
    endloop
  endfacet
  facet normal 0 0 -1
    outer loop
      vertex -1.49118 117.935 0
      vertex -0.707107 119.293 0
      vertex -1.36732 117.893 0
    endloop
  endfacet
  facet normal -0 0 -1
    outer loop
      vertex -0.707107 119.293 0
      vertex -1.49118 117.935 0
      vertex -0.793353 119.391 0
    endloop
  endfacet
  facet normal 0 0 -1
    outer loop
      vertex -1.61947 117.96 0
      vertex -0.793353 119.391 0
      vertex -1.49118 117.935 0
    endloop
  endfacet
  facet normal -0 0 -1
    outer loop
      vertex 1.61947 122.04 0
      vertex 0.793353 120.609 0
      vertex 1.49118 122.065 0
    endloop
  endfacet
  facet normal 0 0 -1
    outer loop
      vertex 0.707107 120.707 0
      vertex 1.49118 122.065 0
      vertex 0.793353 120.609 0
    endloop
  endfacet
  facet normal -0 0 -1
    outer loop
      vertex 1.49118 122.065 0
      vertex 0.707107 120.707 0
      vertex 1.36732 122.107 0
    endloop
  endfacet
  facet normal 0 0 -1
    outer loop
      vertex 0.608761 120.793 0
      vertex 1.36732 122.107 0
      vertex 0.707107 120.707 0
    endloop
  endfacet
  facet normal -0 0 -1
    outer loop
      vertex 1.36732 122.107 0
      vertex 0.608761 120.793 0
      vertex 1.25 122.165 0
    endloop
  endfacet
  facet normal 0 0 -1
    outer loop
      vertex 0.5 120.866 0
      vertex 1.25 122.165 0
      vertex 0.608761 120.793 0
    endloop
  endfacet
  facet normal -0 0 -1
    outer loop
      vertex 1.25 122.165 0
      vertex 0.5 120.866 0
      vertex 1.14124 122.238 0
    endloop
  endfacet
  facet normal 0 0 -1
    outer loop
      vertex 0.382683 120.924 0
      vertex 1.14124 122.238 0
      vertex 0.5 120.866 0
    endloop
  endfacet
  facet normal -0 0 -1
    outer loop
      vertex 1.14124 122.238 0
      vertex 0.382683 120.924 0
      vertex 1.04289 122.324 0
    endloop
  endfacet
  facet normal 0 0 -1
    outer loop
      vertex 0.258819 120.966 0
      vertex 1.04289 122.324 0
      vertex 0.382683 120.924 0
    endloop
  endfacet
  facet normal -0 0 -1
    outer loop
      vertex 1.04289 122.324 0
      vertex 0.258819 120.966 0
      vertex 0.956646 122.422 0
    endloop
  endfacet
  facet normal 0 0 -1
    outer loop
      vertex 0.130526 120.991 0
      vertex 0.956646 122.422 0
      vertex 0.258819 120.966 0
    endloop
  endfacet
  facet normal 0 0 -1
    outer loop
      vertex 3.88268 120.924 0
      vertex 2.74144 122.901 0
      vertex 2.75 123.031 0
    endloop
  endfacet
  facet normal 0 0 -1
    outer loop
      vertex 2.89124 120.793 0
      vertex 2.71593 122.772 0
      vertex 2.74144 122.901 0
    endloop
  endfacet
  facet normal 0 0 -1
    outer loop
      vertex 2.00882 122.065 0
      vertex 2.79289 120.707 0
      vertex 2.70665 120.609 0
    endloop
  endfacet
  facet normal 0 0 -1
    outer loop
      vertex 2.89124 120.793 0
      vertex 2.67388 122.648 0
      vertex 2.71593 122.772 0
    endloop
  endfacet
  facet normal 0 0 -1
    outer loop
      vertex 1.88053 122.04 0
      vertex 2.70665 120.609 0
      vertex 2.63397 120.5 0
    endloop
  endfacet
  facet normal 0 0 -1
    outer loop
      vertex 2.89124 120.793 0
      vertex 2.61602 122.531 0
      vertex 2.67388 122.648 0
    endloop
  endfacet
  facet normal 0 0 -1
    outer loop
      vertex 2.53407 120.259 0
      vertex 0.965925 120.259 0
      vertex 2.57612 120.383 0
    endloop
  endfacet
  facet normal 0 0 -1
    outer loop
      vertex 2.89124 120.793 0
      vertex 2.54335 122.422 0
      vertex 2.61602 122.531 0
    endloop
  endfacet
  facet normal 0 0 -1
    outer loop
      vertex 2.50855 120.131 0
      vertex 0.991445 120.131 0
      vertex 2.53407 120.259 0
    endloop
  endfacet
  facet normal 0 0 -1
    outer loop
      vertex 0.991445 120.131 0
      vertex 2.50855 120.131 0
      vertex 1 120 0
    endloop
  endfacet
  facet normal 0 0 -1
    outer loop
      vertex 1 120 0
      vertex 2.50855 120.131 0
      vertex 2.5 120 0
    endloop
  endfacet
  facet normal -0 0 -1
    outer loop
      vertex 2.70665 119.391 0
      vertex 1.88053 117.96 0
      vertex 2.63397 119.5 0
    endloop
  endfacet
  facet normal 0 0 -1
    outer loop
      vertex 2.89124 120.793 0
      vertex 2.45711 122.324 0
      vertex 2.54335 122.422 0
    endloop
  endfacet
  facet normal 0 0 -1
    outer loop
      vertex 1.75 117.969 0
      vertex 2.63397 119.5 0
      vertex 1.88053 117.96 0
    endloop
  endfacet
  facet normal 0 0 -1
    outer loop
      vertex 2.89124 120.793 0
      vertex 2.35876 122.238 0
      vertex 2.45711 122.324 0
    endloop
  endfacet
  facet normal 0 0 -1
    outer loop
      vertex 0.866025 119.5 0
      vertex 2.63397 119.5 0
      vertex 1.75 117.969 0
    endloop
  endfacet
  facet normal 0 0 -1
    outer loop
      vertex 2.89124 120.793 0
      vertex 2.25 122.165 0
      vertex 2.35876 122.238 0
    endloop
  endfacet
  facet normal 0 0 -1
    outer loop
      vertex 2.63397 119.5 0
      vertex 0.866025 119.5 0
      vertex 2.57612 119.617 0
    endloop
  endfacet
  facet normal 0 0 -1
    outer loop
      vertex 0.965925 120.259 0
      vertex 2.53407 120.259 0
      vertex 0.991445 120.131 0
    endloop
  endfacet
  facet normal 0 -0 -1
    outer loop
      vertex 0.923879 119.617 0
      vertex 2.57612 119.617 0
      vertex 0.866025 119.5 0
    endloop
  endfacet
  facet normal 0 0 -1
    outer loop
      vertex 2.89124 120.793 0
      vertex 2.13268 122.107 0
      vertex 2.25 122.165 0
    endloop
  endfacet
  facet normal 0 0 -1
    outer loop
      vertex 2.53407 119.741 0
      vertex 0.965925 119.741 0
      vertex 2.50855 119.869 0
    endloop
  endfacet
  facet normal 0 0 -1
    outer loop
      vertex 2.79289 120.707 0
      vertex 2.00882 122.065 0
      vertex 2.13268 122.107 0
    endloop
  endfacet
  facet normal 0 0 -1
    outer loop
      vertex 2.57612 119.617 0
      vertex 0.923879 119.617 0
      vertex 2.53407 119.741 0
    endloop
  endfacet
  facet normal 0 0 -1
    outer loop
      vertex 2.70665 120.609 0
      vertex 1.88053 122.04 0
      vertex 2.00882 122.065 0
    endloop
  endfacet
  facet normal 0 0 -1
    outer loop
      vertex 0.866025 119.5 0
      vertex 1.75 117.969 0
      vertex 1.61947 117.96 0
    endloop
  endfacet
  facet normal 0 0 -1
    outer loop
      vertex 2.63397 120.5 0
      vertex 1.75 122.031 0
      vertex 1.88053 122.04 0
    endloop
  endfacet
  facet normal 0 0 -1
    outer loop
      vertex 0.793353 119.391 0
      vertex 1.61947 117.96 0
      vertex 1.49118 117.935 0
    endloop
  endfacet
  facet normal 0 0 -1
    outer loop
      vertex 0.923879 120.383 0
      vertex 2.57612 120.383 0
      vertex 0.965925 120.259 0
    endloop
  endfacet
  facet normal 0 0 -1
    outer loop
      vertex 0.707107 119.293 0
      vertex 1.49118 117.935 0
      vertex 1.36732 117.893 0
    endloop
  endfacet
  facet normal 0 0 -1
    outer loop
      vertex 2.57612 120.383 0
      vertex 0.923879 120.383 0
      vertex 2.63397 120.5 0
    endloop
  endfacet
  facet normal 0 0 -1
    outer loop
      vertex 0.608761 119.207 0
      vertex 1.36732 117.893 0
      vertex 1.25 117.835 0
    endloop
  endfacet
  facet normal 0 0 -1
    outer loop
      vertex 0.866025 120.5 0
      vertex 2.63397 120.5 0
      vertex 0.923879 120.383 0
    endloop
  endfacet
  facet normal 0 0 -1
    outer loop
      vertex 0.5 119.134 0
      vertex 1.25 117.835 0
      vertex 1.14124 117.762 0
    endloop
  endfacet
  facet normal 0 0 -1
    outer loop
      vertex 2.63397 120.5 0
      vertex 0.866025 120.5 0
      vertex 1.75 122.031 0
    endloop
  endfacet
  facet normal 0 0 -1
    outer loop
      vertex 0.382683 119.076 0
      vertex 1.14124 117.762 0
      vertex 1.04289 117.676 0
    endloop
  endfacet
  facet normal -0 0 -1
    outer loop
      vertex 1.75 122.031 0
      vertex 0.866025 120.5 0
      vertex 1.61947 122.04 0
    endloop
  endfacet
  facet normal 0 0 -1
    outer loop
      vertex 0.793353 120.609 0
      vertex 1.61947 122.04 0
      vertex 0.866025 120.5 0
    endloop
  endfacet
  facet normal -0 0 -1
    outer loop
      vertex 2.5 120 0
      vertex 0.991445 119.869 0
      vertex 1 120 0
    endloop
  endfacet
  facet normal 0 0 -1
    outer loop
      vertex 2.50855 119.869 0
      vertex 0.991445 119.869 0
      vertex 2.5 120 0
    endloop
  endfacet
  facet normal 0 0 -1
    outer loop
      vertex 0.258819 119.034 0
      vertex 1.04289 117.676 0
      vertex 0.956646 117.578 0
    endloop
  endfacet
  facet normal 0 -0 -1
    outer loop
      vertex 0.991445 119.869 0
      vertex 2.50855 119.869 0
      vertex 0.965925 119.741 0
    endloop
  endfacet
  facet normal 0 0 -1
    outer loop
      vertex 0.130526 119.009 0
      vertex 0.956646 117.578 0
      vertex 0.883974 117.469 0
    endloop
  endfacet
  facet normal 0 -0 -1
    outer loop
      vertex 0.965925 119.741 0
      vertex 2.53407 119.741 0
      vertex 0.923879 119.617 0
    endloop
  endfacet
  facet normal 0 0 -1
    outer loop
      vertex 0.784074 117.228 0
      vertex -0.784074 117.228 0
      vertex 0.82612 117.352 0
    endloop
  endfacet
  facet normal 0 0 -1
    outer loop
      vertex 1.61947 117.96 0
      vertex 0.793353 119.391 0
      vertex 0.866025 119.5 0
    endloop
  endfacet
  facet normal 0 0 -1
    outer loop
      vertex 0.758554 117.099 0
      vertex -0.758554 117.099 0
      vertex 0.784074 117.228 0
    endloop
  endfacet
  facet normal 0 0 -1
    outer loop
      vertex -0.758554 117.099 0
      vertex 0.758554 117.099 0
      vertex -0.75 116.969 0
    endloop
  endfacet
  facet normal 0 0 -1
    outer loop
      vertex -0.75 116.969 0
      vertex 0.758554 117.099 0
      vertex 0.75 116.969 0
    endloop
  endfacet
  facet normal 0 0 -1
    outer loop
      vertex 1.49118 117.935 0
      vertex 0.707107 119.293 0
      vertex 0.793353 119.391 0
    endloop
  endfacet
  facet normal 0 0 -1
    outer loop
      vertex 18.0026 8.24372 0
      vertex 23 5 0
      vertex 18.1393 7.84116 0
    endloop
  endfacet
  facet normal 0 0 -1
    outer loop
      vertex 23 125 0
      vertex 18.2222 123.576 0
      vertex 18.25 124 0
    endloop
  endfacet
  facet normal 0 0 -1
    outer loop
      vertex 17.8146 8.625 0
      vertex 23 5 0
      vertex 18.0026 8.24372 0
    endloop
  endfacet
  facet normal 0 0 -1
    outer loop
      vertex 23 125 0
      vertex 18.1393 123.159 0
      vertex 18.2222 123.576 0
    endloop
  endfacet
  facet normal 0 0 -1
    outer loop
      vertex 17.5784 8.97847 0
      vertex 23 5 0
      vertex 17.8146 8.625 0
    endloop
  endfacet
  facet normal 0 0 -1
    outer loop
      vertex 23 125 0
      vertex 18.0026 122.756 0
      vertex 18.1393 123.159 0
    endloop
  endfacet
  facet normal 0 0 -1
    outer loop
      vertex 17.2981 9.2981 0
      vertex 23 5 0
      vertex 17.5784 8.97847 0
    endloop
  endfacet
  facet normal 0 0 -1
    outer loop
      vertex 23 125 0
      vertex 17.8146 122.375 0
      vertex 18.0026 122.756 0
    endloop
  endfacet
  facet normal 0 0 -1
    outer loop
      vertex 16.9785 9.5784 0
      vertex 23 5 0
      vertex 17.2981 9.2981 0
    endloop
  endfacet
  facet normal 0 0 -1
    outer loop
      vertex 23 125 0
      vertex 17.5784 122.022 0
      vertex 17.8146 122.375 0
    endloop
  endfacet
  facet normal 0 0 -1
    outer loop
      vertex 23 5 0
      vertex 16.9785 9.5784 0
      vertex 23 125 0
    endloop
  endfacet
  facet normal 0 0 -1
    outer loop
      vertex 23 125 0
      vertex 17.2981 121.702 0
      vertex 17.5784 122.022 0
    endloop
  endfacet
  facet normal 0 0 -1
    outer loop
      vertex 16.9785 121.422 0
      vertex 23 125 0
      vertex 16.9785 9.5784 0
    endloop
  endfacet
  facet normal 0 0 -1
    outer loop
      vertex 23 125 0
      vertex 16.9785 121.422 0
      vertex 17.2981 121.702 0
    endloop
  endfacet
  facet normal 0 0 -1
    outer loop
      vertex 16.625 9.81458 0
      vertex 16.9785 121.422 0
      vertex 16.9785 9.5784 0
    endloop
  endfacet
  facet normal 0 0 -1
    outer loop
      vertex 16.625 9.81458 0
      vertex 16.625 121.185 0
      vertex 16.9785 121.422 0
    endloop
  endfacet
  facet normal 0 0 -1
    outer loop
      vertex 16.2437 10.0026 0
      vertex 16.625 121.185 0
      vertex 16.625 9.81458 0
    endloop
  endfacet
  facet normal 0 0 -1
    outer loop
      vertex 16.2437 10.0026 0
      vertex 16.2437 120.997 0
      vertex 16.625 121.185 0
    endloop
  endfacet
  facet normal 0 0 -1
    outer loop
      vertex 15.8412 10.1393 0
      vertex 16.2437 120.997 0
      vertex 16.2437 10.0026 0
    endloop
  endfacet
  facet normal 0 0 -1
    outer loop
      vertex 15.8412 10.1393 0
      vertex 15.8412 120.861 0
      vertex 16.2437 120.997 0
    endloop
  endfacet
  facet normal 0 0 -1
    outer loop
      vertex 2.25 116.103 0
      vertex 15.8412 10.1393 0
      vertex 15.4242 10.2222 0
    endloop
  endfacet
  facet normal 0 0 -1
    outer loop
      vertex 15.8412 10.1393 0
      vertex 2.25 116.103 0
      vertex 15.8412 120.861 0
    endloop
  endfacet
  facet normal 0 0 -1
    outer loop
      vertex 2.00882 116.003 0
      vertex 15.4242 10.2222 0
      vertex 15 10.25 0
    endloop
  endfacet
  facet normal 0 0 -1
    outer loop
      vertex 15.8412 120.861 0
      vertex 2.25 116.103 0
      vertex 15.4242 120.778 0
    endloop
  endfacet
  facet normal 0 0 -1
    outer loop
      vertex 1.88053 115.977 0
      vertex 15 10.25 0
      vertex 14.5758 10.2222 0
    endloop
  endfacet
  facet normal 0 -0 -1
    outer loop
      vertex 2.35876 116.176 0
      vertex 15.4242 120.778 0
      vertex 2.25 116.103 0
    endloop
  endfacet
  facet normal 0 0 -1
    outer loop
      vertex 1.75 115.969 0
      vertex 14.5758 10.2222 0
      vertex 14.1588 10.1393 0
    endloop
  endfacet
  facet normal 0 0 -1
    outer loop
      vertex 15.4242 120.778 0
      vertex 2.35876 116.176 0
      vertex 15 120.75 0
    endloop
  endfacet
  facet normal 0 0 -1
    outer loop
      vertex 12.7019 9.2981 0
      vertex -12.7019 9.2981 0
      vertex 13.0215 9.5784 0
    endloop
  endfacet
  facet normal 0 -0 -1
    outer loop
      vertex 2.45711 116.262 0
      vertex 15 120.75 0
      vertex 2.35876 116.176 0
    endloop
  endfacet
  facet normal 0 0 -1
    outer loop
      vertex 12.1854 8.625 0
      vertex -12.1854 8.625 0
      vertex 12.4216 8.97847 0
    endloop
  endfacet
  facet normal -0 0 -1
    outer loop
      vertex 15 120.75 0
      vertex 2.45711 116.262 0
      vertex 14.5758 120.778 0
    endloop
  endfacet
  facet normal 0 0 -1
    outer loop
      vertex -12.1854 8.625 0
      vertex 12.1854 8.625 0
      vertex -11.9974 8.24372 0
    endloop
  endfacet
  facet normal 0 -0 -1
    outer loop
      vertex 2.54335 116.36 0
      vertex 14.5758 120.778 0
      vertex 2.45711 116.262 0
    endloop
  endfacet
  facet normal 0 0 -1
    outer loop
      vertex 11.9974 8.24372 0
      vertex -11.9974 8.24372 0
      vertex 12.1854 8.625 0
    endloop
  endfacet
  facet normal -0 0 -1
    outer loop
      vertex 14.5758 120.778 0
      vertex 2.54335 116.36 0
      vertex 14.1588 120.861 0
    endloop
  endfacet
  facet normal 0 0 -1
    outer loop
      vertex -11.9974 8.24372 0
      vertex 11.9974 8.24372 0
      vertex -11.8607 7.84116 0
    endloop
  endfacet
  facet normal -0 0 -1
    outer loop
      vertex 14.1588 120.861 0
      vertex 2.61602 116.469 0
      vertex 13.7563 120.997 0
    endloop
  endfacet
  facet normal 0 0 -1
    outer loop
      vertex 11.8607 7.84116 0
      vertex -11.8607 7.84116 0
      vertex 11.9974 8.24372 0
    endloop
  endfacet
  facet normal 0 -0 -1
    outer loop
      vertex 2.67388 116.586 0
      vertex 13.7563 120.997 0
      vertex 2.61602 116.469 0
    endloop
  endfacet
  facet normal 0 0 -1
    outer loop
      vertex -11.8607 7.84116 0
      vertex 11.8607 7.84116 0
      vertex -11.7778 7.42421 0
    endloop
  endfacet
  facet normal -0 0 -1
    outer loop
      vertex 13.7563 120.997 0
      vertex 2.67388 116.586 0
      vertex 13.375 121.185 0
    endloop
  endfacet
  facet normal 0 0 -1
    outer loop
      vertex 11.7778 7.42421 0
      vertex -11.7778 7.42421 0
      vertex 11.8607 7.84116 0
    endloop
  endfacet
  facet normal 0 -0 -1
    outer loop
      vertex 4.29335 119.391 0
      vertex 13.375 121.185 0
      vertex 2.67388 116.586 0
    endloop
  endfacet
  facet normal 0 0 -1
    outer loop
      vertex -11.7778 7.42421 0
      vertex 11.7778 7.42421 0
      vertex -11.75 7 0
    endloop
  endfacet
  facet normal -0 0 -1
    outer loop
      vertex 13.375 121.185 0
      vertex 4.36602 119.5 0
      vertex 13.0215 121.422 0
    endloop
  endfacet
  facet normal 0 0 -1
    outer loop
      vertex -11.75 7 0
      vertex 11.7778 7.42421 0
      vertex 11.75 7 0
    endloop
  endfacet
  facet normal 0 -0 -1
    outer loop
      vertex 4.42388 119.617 0
      vertex 13.0215 121.422 0
      vertex 4.36602 119.5 0
    endloop
  endfacet
  facet normal 0 0 -1
    outer loop
      vertex 23 5 0
      vertex 18.2222 6.57579 0
      vertex 18.25 7 0
    endloop
  endfacet
  facet normal 0 0 -1
    outer loop
      vertex 19.2941 0.170364 0
      vertex 18.1393 6.15884 0
      vertex 18.2222 6.57579 0
    endloop
  endfacet
  facet normal 0 0 -1
    outer loop
      vertex 19.2941 0.170364 0
      vertex 18.0026 5.75628 0
      vertex 18.1393 6.15884 0
    endloop
  endfacet
  facet normal 0 0 -1
    outer loop
      vertex 16.9785 4.4216 0
      vertex 18.6526 0.0427704 0
      vertex 18 0 0
    endloop
  endfacet
  facet normal 0 0 -1
    outer loop
      vertex 19.2941 0.170364 0
      vertex 17.8146 5.375 0
      vertex 18.0026 5.75628 0
    endloop
  endfacet
  facet normal 0 0 -1
    outer loop
      vertex 19.2941 0.170364 0
      vertex 17.5784 5.02153 0
      vertex 17.8146 5.375 0
    endloop
  endfacet
  facet normal 0 0 -1
    outer loop
      vertex 19.2941 0.170364 0
      vertex 17.2981 4.7019 0
      vertex 17.5784 5.02153 0
    endloop
  endfacet
  facet normal 0 0 -1
    outer loop
      vertex 19.2941 0.170364 0
      vertex 16.9785 4.4216 0
      vertex 17.2981 4.7019 0
    endloop
  endfacet
  facet normal 0 0 -1
    outer loop
      vertex 18 0 0
      vertex 16.625 4.18542 0
      vertex 16.9785 4.4216 0
    endloop
  endfacet
  facet normal 0 0 -1
    outer loop
      vertex 18 0 0
      vertex 16.2437 3.99739 0
      vertex 16.625 4.18542 0
    endloop
  endfacet
  facet normal 0 0 -1
    outer loop
      vertex 18 0 0
      vertex 15.8412 3.86074 0
      vertex 16.2437 3.99739 0
    endloop
  endfacet
  facet normal 0 0 -1
    outer loop
      vertex 18 0 0
      vertex 15.4242 3.7778 0
      vertex 15.8412 3.86074 0
    endloop
  endfacet
  facet normal 0 0 -1
    outer loop
      vertex 18 0 0
      vertex 15 3.75 0
      vertex 15.4242 3.7778 0
    endloop
  endfacet
  facet normal 0 0 -1
    outer loop
      vertex 18 0 0
      vertex 14.5758 3.7778 0
      vertex 15 3.75 0
    endloop
  endfacet
  facet normal 0 0 -1
    outer loop
      vertex 18 0 0
      vertex 14.1588 3.86074 0
      vertex 14.5758 3.7778 0
    endloop
  endfacet
  facet normal 0 0 -1
    outer loop
      vertex 18 0 0
      vertex 13.7563 3.99739 0
      vertex 14.1588 3.86074 0
    endloop
  endfacet
  facet normal 0 0 -1
    outer loop
      vertex 18 0 0
      vertex 13.375 4.18542 0
      vertex 13.7563 3.99739 0
    endloop
  endfacet
  facet normal 0 0 -1
    outer loop
      vertex 18 0 0
      vertex 13.0215 4.4216 0
      vertex 13.375 4.18542 0
    endloop
  endfacet
  facet normal 0 0 -1
    outer loop
      vertex -13.0215 4.4216 0
      vertex 13.0215 4.4216 0
      vertex 18 0 0
    endloop
  endfacet
  facet normal -0 0 -1
    outer loop
      vertex 13.0215 121.422 0
      vertex 4.42388 119.617 0
      vertex 12.7019 121.702 0
    endloop
  endfacet
  facet normal 0 0 -1
    outer loop
      vertex 4.42388 120.383 0
      vertex 11.9974 122.756 0
      vertex 4.46593 120.259 0
    endloop
  endfacet
  facet normal -0 0 -1
    outer loop
      vertex 11.9974 122.756 0
      vertex 4.42388 120.383 0
      vertex 11.8607 123.159 0
    endloop
  endfacet
  facet normal 0 0 -1
    outer loop
      vertex 4.36602 120.5 0
      vertex 11.8607 123.159 0
      vertex 4.42388 120.383 0
    endloop
  endfacet
  facet normal -0 0 -1
    outer loop
      vertex 11.8607 123.159 0
      vertex 4.36602 120.5 0
      vertex 11.7778 123.576 0
    endloop
  endfacet
  facet normal 0 0 -1
    outer loop
      vertex 4.29335 120.609 0
      vertex 11.7778 123.576 0
      vertex 4.36602 120.5 0
    endloop
  endfacet
  facet normal -0 0 -1
    outer loop
      vertex 11.7778 123.576 0
      vertex 4.29335 120.609 0
      vertex 11.75 124 0
    endloop
  endfacet
  facet normal 0 0 -1
    outer loop
      vertex 4.20711 120.707 0
      vertex 11.75 124 0
      vertex 4.29335 120.609 0
    endloop
  endfacet
  facet normal 0 0 -1
    outer loop
      vertex 2.61602 123.531 0
      vertex 11.75 124 0
      vertex 2.67388 123.414 0
    endloop
  endfacet
  facet normal 0 0 -1
    outer loop
      vertex 2.54335 123.64 0
      vertex 11.75 124 0
      vertex 2.61602 123.531 0
    endloop
  endfacet
  facet normal 0 0 -1
    outer loop
      vertex 2.35876 123.824 0
      vertex 11.75 124 0
      vertex 2.45711 123.738 0
    endloop
  endfacet
  facet normal 0 0 -1
    outer loop
      vertex 2.45711 123.738 0
      vertex 11.75 124 0
      vertex 2.54335 123.64 0
    endloop
  endfacet
  facet normal 0 0 -1
    outer loop
      vertex 4.46593 120.259 0
      vertex 11.9974 122.756 0
      vertex 4.49144 120.131 0
    endloop
  endfacet
  facet normal -0 0 -1
    outer loop
      vertex 12.1854 122.375 0
      vertex 4.49144 120.131 0
      vertex 11.9974 122.756 0
    endloop
  endfacet
  facet normal 0 0 -1
    outer loop
      vertex 4.49144 120.131 0
      vertex 12.1854 122.375 0
      vertex 4.5 120 0
    endloop
  endfacet
  facet normal 0 0 -1
    outer loop
      vertex -11.75 7 0
      vertex 11.75 7 0
      vertex 11.7778 6.57579 0
    endloop
  endfacet
  facet normal 0 -0 -1
    outer loop
      vertex 4.49144 119.869 0
      vertex 12.4216 122.022 0
      vertex 4.46593 119.741 0
    endloop
  endfacet
  facet normal -0 0 -1
    outer loop
      vertex 12.4216 122.022 0
      vertex 4.5 120 0
      vertex 12.1854 122.375 0
    endloop
  endfacet
  facet normal 0 -0 -1
    outer loop
      vertex 4.5 120 0
      vertex 12.4216 122.022 0
      vertex 4.49144 119.869 0
    endloop
  endfacet
  facet normal 0 0 -1
    outer loop
      vertex 4.29335 119.391 0
      vertex 2.67388 116.586 0
      vertex 4.20711 119.293 0
    endloop
  endfacet
  facet normal 0 0 -1
    outer loop
      vertex 4.20711 119.293 0
      vertex 2.71593 116.71 0
      vertex 4.10876 119.207 0
    endloop
  endfacet
  facet normal 0 -0 -1
    outer loop
      vertex 2.74144 116.838 0
      vertex 4.10876 119.207 0
      vertex 2.71593 116.71 0
    endloop
  endfacet
  facet normal 0 0 -1
    outer loop
      vertex 4.10876 119.207 0
      vertex 2.74144 116.838 0
      vertex 4 119.134 0
    endloop
  endfacet
  facet normal 0 -0 -1
    outer loop
      vertex 2.75 116.969 0
      vertex 4 119.134 0
      vertex 2.74144 116.838 0
    endloop
  endfacet
  facet normal 0 0 -1
    outer loop
      vertex 2.74144 117.099 0
      vertex 3.88268 119.076 0
      vertex 2.75 116.969 0
    endloop
  endfacet
  facet normal 0 0 -1
    outer loop
      vertex 3.88268 119.076 0
      vertex 2.74144 117.099 0
      vertex 3.75882 119.034 0
    endloop
  endfacet
  facet normal 0 0 -1
    outer loop
      vertex 2.71593 117.228 0
      vertex 3.75882 119.034 0
      vertex 2.74144 117.099 0
    endloop
  endfacet
  facet normal 0 0 -1
    outer loop
      vertex 2.67388 117.352 0
      vertex 3.63053 119.009 0
      vertex 2.71593 117.228 0
    endloop
  endfacet
  facet normal 0 0 -1
    outer loop
      vertex 3.63053 119.009 0
      vertex 2.67388 117.352 0
      vertex 3.5 119 0
    endloop
  endfacet
  facet normal -0 0 -1
    outer loop
      vertex 3.5 119 0
      vertex 2.61602 117.469 0
      vertex 3.36947 119.009 0
    endloop
  endfacet
  facet normal 0 0 -1
    outer loop
      vertex 2.54335 117.578 0
      vertex 3.36947 119.009 0
      vertex 2.61602 117.469 0
    endloop
  endfacet
  facet normal 0 0 -1
    outer loop
      vertex 2.61602 117.469 0
      vertex 3.5 119 0
      vertex 2.67388 117.352 0
    endloop
  endfacet
  facet normal 0 0 -1
    outer loop
      vertex 3.75882 119.034 0
      vertex 2.71593 117.228 0
      vertex 3.63053 119.009 0
    endloop
  endfacet
  facet normal 0 0 -1
    outer loop
      vertex 4 119.134 0
      vertex 2.75 116.969 0
      vertex 3.88268 119.076 0
    endloop
  endfacet
  facet normal 0 -0 -1
    outer loop
      vertex 2.71593 116.71 0
      vertex 4.20711 119.293 0
      vertex 2.67388 116.586 0
    endloop
  endfacet
  facet normal -0 0 -1
    outer loop
      vertex 12.7019 121.702 0
      vertex 4.46593 119.741 0
      vertex 12.4216 122.022 0
    endloop
  endfacet
  facet normal 0 -0 -1
    outer loop
      vertex 4.46593 119.741 0
      vertex 12.7019 121.702 0
      vertex 4.42388 119.617 0
    endloop
  endfacet
  facet normal 0 -0 -1
    outer loop
      vertex 4.36602 119.5 0
      vertex 13.375 121.185 0
      vertex 4.29335 119.391 0
    endloop
  endfacet
  facet normal 0 -0 -1
    outer loop
      vertex 2.61602 116.469 0
      vertex 14.1588 120.861 0
      vertex 2.54335 116.36 0
    endloop
  endfacet
  facet normal 0 0 -1
    outer loop
      vertex 15.4242 10.2222 0
      vertex 2.13268 116.045 0
      vertex 2.25 116.103 0
    endloop
  endfacet
  facet normal 0 0 -1
    outer loop
      vertex 15.4242 10.2222 0
      vertex 2.00882 116.003 0
      vertex 2.13268 116.045 0
    endloop
  endfacet
  facet normal 0 0 -1
    outer loop
      vertex 15 10.25 0
      vertex 1.88053 115.977 0
      vertex 2.00882 116.003 0
    endloop
  endfacet
  facet normal 0 0 -1
    outer loop
      vertex 14.5758 10.2222 0
      vertex 1.75 115.969 0
      vertex 1.88053 115.977 0
    endloop
  endfacet
  facet normal 0 0 -1
    outer loop
      vertex -12.4216 8.97847 0
      vertex 12.4216 8.97847 0
      vertex -12.1854 8.625 0
    endloop
  endfacet
  facet normal 0 0 -1
    outer loop
      vertex 14.1588 10.1393 0
      vertex -1.75 115.969 0
      vertex 1.75 115.969 0
    endloop
  endfacet
  facet normal 0 -0 -1
    outer loop
      vertex -1.61947 115.977 0
      vertex 1.61947 115.977 0
      vertex -1.75 115.969 0
    endloop
  endfacet
  facet normal 0 0 -1
    outer loop
      vertex 1.61947 115.977 0
      vertex -1.61947 115.977 0
      vertex 1.49118 116.003 0
    endloop
  endfacet
  facet normal 0 0 -1
    outer loop
      vertex 1.49118 116.003 0
      vertex -1.49118 116.003 0
      vertex 1.36732 116.045 0
    endloop
  endfacet
  facet normal 0 -0 -1
    outer loop
      vertex -1.36732 116.045 0
      vertex 1.36732 116.045 0
      vertex -1.49118 116.003 0
    endloop
  endfacet
  facet normal 0 0 -1
    outer loop
      vertex 1.36732 116.045 0
      vertex -1.36732 116.045 0
      vertex 1.25 116.103 0
    endloop
  endfacet
  facet normal 0 -0 -1
    outer loop
      vertex -1.25 116.103 0
      vertex 1.25 116.103 0
      vertex -1.36732 116.045 0
    endloop
  endfacet
  facet normal 0 -0 -1
    outer loop
      vertex -1.14124 116.176 0
      vertex 1.14124 116.176 0
      vertex -1.25 116.103 0
    endloop
  endfacet
  facet normal 0 0 -1
    outer loop
      vertex 1.14124 116.176 0
      vertex -1.14124 116.176 0
      vertex 1.04289 116.262 0
    endloop
  endfacet
  facet normal 0 0 -1
    outer loop
      vertex 1.04289 116.262 0
      vertex -1.04289 116.262 0
      vertex 0.956646 116.36 0
    endloop
  endfacet
  facet normal 0 0 -1
    outer loop
      vertex 1.36732 117.893 0
      vertex 0.608761 119.207 0
      vertex 0.707107 119.293 0
    endloop
  endfacet
  facet normal 0 0 -1
    outer loop
      vertex 1.25 117.835 0
      vertex 0.5 119.134 0
      vertex 0.608761 119.207 0
    endloop
  endfacet
  facet normal 0 0 -1
    outer loop
      vertex -0.75 116.969 0
      vertex 0.75 116.969 0
      vertex 0.758554 116.838 0
    endloop
  endfacet
  facet normal 0 -0 -1
    outer loop
      vertex -0.956646 116.36 0
      vertex 0.956646 116.36 0
      vertex -1.04289 116.262 0
    endloop
  endfacet
  facet normal 0 0 -1
    outer loop
      vertex 0.784074 116.71 0
      vertex -0.784074 116.71 0
      vertex 0.758554 116.838 0
    endloop
  endfacet
  facet normal 0 -0 -1
    outer loop
      vertex -0.758554 116.838 0
      vertex 0.758554 116.838 0
      vertex -0.784074 116.71 0
    endloop
  endfacet
  facet normal 0 -0 -1
    outer loop
      vertex -0.75 116.969 0
      vertex 0.758554 116.838 0
      vertex -0.758554 116.838 0
    endloop
  endfacet
  facet normal 0 0 -1
    outer loop
      vertex -0.784074 117.228 0
      vertex 0.784074 117.228 0
      vertex -0.758554 117.099 0
    endloop
  endfacet
  facet normal 0 0 -1
    outer loop
      vertex 1.04289 117.676 0
      vertex 0.258819 119.034 0
      vertex 0.382683 119.076 0
    endloop
  endfacet
  facet normal 0 0 -1
    outer loop
      vertex 0.956646 117.578 0
      vertex 0.130526 119.009 0
      vertex 0.258819 119.034 0
    endloop
  endfacet
  facet normal 0 0 -1
    outer loop
      vertex 0.883974 117.469 0
      vertex 0 119 0
      vertex 0.130526 119.009 0
    endloop
  endfacet
  facet normal 0 0 -1
    outer loop
      vertex 0.82612 117.352 0
      vertex -0.82612 117.352 0
      vertex 0.883974 117.469 0
    endloop
  endfacet
  facet normal 0 0 -1
    outer loop
      vertex -0.883974 117.469 0
      vertex 0.883974 117.469 0
      vertex -0.82612 117.352 0
    endloop
  endfacet
  facet normal -0 0 -1
    outer loop
      vertex 0 119 0
      vertex -0.883974 117.469 0
      vertex -0.130526 119.009 0
    endloop
  endfacet
  facet normal 0 0 -1
    outer loop
      vertex -0.956646 117.578 0
      vertex -0.130526 119.009 0
      vertex -0.883974 117.469 0
    endloop
  endfacet
  facet normal 0 0 -1
    outer loop
      vertex 0.883974 117.469 0
      vertex -0.883974 117.469 0
      vertex 0 119 0
    endloop
  endfacet
  facet normal 0 0 -1
    outer loop
      vertex -0.82612 117.352 0
      vertex 0.82612 117.352 0
      vertex -0.784074 117.228 0
    endloop
  endfacet
  facet normal 0 0 -1
    outer loop
      vertex 1.14124 117.762 0
      vertex 0.382683 119.076 0
      vertex 0.5 119.134 0
    endloop
  endfacet
  facet normal 0 -0 -1
    outer loop
      vertex -0.784074 116.71 0
      vertex 0.784074 116.71 0
      vertex -0.82612 116.586 0
    endloop
  endfacet
  facet normal 0 0 -1
    outer loop
      vertex 0.82612 116.586 0
      vertex -0.82612 116.586 0
      vertex 0.784074 116.71 0
    endloop
  endfacet
  facet normal 0 -0 -1
    outer loop
      vertex -0.82612 116.586 0
      vertex 0.82612 116.586 0
      vertex -0.883974 116.469 0
    endloop
  endfacet
  facet normal 0 0 -1
    outer loop
      vertex 0.883974 116.469 0
      vertex -0.883974 116.469 0
      vertex 0.82612 116.586 0
    endloop
  endfacet
  facet normal 0 -0 -1
    outer loop
      vertex -0.883974 116.469 0
      vertex 0.883974 116.469 0
      vertex -0.956646 116.36 0
    endloop
  endfacet
  facet normal 0 0 -1
    outer loop
      vertex 0.956646 116.36 0
      vertex -0.956646 116.36 0
      vertex 0.883974 116.469 0
    endloop
  endfacet
  facet normal 0 -0 -1
    outer loop
      vertex -1.04289 116.262 0
      vertex 1.04289 116.262 0
      vertex -1.14124 116.176 0
    endloop
  endfacet
  facet normal 0 0 -1
    outer loop
      vertex 1.25 116.103 0
      vertex -1.25 116.103 0
      vertex 1.14124 116.176 0
    endloop
  endfacet
  facet normal 0 -0 -1
    outer loop
      vertex -1.49118 116.003 0
      vertex 1.49118 116.003 0
      vertex -1.61947 115.977 0
    endloop
  endfacet
  facet normal 0 0 -1
    outer loop
      vertex 1.75 115.969 0
      vertex -1.75 115.969 0
      vertex 1.61947 115.977 0
    endloop
  endfacet
  facet normal 0 0 -1
    outer loop
      vertex 12.4216 8.97847 0
      vertex -12.4216 8.97847 0
      vertex 12.7019 9.2981 0
    endloop
  endfacet
  facet normal 0 0 -1
    outer loop
      vertex -12.7019 9.2981 0
      vertex 12.7019 9.2981 0
      vertex -12.4216 8.97847 0
    endloop
  endfacet
  facet normal 0 0 -1
    outer loop
      vertex -13.0215 9.5784 0
      vertex 13.0215 9.5784 0
      vertex -12.7019 9.2981 0
    endloop
  endfacet
  facet normal 0 0 -1
    outer loop
      vertex 13.0215 9.5784 0
      vertex -13.0215 9.5784 0
      vertex 13.375 9.81458 0
    endloop
  endfacet
  facet normal 0 0 -1
    outer loop
      vertex -13.375 9.81458 0
      vertex 13.375 9.81458 0
      vertex -13.0215 9.5784 0
    endloop
  endfacet
  facet normal 0 0 -1
    outer loop
      vertex 13.375 9.81458 0
      vertex -13.375 9.81458 0
      vertex 13.7563 10.0026 0
    endloop
  endfacet
  facet normal 0 0 -1
    outer loop
      vertex -13.7563 10.0026 0
      vertex 13.7563 10.0026 0
      vertex -13.375 9.81458 0
    endloop
  endfacet
  facet normal 0 0 -1
    outer loop
      vertex -2.45711 116.262 0
      vertex -11.75 124 0
      vertex -2.54335 116.36 0
    endloop
  endfacet
  facet normal 0 0 -1
    outer loop
      vertex -2.54335 116.36 0
      vertex -11.75 124 0
      vertex -2.61602 116.469 0
    endloop
  endfacet
  facet normal 0 0 -1
    outer loop
      vertex -11.75 124 0
      vertex -2.67388 116.586 0
      vertex -2.61602 116.469 0
    endloop
  endfacet
  facet normal 0 0 -1
    outer loop
      vertex -2.13268 117.893 0
      vertex -2.89124 119.207 0
      vertex -2.79289 119.293 0
    endloop
  endfacet
  facet normal 0 0 -1
    outer loop
      vertex -2.25 117.835 0
      vertex -3 119.134 0
      vertex -2.89124 119.207 0
    endloop
  endfacet
  facet normal 0 0 -1
    outer loop
      vertex -4 119.134 0
      vertex -2.75 116.969 0
      vertex -2.74144 116.838 0
    endloop
  endfacet
  facet normal 0 0 -1
    outer loop
      vertex -2.35876 117.762 0
      vertex -3.11732 119.076 0
      vertex -3 119.134 0
    endloop
  endfacet
  facet normal 0 0 -1
    outer loop
      vertex -11.75 124 0
      vertex -4.29335 119.391 0
      vertex -2.67388 116.586 0
    endloop
  endfacet
  facet normal 0 0 -1
    outer loop
      vertex -2.45711 117.676 0
      vertex -3.24118 119.034 0
      vertex -3.11732 119.076 0
    endloop
  endfacet
  facet normal 0 0 -1
    outer loop
      vertex -2.54335 117.578 0
      vertex -3.36947 119.009 0
      vertex -3.24118 119.034 0
    endloop
  endfacet
  facet normal 0 0 -1
    outer loop
      vertex -2.67388 116.586 0
      vertex -4.29335 119.391 0
      vertex -2.71593 116.71 0
    endloop
  endfacet
  facet normal 0 0 -1
    outer loop
      vertex -2.61602 117.469 0
      vertex -3.5 119 0
      vertex -3.36947 119.009 0
    endloop
  endfacet
  facet normal 0 0 -1
    outer loop
      vertex -2.67388 117.352 0
      vertex -3.63053 119.009 0
      vertex -3.5 119 0
    endloop
  endfacet
  facet normal 0 0 -1
    outer loop
      vertex -2.71593 117.228 0
      vertex -3.75882 119.034 0
      vertex -3.63053 119.009 0
    endloop
  endfacet
  facet normal 0 0 -1
    outer loop
      vertex -2.74144 117.099 0
      vertex -3.88268 119.076 0
      vertex -3.75882 119.034 0
    endloop
  endfacet
  facet normal 0 0 -1
    outer loop
      vertex -2.75 116.969 0
      vertex -4 119.134 0
      vertex -3.88268 119.076 0
    endloop
  endfacet
  facet normal 0 0 -1
    outer loop
      vertex -2.74144 116.838 0
      vertex -4.10876 119.207 0
      vertex -4 119.134 0
    endloop
  endfacet
  facet normal 0 0 -1
    outer loop
      vertex -2.74144 116.838 0
      vertex -4.20711 119.293 0
      vertex -4.10876 119.207 0
    endloop
  endfacet
  facet normal 0 0 -1
    outer loop
      vertex -2.71593 116.71 0
      vertex -4.20711 119.293 0
      vertex -2.74144 116.838 0
    endloop
  endfacet
  facet normal -0 -0 -1
    outer loop
      vertex -4.20711 119.293 0
      vertex -2.71593 116.71 0
      vertex -4.29335 119.391 0
    endloop
  endfacet
  facet normal 0 0 -1
    outer loop
      vertex -4.29335 119.391 0
      vertex -11.75 124 0
      vertex -4.36602 119.5 0
    endloop
  endfacet
  facet normal 0 0 -1
    outer loop
      vertex -4.36602 119.5 0
      vertex -11.75 124 0
      vertex -4.42388 119.617 0
    endloop
  endfacet
  facet normal 0 0 -1
    outer loop
      vertex -11.75 124 0
      vertex -4.5 120 0
      vertex -4.49144 119.869 0
    endloop
  endfacet
  facet normal 0 0 -1
    outer loop
      vertex -12.1854 125.625 0
      vertex -2.45711 123.738 0
      vertex -11.9974 125.244 0
    endloop
  endfacet
  facet normal 0 0 -1
    outer loop
      vertex -8 152 0
      vertex -11.6955 149.531 0
      vertex -8.52211 151.966 0
    endloop
  endfacet
  facet normal 0 0 -1
    outer loop
      vertex -8.52211 151.966 0
      vertex -11.6955 149.531 0
      vertex -9.03528 151.864 0
    endloop
  endfacet
  facet normal 0 0 -1
    outer loop
      vertex -4.42388 119.617 0
      vertex -11.75 124 0
      vertex -4.46593 119.741 0
    endloop
  endfacet
  facet normal 0 0 -1
    outer loop
      vertex -9.03528 151.864 0
      vertex -11.6955 149.531 0
      vertex -9.53073 151.696 0
    endloop
  endfacet
  facet normal 0 0 -1
    outer loop
      vertex -9.53073 151.696 0
      vertex -11.6955 149.531 0
      vertex -10 151.464 0
    endloop
  endfacet
  facet normal 0 0 -1
    outer loop
      vertex -10 151.464 0
      vertex -11.6955 149.531 0
      vertex -10.435 151.173 0
    endloop
  endfacet
  facet normal 0 0 -1
    outer loop
      vertex -10.435 151.173 0
      vertex -11.6955 149.531 0
      vertex -10.8284 150.828 0
    endloop
  endfacet
  facet normal 0 0 -1
    outer loop
      vertex -10.8284 150.828 0
      vertex -11.6955 149.531 0
      vertex -11.1734 150.435 0
    endloop
  endfacet
  facet normal 0 0 -1
    outer loop
      vertex -11.1734 150.435 0
      vertex -11.6955 149.531 0
      vertex -11.4641 150 0
    endloop
  endfacet
  facet normal 0 0 -1
    outer loop
      vertex -4.46593 119.741 0
      vertex -11.75 124 0
      vertex -4.49144 119.869 0
    endloop
  endfacet
  facet normal 0 0 -1
    outer loop
      vertex -11.7778 6.57579 0
      vertex 11.7778 6.57579 0
      vertex 11.8607 6.15884 0
    endloop
  endfacet
  facet normal 0 0 -1
    outer loop
      vertex -11.8607 6.15884 0
      vertex 11.8607 6.15884 0
      vertex 11.9974 5.75628 0
    endloop
  endfacet
  facet normal 0 0 -1
    outer loop
      vertex -11.9974 5.75628 0
      vertex 11.9974 5.75628 0
      vertex 12.1854 5.375 0
    endloop
  endfacet
  facet normal 0 0 -1
    outer loop
      vertex -12.1854 5.375 0
      vertex 12.1854 5.375 0
      vertex 12.4216 5.02153 0
    endloop
  endfacet
  facet normal 0 0 -1
    outer loop
      vertex -12.4216 5.02153 0
      vertex 12.4216 5.02153 0
      vertex 12.7019 4.7019 0
    endloop
  endfacet
  facet normal 0 0 -1
    outer loop
      vertex 13.0215 4.4216 0
      vertex -13.0215 4.4216 0
      vertex 12.7019 4.7019 0
    endloop
  endfacet
  facet normal 0 0 -1
    outer loop
      vertex 11.7778 6.57579 0
      vertex -11.7778 6.57579 0
      vertex -11.75 7 0
    endloop
  endfacet
  facet normal 0 0 -1
    outer loop
      vertex 11.8607 6.15884 0
      vertex -11.8607 6.15884 0
      vertex -11.7778 6.57579 0
    endloop
  endfacet
  facet normal 0 0 -1
    outer loop
      vertex 11.9974 5.75628 0
      vertex -11.9974 5.75628 0
      vertex -11.8607 6.15884 0
    endloop
  endfacet
  facet normal 0 0 -1
    outer loop
      vertex 12.1854 5.375 0
      vertex -12.1854 5.375 0
      vertex -11.9974 5.75628 0
    endloop
  endfacet
  facet normal 0 0 -1
    outer loop
      vertex 12.4216 5.02153 0
      vertex -12.4216 5.02153 0
      vertex -12.1854 5.375 0
    endloop
  endfacet
  facet normal 0 0 -1
    outer loop
      vertex 12.7019 4.7019 0
      vertex -12.7019 4.7019 0
      vertex -12.4216 5.02153 0
    endloop
  endfacet
  facet normal -0 0 -1
    outer loop
      vertex 12.7019 4.7019 0
      vertex -13.0215 4.4216 0
      vertex -12.7019 4.7019 0
    endloop
  endfacet
  facet normal 0 0 -1
    outer loop
      vertex 18 0 0
      vertex -13.375 4.18542 0
      vertex -13.0215 4.4216 0
    endloop
  endfacet
  facet normal 0 0 -1
    outer loop
      vertex -18 0 0
      vertex -13.375 4.18542 0
      vertex 18 0 0
    endloop
  endfacet
  facet normal 0 0 -1
    outer loop
      vertex -13.375 4.18542 0
      vertex -18 0 0
      vertex -13.7563 3.99739 0
    endloop
  endfacet
  facet normal 0 0 -1
    outer loop
      vertex -13.7563 3.99739 0
      vertex -18 0 0
      vertex -14.1588 3.86074 0
    endloop
  endfacet
  facet normal 0 0 -1
    outer loop
      vertex -14.1588 3.86074 0
      vertex -18 0 0
      vertex -14.5758 3.7778 0
    endloop
  endfacet
  facet normal 0 0 -1
    outer loop
      vertex -14.5758 3.7778 0
      vertex -18 0 0
      vertex -15 3.75 0
    endloop
  endfacet
  facet normal -0 0 -1
    outer loop
      vertex -15 3.75 0
      vertex -18 0 0
      vertex -15.4242 3.7778 0
    endloop
  endfacet
  facet normal 0 0 -1
    outer loop
      vertex -18 0 0
      vertex -15.8412 3.86074 0
      vertex -15.4242 3.7778 0
    endloop
  endfacet
  facet normal 0 0 -1
    outer loop
      vertex -18 0 0
      vertex -16.2437 3.99739 0
      vertex -15.8412 3.86074 0
    endloop
  endfacet
  facet normal 0 0 -1
    outer loop
      vertex -18 0 0
      vertex -16.625 4.18542 0
      vertex -16.2437 3.99739 0
    endloop
  endfacet
  facet normal 0 0 -1
    outer loop
      vertex -18 0 0
      vertex -16.9785 4.4216 0
      vertex -16.625 4.18542 0
    endloop
  endfacet
  facet normal 0 0 -1
    outer loop
      vertex -18.6526 0.0427704 0
      vertex -16.9785 4.4216 0
      vertex -18 0 0
    endloop
  endfacet
  facet normal 0 0 -1
    outer loop
      vertex -19.2941 0.170364 0
      vertex -16.9785 4.4216 0
      vertex -18.6526 0.0427704 0
    endloop
  endfacet
  facet normal -0 0 -1
    outer loop
      vertex -16.9785 4.4216 0
      vertex -19.2941 0.170364 0
      vertex -17.2981 4.7019 0
    endloop
  endfacet
  facet normal 0 0 -1
    outer loop
      vertex -19.9134 0.3806 0
      vertex -17.2981 4.7019 0
      vertex -19.2941 0.170364 0
    endloop
  endfacet
  facet normal 0 0 -1
    outer loop
      vertex -20.5 0.669876 0
      vertex -17.2981 4.7019 0
      vertex -19.9134 0.3806 0
    endloop
  endfacet
  facet normal 0 0 -1
    outer loop
      vertex -21.0438 1.03323 0
      vertex -17.2981 4.7019 0
      vertex -20.5 0.669876 0
    endloop
  endfacet
  facet normal -0 0 -1
    outer loop
      vertex -17.2981 4.7019 0
      vertex -21.0438 1.03323 0
      vertex -17.5784 5.02153 0
    endloop
  endfacet
  facet normal 0 0 -1
    outer loop
      vertex -21.9668 1.95619 0
      vertex -17.5784 5.02153 0
      vertex -21.5355 1.46446 0
    endloop
  endfacet
  facet normal 0 0 -1
    outer loop
      vertex -21.5355 1.46446 0
      vertex -17.5784 5.02153 0
      vertex -21.0438 1.03323 0
    endloop
  endfacet
  facet normal 0 0 -1
    outer loop
      vertex 18.2222 6.57579 0
      vertex 23 5 0
      vertex 22.9572 4.34737 0
    endloop
  endfacet
  facet normal 0 0 -1
    outer loop
      vertex 18.2222 7.42421 0
      vertex 23 5 0
      vertex 18.25 7 0
    endloop
  endfacet
  facet normal 0 0 -1
    outer loop
      vertex 18.2222 6.57579 0
      vertex 22.9572 4.34737 0
      vertex 22.8296 3.7059 0
    endloop
  endfacet
  facet normal 0 0 -1
    outer loop
      vertex 18.1393 7.84116 0
      vertex 23 5 0
      vertex 18.2222 7.42421 0
    endloop
  endfacet
  facet normal 0 0 -1
    outer loop
      vertex 18.2222 6.57579 0
      vertex 22.8296 3.7059 0
      vertex 22.6194 3.08658 0
    endloop
  endfacet
  facet normal 0 0 -1
    outer loop
      vertex 18.2222 124.424 0
      vertex 23 125 0
      vertex 18.25 124 0
    endloop
  endfacet
  facet normal 0 0 -1
    outer loop
      vertex 18.2222 6.57579 0
      vertex 22.6194 3.08658 0
      vertex 22.3301 2.5 0
    endloop
  endfacet
  facet normal 0 0 -1
    outer loop
      vertex 18.2222 6.57579 0
      vertex 22.3301 2.5 0
      vertex 21.9668 1.95619 0
    endloop
  endfacet
  facet normal 0 0 -1
    outer loop
      vertex 18.2222 6.57579 0
      vertex 21.9668 1.95619 0
      vertex 21.5355 1.46446 0
    endloop
  endfacet
  facet normal 0 0 -1
    outer loop
      vertex 18.2222 6.57579 0
      vertex 21.5355 1.46446 0
      vertex 21.0438 1.03323 0
    endloop
  endfacet
  facet normal 0 0 -1
    outer loop
      vertex 18.2222 6.57579 0
      vertex 21.0438 1.03323 0
      vertex 20.5 0.669876 0
    endloop
  endfacet
  facet normal 0 0 -1
    outer loop
      vertex 18.2222 6.57579 0
      vertex 20.5 0.669876 0
      vertex 19.9134 0.3806 0
    endloop
  endfacet
  facet normal 0 0 -1
    outer loop
      vertex 18.2222 6.57579 0
      vertex 19.9134 0.3806 0
      vertex 19.2941 0.170364 0
    endloop
  endfacet
  facet normal 0 0 -1
    outer loop
      vertex 16.9785 4.4216 0
      vertex 19.2941 0.170364 0
      vertex 18.6526 0.0427704 0
    endloop
  endfacet
  facet normal 0 0 -1
    outer loop
      vertex 18.1393 124.841 0
      vertex 23 125 0
      vertex 18.2222 124.424 0
    endloop
  endfacet
  facet normal -0 0 -1
    outer loop
      vertex 23 125 0
      vertex 18.1393 124.841 0
      vertex 22.9572 125.653 0
    endloop
  endfacet
  facet normal -0 0 -1
    outer loop
      vertex 22.9572 125.653 0
      vertex 18.1393 124.841 0
      vertex 22.8296 126.294 0
    endloop
  endfacet
  facet normal -0 0 -1
    outer loop
      vertex 22.8296 126.294 0
      vertex 18.1393 124.841 0
      vertex 22.6194 126.913 0
    endloop
  endfacet
  facet normal 0 0 -1
    outer loop
      vertex 18.0026 125.244 0
      vertex 22.6194 126.913 0
      vertex 18.1393 124.841 0
    endloop
  endfacet
  facet normal 0 0 -1
    outer loop
      vertex 17.8146 125.625 0
      vertex 22.6194 126.913 0
      vertex 18.0026 125.244 0
    endloop
  endfacet
  facet normal 0 0 -1
    outer loop
      vertex 17.5784 125.978 0
      vertex 22.6194 126.913 0
      vertex 17.8146 125.625 0
    endloop
  endfacet
  facet normal 0 0 -1
    outer loop
      vertex 17.2981 126.298 0
      vertex 22.6194 126.913 0
      vertex 17.5784 125.978 0
    endloop
  endfacet
  facet normal 0 0 -1
    outer loop
      vertex 16.9785 126.578 0
      vertex 22.6194 126.913 0
      vertex 17.2981 126.298 0
    endloop
  endfacet
  facet normal 0 0 -1
    outer loop
      vertex 16.625 126.815 0
      vertex 22.6194 126.913 0
      vertex 16.9785 126.578 0
    endloop
  endfacet
  facet normal 0 0 -1
    outer loop
      vertex 16.2437 127.003 0
      vertex 22.6194 126.913 0
      vertex 16.625 126.815 0
    endloop
  endfacet
  facet normal 0 0 -1
    outer loop
      vertex 15.8412 127.139 0
      vertex 22.6194 126.913 0
      vertex 16.2437 127.003 0
    endloop
  endfacet
  facet normal 0 0 -1
    outer loop
      vertex 11.6955 149.531 0
      vertex 15.8412 127.139 0
      vertex 15.4242 127.222 0
    endloop
  endfacet
  facet normal 0 0 -1
    outer loop
      vertex 11.6955 149.531 0
      vertex 15.4242 127.222 0
      vertex 15 127.25 0
    endloop
  endfacet
  facet normal 0 0 -1
    outer loop
      vertex 15.8412 127.139 0
      vertex 11.6955 149.531 0
      vertex 22.6194 126.913 0
    endloop
  endfacet
  facet normal 0 0 -1
    outer loop
      vertex 14.5758 127.222 0
      vertex 11.6955 149.531 0
      vertex 15 127.25 0
    endloop
  endfacet
  facet normal 0 0 -1
    outer loop
      vertex 14.1588 127.139 0
      vertex 11.6955 149.531 0
      vertex 14.5758 127.222 0
    endloop
  endfacet
  facet normal 0 0 -1
    outer loop
      vertex 13.7563 127.003 0
      vertex 11.6955 149.531 0
      vertex 14.1588 127.139 0
    endloop
  endfacet
  facet normal 0 0 -1
    outer loop
      vertex 13.375 126.815 0
      vertex 11.6955 149.531 0
      vertex 13.7563 127.003 0
    endloop
  endfacet
  facet normal 0 0 -1
    outer loop
      vertex 13.0215 126.578 0
      vertex 11.6955 149.531 0
      vertex 13.375 126.815 0
    endloop
  endfacet
  facet normal 0 0 -1
    outer loop
      vertex 12.7019 126.298 0
      vertex 11.6955 149.531 0
      vertex 13.0215 126.578 0
    endloop
  endfacet
  facet normal 0 0 -1
    outer loop
      vertex 12.4216 125.978 0
      vertex 11.6955 149.531 0
      vertex 12.7019 126.298 0
    endloop
  endfacet
  facet normal 0 0 -1
    outer loop
      vertex 12.1854 125.625 0
      vertex 11.6955 149.531 0
      vertex 12.4216 125.978 0
    endloop
  endfacet
  facet normal 0 0 -1
    outer loop
      vertex 11.9974 125.244 0
      vertex 11.6955 149.531 0
      vertex 12.1854 125.625 0
    endloop
  endfacet
  facet normal 0 0 -1
    outer loop
      vertex 11.8607 124.841 0
      vertex 11.6955 149.531 0
      vertex 11.9974 125.244 0
    endloop
  endfacet
  facet normal 0 0 -1
    outer loop
      vertex 11.7778 124.424 0
      vertex 11.6955 149.531 0
      vertex 11.8607 124.841 0
    endloop
  endfacet
  facet normal 0 0 -1
    outer loop
      vertex 11.6955 149.531 0
      vertex 11.7778 124.424 0
      vertex 11.75 124 0
    endloop
  endfacet
  facet normal 0 0 -1
    outer loop
      vertex 2.25 123.897 0
      vertex 11.75 124 0
      vertex 2.35876 123.824 0
    endloop
  endfacet
  facet normal 0 0 -1
    outer loop
      vertex 2.13268 123.955 0
      vertex 11.75 124 0
      vertex 2.25 123.897 0
    endloop
  endfacet
  facet normal -0 0 -1
    outer loop
      vertex 11.75 124 0
      vertex 2.13268 123.955 0
      vertex 11.6955 149.531 0
    endloop
  endfacet
  facet normal 0 0 -1
    outer loop
      vertex 2.00882 123.997 0
      vertex 11.6955 149.531 0
      vertex 2.13268 123.955 0
    endloop
  endfacet
  facet normal 0 0 -1
    outer loop
      vertex 1.88053 124.023 0
      vertex 11.6955 149.531 0
      vertex 2.00882 123.997 0
    endloop
  endfacet
  facet normal 0 0 -1
    outer loop
      vertex 2.71593 123.29 0
      vertex 11.75 124 0
      vertex 4.20711 120.707 0
    endloop
  endfacet
  facet normal 0 0 -1
    outer loop
      vertex 2.71593 123.29 0
      vertex 4.20711 120.707 0
      vertex 4.10876 120.793 0
    endloop
  endfacet
  facet normal 0 0 -1
    outer loop
      vertex 2.74144 123.162 0
      vertex 4.10876 120.793 0
      vertex 4 120.866 0
    endloop
  endfacet
  facet normal 0 0 -1
    outer loop
      vertex 2.75 123.031 0
      vertex 4 120.866 0
      vertex 3.88268 120.924 0
    endloop
  endfacet
  facet normal 0 0 -1
    outer loop
      vertex 2.74144 122.901 0
      vertex 3.88268 120.924 0
      vertex 3.75882 120.966 0
    endloop
  endfacet
  facet normal 0 0 -1
    outer loop
      vertex 2.74144 122.901 0
      vertex 3.75882 120.966 0
      vertex 3.63053 120.991 0
    endloop
  endfacet
  facet normal 0 0 -1
    outer loop
      vertex 2.74144 122.901 0
      vertex 3.63053 120.991 0
      vertex 3.5 121 0
    endloop
  endfacet
  facet normal 0 0 -1
    outer loop
      vertex 2.74144 122.901 0
      vertex 3.5 121 0
      vertex 3.36947 120.991 0
    endloop
  endfacet
  facet normal 0 0 -1
    outer loop
      vertex 2.74144 122.901 0
      vertex 3.36947 120.991 0
      vertex 3.24118 120.966 0
    endloop
  endfacet
  facet normal 0 0 -1
    outer loop
      vertex 2.74144 122.901 0
      vertex 3.24118 120.966 0
      vertex 3.11732 120.924 0
    endloop
  endfacet
  facet normal 0 0 -1
    outer loop
      vertex 2.74144 122.901 0
      vertex 3.11732 120.924 0
      vertex 3 120.866 0
    endloop
  endfacet
  facet normal 0 0 -1
    outer loop
      vertex 2.74144 122.901 0
      vertex 3 120.866 0
      vertex 2.89124 120.793 0
    endloop
  endfacet
  facet normal 0 0 -1
    outer loop
      vertex 2.13268 122.107 0
      vertex 2.89124 120.793 0
      vertex 2.79289 120.707 0
    endloop
  endfacet
  facet normal 0 0 -1
    outer loop
      vertex 4 120.866 0
      vertex 2.75 123.031 0
      vertex 2.74144 123.162 0
    endloop
  endfacet
  facet normal 0 0 -1
    outer loop
      vertex 4.10876 120.793 0
      vertex 2.74144 123.162 0
      vertex 2.71593 123.29 0
    endloop
  endfacet
  facet normal 0 0 -1
    outer loop
      vertex 11.75 124 0
      vertex 2.71593 123.29 0
      vertex 2.67388 123.414 0
    endloop
  endfacet
  facet normal 0 0 -1
    outer loop
      vertex 1.75 124.031 0
      vertex 11.6955 149.531 0
      vertex 1.88053 124.023 0
    endloop
  endfacet
  facet normal 0 -0 -1
    outer loop
      vertex 8 152 0
      vertex 11.6955 149.531 0
      vertex 1.75 124.031 0
    endloop
  endfacet
  facet normal 0 0 -1
    outer loop
      vertex 11.4641 150 0
      vertex 8 152 0
      vertex 11.1734 150.435 0
    endloop
  endfacet
  facet normal 0 0 -1
    outer loop
      vertex 10.8284 150.828 0
      vertex 8 152 0
      vertex 10.435 151.173 0
    endloop
  endfacet
  facet normal 0 0 -1
    outer loop
      vertex 10.435 151.173 0
      vertex 8 152 0
      vertex 10 151.464 0
    endloop
  endfacet
  facet normal 0 0 -1
    outer loop
      vertex 9.53073 151.696 0
      vertex 8 152 0
      vertex 9.03528 151.864 0
    endloop
  endfacet
  facet normal 0 0 -1
    outer loop
      vertex 9.03528 151.864 0
      vertex 8 152 0
      vertex 8.52211 151.966 0
    endloop
  endfacet
  facet normal 0 0 -1
    outer loop
      vertex 10 151.464 0
      vertex 8 152 0
      vertex 9.53073 151.696 0
    endloop
  endfacet
  facet normal 0 0 -1
    outer loop
      vertex 11.1734 150.435 0
      vertex 8 152 0
      vertex 10.8284 150.828 0
    endloop
  endfacet
  facet normal 0 0 -1
    outer loop
      vertex 11.6955 149.531 0
      vertex 8 152 0
      vertex 11.4641 150 0
    endloop
  endfacet
  facet normal 0 0 -1
    outer loop
      vertex 1.61947 124.023 0
      vertex 8 152 0
      vertex 1.75 124.031 0
    endloop
  endfacet
  facet normal 0 0 -1
    outer loop
      vertex -1.61947 124.023 0
      vertex 1.61947 124.023 0
      vertex 1.49118 123.997 0
    endloop
  endfacet
  facet normal 0 0 -1
    outer loop
      vertex -1.49118 123.997 0
      vertex 1.49118 123.997 0
      vertex 1.36732 123.955 0
    endloop
  endfacet
  facet normal 0 0 -1
    outer loop
      vertex -1.36732 123.955 0
      vertex 1.36732 123.955 0
      vertex 1.25 123.897 0
    endloop
  endfacet
  facet normal 0 0 -1
    outer loop
      vertex -1.25 123.897 0
      vertex 1.25 123.897 0
      vertex 1.14124 123.824 0
    endloop
  endfacet
  facet normal 0 0 -1
    outer loop
      vertex -1.14124 123.824 0
      vertex 1.14124 123.824 0
      vertex 1.04289 123.738 0
    endloop
  endfacet
  facet normal 0 0 -1
    outer loop
      vertex -1.04289 123.738 0
      vertex 1.04289 123.738 0
      vertex 0.956646 123.64 0
    endloop
  endfacet
  facet normal 0 0 -1
    outer loop
      vertex -0.956646 123.64 0
      vertex 0.956646 123.64 0
      vertex 0.883974 123.531 0
    endloop
  endfacet
  facet normal 0 0 -1
    outer loop
      vertex -0.883974 123.531 0
      vertex 0.883974 123.531 0
      vertex 0.82612 123.414 0
    endloop
  endfacet
  facet normal 0 0 -1
    outer loop
      vertex -0.82612 123.414 0
      vertex 0.82612 123.414 0
      vertex 0.784074 123.29 0
    endloop
  endfacet
  facet normal -0 0 -1
    outer loop
      vertex 0.956646 122.422 0
      vertex 0.130526 120.991 0
      vertex 0.883974 122.531 0
    endloop
  endfacet
  facet normal 0 0 -1
    outer loop
      vertex 0 121 0
      vertex 0.883974 122.531 0
      vertex 0.130526 120.991 0
    endloop
  endfacet
  facet normal 0 0 -1
    outer loop
      vertex -0.758554 122.901 0
      vertex 0.883974 122.531 0
      vertex 0 121 0
    endloop
  endfacet
  facet normal 0 0 -1
    outer loop
      vertex 0.883974 122.531 0
      vertex -0.758554 122.901 0
      vertex 0.82612 122.648 0
    endloop
  endfacet
  facet normal 0 0 -1
    outer loop
      vertex -0.758554 122.901 0
      vertex 0.784074 122.772 0
      vertex 0.82612 122.648 0
    endloop
  endfacet
  facet normal 0 0 -1
    outer loop
      vertex -0.758554 122.901 0
      vertex 0.758554 122.901 0
      vertex 0.784074 122.772 0
    endloop
  endfacet
  facet normal 0 0 -1
    outer loop
      vertex 0.758554 122.901 0
      vertex -0.75 123.031 0
      vertex 0.75 123.031 0
    endloop
  endfacet
  facet normal 0 0 -1
    outer loop
      vertex -0.758554 123.162 0
      vertex 0.758554 123.162 0
      vertex -0.75 123.031 0
    endloop
  endfacet
  facet normal 0 0 -1
    outer loop
      vertex 0.75 123.031 0
      vertex -0.75 123.031 0
      vertex 0.758554 123.162 0
    endloop
  endfacet
  facet normal 0 0 -1
    outer loop
      vertex -0.758554 122.901 0
      vertex 0 121 0
      vertex -0.130526 120.991 0
    endloop
  endfacet
  facet normal 0 0 -1
    outer loop
      vertex -0.758554 122.901 0
      vertex -0.130526 120.991 0
      vertex -0.258819 120.966 0
    endloop
  endfacet
  facet normal 0 0 -1
    outer loop
      vertex -0.758554 122.901 0
      vertex -0.258819 120.966 0
      vertex -0.382683 120.924 0
    endloop
  endfacet
  facet normal 0 0 -1
    outer loop
      vertex -0.758554 122.901 0
      vertex -0.382683 120.924 0
      vertex -0.5 120.866 0
    endloop
  endfacet
  facet normal 0 0 -1
    outer loop
      vertex -0.758554 122.901 0
      vertex -0.5 120.866 0
      vertex -0.608761 120.793 0
    endloop
  endfacet
  facet normal 0 0 -1
    outer loop
      vertex -1.36732 122.107 0
      vertex -0.608761 120.793 0
      vertex -0.707107 120.707 0
    endloop
  endfacet
  facet normal 0 0 -1
    outer loop
      vertex 0.758554 123.162 0
      vertex -0.758554 123.162 0
      vertex 0.784074 123.29 0
    endloop
  endfacet
  facet normal -0 0 -1
    outer loop
      vertex 0.784074 123.29 0
      vertex -0.758554 123.162 0
      vertex -0.784074 123.29 0
    endloop
  endfacet
  facet normal 0 0 -1
    outer loop
      vertex -0.82612 123.414 0
      vertex 0.784074 123.29 0
      vertex -0.784074 123.29 0
    endloop
  endfacet
  facet normal 0 0 -1
    outer loop
      vertex 0.82612 123.414 0
      vertex -0.82612 123.414 0
      vertex -0.883974 123.531 0
    endloop
  endfacet
  facet normal 0 0 -1
    outer loop
      vertex 0.883974 123.531 0
      vertex -0.883974 123.531 0
      vertex -0.956646 123.64 0
    endloop
  endfacet
  facet normal 0 0 -1
    outer loop
      vertex 0.956646 123.64 0
      vertex -0.956646 123.64 0
      vertex -1.04289 123.738 0
    endloop
  endfacet
  facet normal 0 0 -1
    outer loop
      vertex 1.04289 123.738 0
      vertex -1.04289 123.738 0
      vertex -1.14124 123.824 0
    endloop
  endfacet
  facet normal 0 0 -1
    outer loop
      vertex 1.14124 123.824 0
      vertex -1.14124 123.824 0
      vertex -1.25 123.897 0
    endloop
  endfacet
  facet normal 0 0 -1
    outer loop
      vertex 1.25 123.897 0
      vertex -1.25 123.897 0
      vertex -1.36732 123.955 0
    endloop
  endfacet
  facet normal 0 0 -1
    outer loop
      vertex 1.36732 123.955 0
      vertex -1.36732 123.955 0
      vertex -1.49118 123.997 0
    endloop
  endfacet
  facet normal 0 0 -1
    outer loop
      vertex 1.49118 123.997 0
      vertex -1.49118 123.997 0
      vertex -1.61947 124.023 0
    endloop
  endfacet
  facet normal 0 0 -1
    outer loop
      vertex 1.61947 124.023 0
      vertex -1.61947 124.023 0
      vertex 8 152 0
    endloop
  endfacet
  facet normal 0 0 -1
    outer loop
      vertex -8 152 0
      vertex -1.61947 124.023 0
      vertex -1.75 124.031 0
    endloop
  endfacet
  facet normal 0 0 -1
    outer loop
      vertex -8 152 0
      vertex -1.75 124.031 0
      vertex -1.88053 124.023 0
    endloop
  endfacet
  facet normal 0 0 -1
    outer loop
      vertex -8 152 0
      vertex -1.88053 124.023 0
      vertex -2.00882 123.997 0
    endloop
  endfacet
  facet normal 0 0 -1
    outer loop
      vertex -8 152 0
      vertex -2.00882 123.997 0
      vertex -2.13268 123.955 0
    endloop
  endfacet
  facet normal 0 0 -1
    outer loop
      vertex -2.54335 123.64 0
      vertex -11.9974 125.244 0
      vertex -2.45711 123.738 0
    endloop
  endfacet
  facet normal 0 0 -1
    outer loop
      vertex -11.9974 125.244 0
      vertex -2.54335 123.64 0
      vertex -11.8607 124.841 0
    endloop
  endfacet
  facet normal 0 0 -1
    outer loop
      vertex -2.61602 123.531 0
      vertex -11.8607 124.841 0
      vertex -2.54335 123.64 0
    endloop
  endfacet
  facet normal 0 0 -1
    outer loop
      vertex -2.67388 123.414 0
      vertex -11.8607 124.841 0
      vertex -2.61602 123.531 0
    endloop
  endfacet
  facet normal 0 0 -1
    outer loop
      vertex -11.8607 124.841 0
      vertex -2.67388 123.414 0
      vertex -11.7778 124.424 0
    endloop
  endfacet
  facet normal 0 0 -1
    outer loop
      vertex -2.71593 123.29 0
      vertex -11.7778 124.424 0
      vertex -2.67388 123.414 0
    endloop
  endfacet
  facet normal -0 0 -1
    outer loop
      vertex -2.54335 122.422 0
      vertex -3.36947 120.991 0
      vertex -2.61602 122.531 0
    endloop
  endfacet
  facet normal 0 0 -1
    outer loop
      vertex -3.5 121 0
      vertex -2.61602 122.531 0
      vertex -3.36947 120.991 0
    endloop
  endfacet
  facet normal -0 0 -1
    outer loop
      vertex -2.61602 122.531 0
      vertex -3.5 121 0
      vertex -2.67388 122.648 0
    endloop
  endfacet
  facet normal 0 0 -1
    outer loop
      vertex -3.63053 120.991 0
      vertex -2.67388 122.648 0
      vertex -3.5 121 0
    endloop
  endfacet
  facet normal -0 0 -1
    outer loop
      vertex -2.67388 122.648 0
      vertex -3.63053 120.991 0
      vertex -2.71593 122.772 0
    endloop
  endfacet
  facet normal 0 0 -1
    outer loop
      vertex -3.75882 120.966 0
      vertex -2.71593 122.772 0
      vertex -3.63053 120.991 0
    endloop
  endfacet
  facet normal -0 0 -1
    outer loop
      vertex -2.71593 122.772 0
      vertex -3.75882 120.966 0
      vertex -2.74144 122.901 0
    endloop
  endfacet
  facet normal 0 0 -1
    outer loop
      vertex -3.88268 120.924 0
      vertex -2.74144 122.901 0
      vertex -3.75882 120.966 0
    endloop
  endfacet
  facet normal -0 0 -1
    outer loop
      vertex -2.74144 122.901 0
      vertex -3.88268 120.924 0
      vertex -2.75 123.031 0
    endloop
  endfacet
  facet normal 0 0 -1
    outer loop
      vertex -4 120.866 0
      vertex -2.75 123.031 0
      vertex -3.88268 120.924 0
    endloop
  endfacet
  facet normal -0 0 -1
    outer loop
      vertex -2.75 123.031 0
      vertex -4 120.866 0
      vertex -2.74144 123.162 0
    endloop
  endfacet
  facet normal 0 0 -1
    outer loop
      vertex -4.10876 120.793 0
      vertex -2.74144 123.162 0
      vertex -4 120.866 0
    endloop
  endfacet
  facet normal -0 0 -1
    outer loop
      vertex -2.74144 123.162 0
      vertex -4.10876 120.793 0
      vertex -2.71593 123.29 0
    endloop
  endfacet
  facet normal 0 0 -1
    outer loop
      vertex -4.20711 120.707 0
      vertex -2.71593 123.29 0
      vertex -4.10876 120.793 0
    endloop
  endfacet
  facet normal 0 0 -1
    outer loop
      vertex -11.75 124 0
      vertex -2.71593 123.29 0
      vertex -4.20711 120.707 0
    endloop
  endfacet
  facet normal 0 0 -1
    outer loop
      vertex -11.75 124 0
      vertex -4.20711 120.707 0
      vertex -4.29335 120.609 0
    endloop
  endfacet
  facet normal 0 0 -1
    outer loop
      vertex -11.7778 124.424 0
      vertex -2.71593 123.29 0
      vertex -11.75 124 0
    endloop
  endfacet
  facet normal 0 0 -1
    outer loop
      vertex -11.75 124 0
      vertex -4.29335 120.609 0
      vertex -4.36602 120.5 0
    endloop
  endfacet
  facet normal 0 0 -1
    outer loop
      vertex -11.75 124 0
      vertex -4.36602 120.5 0
      vertex -4.42388 120.383 0
    endloop
  endfacet
  facet normal 0 0 -1
    outer loop
      vertex -1.61947 124.023 0
      vertex -8 152 0
      vertex 8 152 0
    endloop
  endfacet
  facet normal 0 0 -1
    outer loop
      vertex -11.75 124 0
      vertex -4.42388 120.383 0
      vertex -4.46593 120.259 0
    endloop
  endfacet
  facet normal 0 0 -1
    outer loop
      vertex -11.75 124 0
      vertex -4.46593 120.259 0
      vertex -4.49144 120.131 0
    endloop
  endfacet
  facet normal 0 0 -1
    outer loop
      vertex -11.75 124 0
      vertex -4.49144 120.131 0
      vertex -4.5 120 0
    endloop
  endfacet
  facet normal -0 0 -1
    outer loop
      vertex 3.36947 119.009 0
      vertex 2.54335 117.578 0
      vertex 3.24118 119.034 0
    endloop
  endfacet
  facet normal 0 0 -1
    outer loop
      vertex 2.45711 117.676 0
      vertex 3.24118 119.034 0
      vertex 2.54335 117.578 0
    endloop
  endfacet
  facet normal -0 0 -1
    outer loop
      vertex 3.24118 119.034 0
      vertex 2.45711 117.676 0
      vertex 3.11732 119.076 0
    endloop
  endfacet
  facet normal 0 0 -1
    outer loop
      vertex 2.35876 117.762 0
      vertex 3.11732 119.076 0
      vertex 2.45711 117.676 0
    endloop
  endfacet
  facet normal -0 0 -1
    outer loop
      vertex 3.11732 119.076 0
      vertex 2.35876 117.762 0
      vertex 3 119.134 0
    endloop
  endfacet
  facet normal 0 0 -1
    outer loop
      vertex 2.25 117.835 0
      vertex 3 119.134 0
      vertex 2.35876 117.762 0
    endloop
  endfacet
  facet normal -0 0 -1
    outer loop
      vertex 3 119.134 0
      vertex 2.25 117.835 0
      vertex 2.89124 119.207 0
    endloop
  endfacet
  facet normal 0 0 -1
    outer loop
      vertex 2.13268 117.893 0
      vertex 2.89124 119.207 0
      vertex 2.25 117.835 0
    endloop
  endfacet
  facet normal -0 0 -1
    outer loop
      vertex 2.89124 119.207 0
      vertex 2.13268 117.893 0
      vertex 2.79289 119.293 0
    endloop
  endfacet
  facet normal 0 0 -1
    outer loop
      vertex 2.00882 117.935 0
      vertex 2.79289 119.293 0
      vertex 2.13268 117.893 0
    endloop
  endfacet
  facet normal -0 0 -1
    outer loop
      vertex 2.79289 119.293 0
      vertex 2.00882 117.935 0
      vertex 2.70665 119.391 0
    endloop
  endfacet
  facet normal 0 0 -1
    outer loop
      vertex 1.88053 117.96 0
      vertex 2.70665 119.391 0
      vertex 2.00882 117.935 0
    endloop
  endfacet
  facet normal 0.195087 -0.980786 0
    outer loop
      vertex -14.4779 3.03422 2
      vertex -13.9647 3.1363 14.8
      vertex -14.4779 3.03422 14.8
    endloop
  endfacet
  facet normal 0.195087 -0.980786 0
    outer loop
      vertex -13.9647 3.1363 14.8
      vertex -14.4779 3.03422 2
      vertex -13.9647 3.1363 2
    endloop
  endfacet
  facet normal 0.94692 0.321469 0
    outer loop
      vertex -11.1363 8.03528 14.8
      vertex -11.3045 8.53073 2
      vertex -11.3045 8.53073 14.8
    endloop
  endfacet
  facet normal 0.94692 0.321469 0
    outer loop
      vertex -11.3045 8.53073 2
      vertex -11.1363 8.03528 14.8
      vertex -11.1363 8.03528 2
    endloop
  endfacet
  facet normal 0.980777 0.195131 0
    outer loop
      vertex -11.0342 7.5221 14.8
      vertex -11.1363 8.03528 2
      vertex -11.1363 8.03528 14.8
    endloop
  endfacet
  facet normal 0.980777 0.195131 0
    outer loop
      vertex -11.1363 8.03528 2
      vertex -11.0342 7.5221 14.8
      vertex -11.0342 7.5221 2
    endloop
  endfacet
  facet normal 0.751826 0.659362 0
    outer loop
      vertex -11.8266 9.43505 14.8
      vertex -12.1716 9.82843 2
      vertex -12.1716 9.82843 14.8
    endloop
  endfacet
  facet normal 0.751826 0.659362 0
    outer loop
      vertex -12.1716 9.82843 2
      vertex -11.8266 9.43505 14.8
      vertex -11.8266 9.43505 2
    endloop
  endfacet
  facet normal 0.555626 0.831432 -0
    outer loop
      vertex -12.565 10.1734 2
      vertex -13 10.4641 14.8
      vertex -12.565 10.1734 14.8
    endloop
  endfacet
  facet normal 0.555626 0.831432 0
    outer loop
      vertex -13 10.4641 14.8
      vertex -12.565 10.1734 2
      vertex -13 10.4641 2
    endloop
  endfacet
  facet normal -0.896887 0.44226 0
    outer loop
      vertex -18.6955 8.53073 2
      vertex -18.4641 9 14.8
      vertex -18.4641 9 2
    endloop
  endfacet
  facet normal -0.896887 0.44226 0
    outer loop
      vertex -18.4641 9 14.8
      vertex -18.6955 8.53073 2
      vertex -18.6955 8.53073 14.8
    endloop
  endfacet
  facet normal -0.94692 0.321469 0
    outer loop
      vertex -18.8637 8.03528 2
      vertex -18.6955 8.53073 14.8
      vertex -18.6955 8.53073 2
    endloop
  endfacet
  facet normal -0.94692 0.321469 0
    outer loop
      vertex -18.6955 8.53073 14.8
      vertex -18.8637 8.03528 2
      vertex -18.8637 8.03528 14.8
    endloop
  endfacet
  facet normal -0.980777 0.195131 0
    outer loop
      vertex -18.9658 7.5221 2
      vertex -18.8637 8.03528 14.8
      vertex -18.8637 8.03528 2
    endloop
  endfacet
  facet normal -0.980777 0.195131 0
    outer loop
      vertex -18.8637 8.03528 14.8
      vertex -18.9658 7.5221 2
      vertex -18.9658 7.5221 14.8
    endloop
  endfacet
  facet normal -0.195124 0.980779 0
    outer loop
      vertex -15.5221 10.9658 2
      vertex -16.0353 10.8637 14.8
      vertex -15.5221 10.9658 14.8
    endloop
  endfacet
  facet normal -0.195124 0.980779 0
    outer loop
      vertex -16.0353 10.8637 14.8
      vertex -15.5221 10.9658 2
      vertex -16.0353 10.8637 2
    endloop
  endfacet
  facet normal 0.997862 -0.0653634 0
    outer loop
      vertex -11.0342 6.47789 14.8
      vertex -11 7 2
      vertex -11 7 14.8
    endloop
  endfacet
  facet normal 0.997862 -0.0653634 0
    outer loop
      vertex -11 7 2
      vertex -11.0342 6.47789 14.8
      vertex -11.0342 6.47789 2
    endloop
  endfacet
  facet normal 0.94692 -0.321469 0
    outer loop
      vertex -11.3045 5.46927 14.8
      vertex -11.1363 5.96472 2
      vertex -11.1363 5.96472 14.8
    endloop
  endfacet
  facet normal 0.94692 -0.321469 0
    outer loop
      vertex -11.1363 5.96472 2
      vertex -11.3045 5.46927 14.8
      vertex -11.3045 5.46927 2
    endloop
  endfacet
  facet normal 0.980776 -0.195135 0
    outer loop
      vertex -11.1363 5.96472 14.8
      vertex -11.0342 6.47789 2
      vertex -11.0342 6.47789 14.8
    endloop
  endfacet
  facet normal 0.980776 -0.195135 0
    outer loop
      vertex -11.0342 6.47789 2
      vertex -11.1363 5.96472 14.8
      vertex -11.1363 5.96472 2
    endloop
  endfacet
  facet normal 0.555613 -0.831441 0
    outer loop
      vertex -13 3.5359 2
      vertex -12.565 3.82659 14.8
      vertex -13 3.5359 14.8
    endloop
  endfacet
  facet normal 0.555613 -0.831441 0
    outer loop
      vertex -12.565 3.82659 14.8
      vertex -13 3.5359 2
      vertex -12.565 3.82659 2
    endloop
  endfacet
  facet normal 0.442268 -0.896883 0
    outer loop
      vertex -13.4693 3.30448 2
      vertex -13 3.5359 14.8
      vertex -13.4693 3.30448 14.8
    endloop
  endfacet
  facet normal 0.442268 -0.896883 0
    outer loop
      vertex -13 3.5359 14.8
      vertex -13.4693 3.30448 2
      vertex -13 3.5359 2
    endloop
  endfacet
  facet normal -0.442238 0.896898 0
    outer loop
      vertex -16.5307 10.6955 2
      vertex -17 10.4641 14.8
      vertex -16.5307 10.6955 14.8
    endloop
  endfacet
  facet normal -0.442238 0.896898 0
    outer loop
      vertex -17 10.4641 14.8
      vertex -16.5307 10.6955 2
      vertex -17 10.4641 2
    endloop
  endfacet
  facet normal -0.321464 -0.946922 0
    outer loop
      vertex -16.5307 3.30448 2
      vertex -16.0353 3.1363 14.8
      vertex -16.5307 3.30448 14.8
    endloop
  endfacet
  facet normal -0.321464 -0.946922 -0
    outer loop
      vertex -16.0353 3.1363 14.8
      vertex -16.5307 3.30448 2
      vertex -16.0353 3.1363 2
    endloop
  endfacet
  facet normal -0.751826 -0.659362 0
    outer loop
      vertex -17.8284 4.17157 2
      vertex -18.1734 4.56495 14.8
      vertex -18.1734 4.56495 2
    endloop
  endfacet
  facet normal -0.751826 -0.659362 0
    outer loop
      vertex -18.1734 4.56495 14.8
      vertex -17.8284 4.17157 2
      vertex -17.8284 4.17157 14.8
    endloop
  endfacet
  facet normal -0.997862 -0.0653634 0
    outer loop
      vertex -18.9658 6.47789 2
      vertex -19 7 14.8
      vertex -19 7 2
    endloop
  endfacet
  facet normal -0.997862 -0.0653634 0
    outer loop
      vertex -19 7 14.8
      vertex -18.9658 6.47789 2
      vertex -18.9658 6.47789 14.8
    endloop
  endfacet
  facet normal -0.980776 -0.195135 0
    outer loop
      vertex -18.8637 5.96472 2
      vertex -18.9658 6.47789 14.8
      vertex -18.9658 6.47789 2
    endloop
  endfacet
  facet normal -0.980776 -0.195135 0
    outer loop
      vertex -18.9658 6.47789 14.8
      vertex -18.8637 5.96472 2
      vertex -18.8637 5.96472 14.8
    endloop
  endfacet
  facet normal -0.94692 -0.321469 0
    outer loop
      vertex -18.6955 5.46927 2
      vertex -18.8637 5.96472 14.8
      vertex -18.8637 5.96472 2
    endloop
  endfacet
  facet normal -0.94692 -0.321469 0
    outer loop
      vertex -18.8637 5.96472 14.8
      vertex -18.6955 5.46927 2
      vertex -18.6955 5.46927 14.8
    endloop
  endfacet
  facet normal 0.659321 -0.751861 0
    outer loop
      vertex -12.565 3.82659 2
      vertex -12.1716 4.17157 14.8
      vertex -12.565 3.82659 14.8
    endloop
  endfacet
  facet normal 0.659321 -0.751861 0
    outer loop
      vertex -12.1716 4.17157 14.8
      vertex -12.565 3.82659 2
      vertex -12.1716 4.17157 2
    endloop
  endfacet
  facet normal 0.321464 -0.946922 0
    outer loop
      vertex -13.9647 3.1363 2
      vertex -13.4693 3.30448 14.8
      vertex -13.9647 3.1363 14.8
    endloop
  endfacet
  facet normal 0.321464 -0.946922 0
    outer loop
      vertex -13.4693 3.30448 14.8
      vertex -13.9647 3.1363 2
      vertex -13.4693 3.30448 2
    endloop
  endfacet
  facet normal 0.896887 -0.44226 0
    outer loop
      vertex -11.5359 5 14.8
      vertex -11.3045 5.46927 2
      vertex -11.3045 5.46927 14.8
    endloop
  endfacet
  facet normal 0.896887 -0.44226 0
    outer loop
      vertex -11.3045 5.46927 2
      vertex -11.5359 5 14.8
      vertex -11.5359 5 2
    endloop
  endfacet
  facet normal 0.831462 -0.555582 0
    outer loop
      vertex -11.8266 4.56495 14.8
      vertex -11.5359 5 2
      vertex -11.5359 5 14.8
    endloop
  endfacet
  facet normal 0.831462 -0.555582 0
    outer loop
      vertex -11.5359 5 2
      vertex -11.8266 4.56495 14.8
      vertex -11.8266 4.56495 2
    endloop
  endfacet
  facet normal -0.555613 -0.831441 0
    outer loop
      vertex -17.435 3.82659 2
      vertex -17 3.5359 14.8
      vertex -17.435 3.82659 14.8
    endloop
  endfacet
  facet normal -0.555613 -0.831441 -0
    outer loop
      vertex -17 3.5359 14.8
      vertex -17.435 3.82659 2
      vertex -17 3.5359 2
    endloop
  endfacet
  facet normal -0.195087 -0.980786 0
    outer loop
      vertex -16.0353 3.1363 2
      vertex -15.5221 3.03422 14.8
      vertex -16.0353 3.1363 14.8
    endloop
  endfacet
  facet normal -0.195087 -0.980786 -0
    outer loop
      vertex -15.5221 3.03422 14.8
      vertex -16.0353 3.1363 2
      vertex -15.5221 3.03422 2
    endloop
  endfacet
  facet normal -0.659321 -0.751861 0
    outer loop
      vertex -17.8284 4.17157 2
      vertex -17.435 3.82659 14.8
      vertex -17.8284 4.17157 14.8
    endloop
  endfacet
  facet normal -0.659321 -0.751861 -0
    outer loop
      vertex -17.435 3.82659 14.8
      vertex -17.8284 4.17157 2
      vertex -17.435 3.82659 2
    endloop
  endfacet
  facet normal -0.831462 -0.555582 0
    outer loop
      vertex -18.1734 4.56495 2
      vertex -18.4641 5 14.8
      vertex -18.4641 5 2
    endloop
  endfacet
  facet normal -0.831462 -0.555582 0
    outer loop
      vertex -18.4641 5 14.8
      vertex -18.1734 4.56495 2
      vertex -18.1734 4.56495 14.8
    endloop
  endfacet
  facet normal -0.896887 -0.44226 0
    outer loop
      vertex -18.4641 5 2
      vertex -18.6955 5.46927 14.8
      vertex -18.6955 5.46927 2
    endloop
  endfacet
  facet normal -0.896887 -0.44226 0
    outer loop
      vertex -18.6955 5.46927 14.8
      vertex -18.4641 5 2
      vertex -18.4641 5 14.8
    endloop
  endfacet
  facet normal -0.442268 -0.896883 0
    outer loop
      vertex -17 3.5359 2
      vertex -16.5307 3.30448 14.8
      vertex -17 3.5359 14.8
    endloop
  endfacet
  facet normal -0.442268 -0.896883 -0
    outer loop
      vertex -16.5307 3.30448 14.8
      vertex -17 3.5359 2
      vertex -16.5307 3.30448 2
    endloop
  endfacet
  facet normal -0.0654027 -0.997859 0
    outer loop
      vertex -15.5221 3.03422 2
      vertex -15 3 14.8
      vertex -15.5221 3.03422 14.8
    endloop
  endfacet
  facet normal -0.0654027 -0.997859 -0
    outer loop
      vertex -15 3 14.8
      vertex -15.5221 3.03422 2
      vertex -15 3 2
    endloop
  endfacet
  facet normal 0.997861 0.0653646 0
    outer loop
      vertex 19 7 14.8
      vertex 18.9658 7.5221 2
      vertex 18.9658 7.5221 14.8
    endloop
  endfacet
  facet normal 0.997861 0.0653646 0
    outer loop
      vertex 18.9658 7.5221 2
      vertex 19 7 14.8
      vertex 19 7 2
    endloop
  endfacet
  facet normal -0.0653646 0.997861 0
    outer loop
      vertex 15 11 2
      vertex 14.4779 10.9658 14.8
      vertex 15 11 14.8
    endloop
  endfacet
  facet normal -0.0653646 0.997861 0
    outer loop
      vertex 14.4779 10.9658 14.8
      vertex 15 11 2
      vertex 14.4779 10.9658 2
    endloop
  endfacet
  facet normal 0.659311 0.751871 -0
    outer loop
      vertex 17.8284 9.82843 2
      vertex 17.435 10.1734 14.8
      vertex 17.8284 9.82843 14.8
    endloop
  endfacet
  facet normal 0.659311 0.751871 0
    outer loop
      vertex 17.435 10.1734 14.8
      vertex 17.8284 9.82843 2
      vertex 17.435 10.1734 2
    endloop
  endfacet
  facet normal -0.751826 0.659362 0
    outer loop
      vertex 11.8266 9.43505 2
      vertex 12.1716 9.82843 14.8
      vertex 12.1716 9.82843 2
    endloop
  endfacet
  facet normal -0.751826 0.659362 0
    outer loop
      vertex 12.1716 9.82843 14.8
      vertex 11.8266 9.43505 2
      vertex 11.8266 9.43505 14.8
    endloop
  endfacet
  facet normal -0.442238 0.896898 0
    outer loop
      vertex 13.4693 10.6955 2
      vertex 13 10.4641 14.8
      vertex 13.4693 10.6955 14.8
    endloop
  endfacet
  facet normal -0.442238 0.896898 0
    outer loop
      vertex 13 10.4641 14.8
      vertex 13.4693 10.6955 2
      vertex 13 10.4641 2
    endloop
  endfacet
  facet normal 0.896887 0.44226 0
    outer loop
      vertex 18.6955 8.53073 14.8
      vertex 18.4641 9 2
      vertex 18.4641 9 14.8
    endloop
  endfacet
  facet normal 0.896887 0.44226 0
    outer loop
      vertex 18.4641 9 2
      vertex 18.6955 8.53073 14.8
      vertex 18.6955 8.53073 2
    endloop
  endfacet
  facet normal 0.831462 0.555582 0
    outer loop
      vertex 18.4641 9 14.8
      vertex 18.1734 9.43505 2
      vertex 18.1734 9.43505 14.8
    endloop
  endfacet
  facet normal 0.831462 0.555582 0
    outer loop
      vertex 18.1734 9.43505 2
      vertex 18.4641 9 14.8
      vertex 18.4641 9 2
    endloop
  endfacet
  facet normal 0.321498 0.94691 -0
    outer loop
      vertex 16.5307 10.6955 2
      vertex 16.0353 10.8637 14.8
      vertex 16.5307 10.6955 14.8
    endloop
  endfacet
  facet normal 0.321498 0.94691 0
    outer loop
      vertex 16.0353 10.8637 14.8
      vertex 16.5307 10.6955 2
      vertex 16.0353 10.8637 2
    endloop
  endfacet
  facet normal 0.442238 0.896898 -0
    outer loop
      vertex 17 10.4641 2
      vertex 16.5307 10.6955 14.8
      vertex 17 10.4641 14.8
    endloop
  endfacet
  facet normal 0.442238 0.896898 0
    outer loop
      vertex 16.5307 10.6955 14.8
      vertex 17 10.4641 2
      vertex 16.5307 10.6955 2
    endloop
  endfacet
  facet normal -0.94692 0.321469 0
    outer loop
      vertex 11.1363 8.03528 2
      vertex 11.3045 8.53073 14.8
      vertex 11.3045 8.53073 2
    endloop
  endfacet
  facet normal -0.94692 0.321469 0
    outer loop
      vertex 11.3045 8.53073 14.8
      vertex 11.1363 8.03528 2
      vertex 11.1363 8.03528 14.8
    endloop
  endfacet
  facet normal -0.896887 0.44226 0
    outer loop
      vertex 11.3045 8.53073 2
      vertex 11.5359 9 14.8
      vertex 11.5359 9 2
    endloop
  endfacet
  facet normal -0.896887 0.44226 0
    outer loop
      vertex 11.5359 9 14.8
      vertex 11.3045 8.53073 2
      vertex 11.3045 8.53073 14.8
    endloop
  endfacet
  facet normal -0.980777 0.195131 0
    outer loop
      vertex 11.0342 7.5221 2
      vertex 11.1363 8.03528 14.8
      vertex 11.1363 8.03528 2
    endloop
  endfacet
  facet normal -0.980777 0.195131 0
    outer loop
      vertex 11.1363 8.03528 14.8
      vertex 11.0342 7.5221 2
      vertex 11.0342 7.5221 14.8
    endloop
  endfacet
  facet normal -0.555626 0.831432 0
    outer loop
      vertex 13 10.4641 2
      vertex 12.565 10.1734 14.8
      vertex 13 10.4641 14.8
    endloop
  endfacet
  facet normal -0.555626 0.831432 0
    outer loop
      vertex 12.565 10.1734 14.8
      vertex 13 10.4641 2
      vertex 12.565 10.1734 2
    endloop
  endfacet
  facet normal -0.321498 0.94691 0
    outer loop
      vertex 13.9647 10.8637 2
      vertex 13.4693 10.6955 14.8
      vertex 13.9647 10.8637 14.8
    endloop
  endfacet
  facet normal -0.321498 0.94691 0
    outer loop
      vertex 13.4693 10.6955 14.8
      vertex 13.9647 10.8637 2
      vertex 13.4693 10.6955 2
    endloop
  endfacet
  facet normal 0.751826 -0.659362 0
    outer loop
      vertex 17.8284 4.17157 14.8
      vertex 18.1734 4.56495 2
      vertex 18.1734 4.56495 14.8
    endloop
  endfacet
  facet normal 0.751826 -0.659362 0
    outer loop
      vertex 18.1734 4.56495 2
      vertex 17.8284 4.17157 14.8
      vertex 17.8284 4.17157 2
    endloop
  endfacet
  facet normal 0.555613 -0.831441 0
    outer loop
      vertex 17 3.5359 2
      vertex 17.435 3.82659 14.8
      vertex 17 3.5359 14.8
    endloop
  endfacet
  facet normal 0.555613 -0.831441 0
    outer loop
      vertex 17.435 3.82659 14.8
      vertex 17 3.5359 2
      vertex 17.435 3.82659 2
    endloop
  endfacet
  facet normal 0.980776 -0.195135 0
    outer loop
      vertex 18.8637 5.96472 14.8
      vertex 18.9658 6.47789 2
      vertex 18.9658 6.47789 14.8
    endloop
  endfacet
  facet normal 0.980776 -0.195135 0
    outer loop
      vertex 18.9658 6.47789 2
      vertex 18.8637 5.96472 14.8
      vertex 18.8637 5.96472 2
    endloop
  endfacet
  facet normal -0.321464 -0.946922 0
    outer loop
      vertex 13.4693 3.30448 2
      vertex 13.9647 3.1363 14.8
      vertex 13.4693 3.30448 14.8
    endloop
  endfacet
  facet normal -0.321464 -0.946922 -0
    outer loop
      vertex 13.9647 3.1363 14.8
      vertex 13.4693 3.30448 2
      vertex 13.9647 3.1363 2
    endloop
  endfacet
  facet normal -0.195087 -0.980786 0
    outer loop
      vertex 13.9647 3.1363 2
      vertex 14.4779 3.03422 14.8
      vertex 13.9647 3.1363 14.8
    endloop
  endfacet
  facet normal -0.195087 -0.980786 -0
    outer loop
      vertex 14.4779 3.03422 14.8
      vertex 13.9647 3.1363 2
      vertex 14.4779 3.03422 2
    endloop
  endfacet
  facet normal -0.831462 -0.555582 0
    outer loop
      vertex 11.8266 4.56495 2
      vertex 11.5359 5 14.8
      vertex 11.5359 5 2
    endloop
  endfacet
  facet normal -0.831462 -0.555582 0
    outer loop
      vertex 11.5359 5 14.8
      vertex 11.8266 4.56495 2
      vertex 11.8266 4.56495 14.8
    endloop
  endfacet
  facet normal -0.751826 -0.659362 0
    outer loop
      vertex 12.1716 4.17157 2
      vertex 11.8266 4.56495 14.8
      vertex 11.8266 4.56495 2
    endloop
  endfacet
  facet normal -0.751826 -0.659362 0
    outer loop
      vertex 11.8266 4.56495 14.8
      vertex 12.1716 4.17157 2
      vertex 12.1716 4.17157 14.8
    endloop
  endfacet
  facet normal 0.94692 0.321469 0
    outer loop
      vertex 18.8637 8.03528 14.8
      vertex 18.6955 8.53073 2
      vertex 18.6955 8.53073 14.8
    endloop
  endfacet
  facet normal 0.94692 0.321469 0
    outer loop
      vertex 18.6955 8.53073 2
      vertex 18.8637 8.03528 14.8
      vertex 18.8637 8.03528 2
    endloop
  endfacet
  facet normal 0.980777 0.195131 0
    outer loop
      vertex 18.9658 7.5221 14.8
      vertex 18.8637 8.03528 2
      vertex 18.8637 8.03528 14.8
    endloop
  endfacet
  facet normal 0.980777 0.195131 0
    outer loop
      vertex 18.8637 8.03528 2
      vertex 18.9658 7.5221 14.8
      vertex 18.9658 7.5221 2
    endloop
  endfacet
  facet normal 0.751826 0.659362 0
    outer loop
      vertex 18.1734 9.43505 14.8
      vertex 17.8284 9.82843 2
      vertex 17.8284 9.82843 14.8
    endloop
  endfacet
  facet normal 0.751826 0.659362 0
    outer loop
      vertex 17.8284 9.82843 2
      vertex 18.1734 9.43505 14.8
      vertex 18.1734 9.43505 2
    endloop
  endfacet
  facet normal 0.195124 0.980779 -0
    outer loop
      vertex 16.0353 10.8637 2
      vertex 15.5221 10.9658 14.8
      vertex 16.0353 10.8637 14.8
    endloop
  endfacet
  facet normal 0.195124 0.980779 0
    outer loop
      vertex 15.5221 10.9658 14.8
      vertex 16.0353 10.8637 2
      vertex 15.5221 10.9658 2
    endloop
  endfacet
  facet normal 0.0653646 0.997861 -0
    outer loop
      vertex 15.5221 10.9658 2
      vertex 15 11 14.8
      vertex 15.5221 10.9658 14.8
    endloop
  endfacet
  facet normal 0.0653646 0.997861 0
    outer loop
      vertex 15 11 14.8
      vertex 15.5221 10.9658 2
      vertex 15 11 2
    endloop
  endfacet
  facet normal 0.555626 0.831432 -0
    outer loop
      vertex 17.435 10.1734 2
      vertex 17 10.4641 14.8
      vertex 17.435 10.1734 14.8
    endloop
  endfacet
  facet normal 0.555626 0.831432 0
    outer loop
      vertex 17 10.4641 14.8
      vertex 17.435 10.1734 2
      vertex 17 10.4641 2
    endloop
  endfacet
  facet normal -0.831462 0.555582 0
    outer loop
      vertex 11.5359 9 2
      vertex 11.8266 9.43505 14.8
      vertex 11.8266 9.43505 2
    endloop
  endfacet
  facet normal -0.831462 0.555582 0
    outer loop
      vertex 11.8266 9.43505 14.8
      vertex 11.5359 9 2
      vertex 11.5359 9 14.8
    endloop
  endfacet
  facet normal -0.997861 0.0653646 0
    outer loop
      vertex 11 7 2
      vertex 11.0342 7.5221 14.8
      vertex 11.0342 7.5221 2
    endloop
  endfacet
  facet normal -0.997861 0.0653646 0
    outer loop
      vertex 11.0342 7.5221 14.8
      vertex 11 7 2
      vertex 11 7 14.8
    endloop
  endfacet
  facet normal 0 0 1
    outer loop
      vertex 16.7 7 14.8
      vertex 19 7 14.8
      vertex 18.9658 7.5221 14.8
    endloop
  endfacet
  facet normal 0 0 1
    outer loop
      vertex 16.6855 7.22189 14.8
      vertex 18.9658 7.5221 14.8
      vertex 18.8637 8.03528 14.8
    endloop
  endfacet
  facet normal 0 0 1
    outer loop
      vertex 19 7 14.8
      vertex 16.7 7 14.8
      vertex 18.9658 6.47789 14.8
    endloop
  endfacet
  facet normal 0 0 1
    outer loop
      vertex 16.6421 7.43999 14.8
      vertex 18.8637 8.03528 14.8
      vertex 18.6955 8.53073 14.8
    endloop
  endfacet
  facet normal -0 0 1
    outer loop
      vertex 16.6855 6.77811 14.8
      vertex 18.9658 6.47789 14.8
      vertex 16.7 7 14.8
    endloop
  endfacet
  facet normal 0 0 1
    outer loop
      vertex 16.5706 7.65056 14.8
      vertex 18.6955 8.53073 14.8
      vertex 18.4641 9 14.8
    endloop
  endfacet
  facet normal 0 0 1
    outer loop
      vertex 18.9658 6.47789 14.8
      vertex 16.6855 6.77811 14.8
      vertex 18.8637 5.96472 14.8
    endloop
  endfacet
  facet normal 0 0 1
    outer loop
      vertex 16.4722 7.85 14.8
      vertex 18.4641 9 14.8
      vertex 18.1734 9.43505 14.8
    endloop
  endfacet
  facet normal -0 0 1
    outer loop
      vertex 16.6421 6.56001 14.8
      vertex 18.8637 5.96472 14.8
      vertex 16.6855 6.77811 14.8
    endloop
  endfacet
  facet normal 0 0 1
    outer loop
      vertex 16.3487 8.03489 14.8
      vertex 18.1734 9.43505 14.8
      vertex 17.8284 9.82843 14.8
    endloop
  endfacet
  facet normal 0 0 1
    outer loop
      vertex 18.8637 5.96472 14.8
      vertex 16.6421 6.56001 14.8
      vertex 18.6955 5.46927 14.8
    endloop
  endfacet
  facet normal 0 0 1
    outer loop
      vertex 16.2021 8.20208 14.8
      vertex 17.8284 9.82843 14.8
      vertex 17.435 10.1734 14.8
    endloop
  endfacet
  facet normal -0 0 1
    outer loop
      vertex 16.5706 6.34944 14.8
      vertex 18.6955 5.46927 14.8
      vertex 16.6421 6.56001 14.8
    endloop
  endfacet
  facet normal 0 0 1
    outer loop
      vertex 16.0349 8.3487 14.8
      vertex 17.435 10.1734 14.8
      vertex 17 10.4641 14.8
    endloop
  endfacet
  facet normal 0 0 1
    outer loop
      vertex 18.6955 5.46927 14.8
      vertex 16.5706 6.34944 14.8
      vertex 18.4641 5 14.8
    endloop
  endfacet
  facet normal -0 0 1
    outer loop
      vertex 16.4722 6.15 14.8
      vertex 18.4641 5 14.8
      vertex 16.5706 6.34944 14.8
    endloop
  endfacet
  facet normal 0 0 1
    outer loop
      vertex 18.9658 7.5221 14.8
      vertex 16.6855 7.22189 14.8
      vertex 16.7 7 14.8
    endloop
  endfacet
  facet normal 0 0 1
    outer loop
      vertex 18.8637 8.03528 14.8
      vertex 16.6421 7.43999 14.8
      vertex 16.6855 7.22189 14.8
    endloop
  endfacet
  facet normal 0 0 1
    outer loop
      vertex 18.6955 8.53073 14.8
      vertex 16.5706 7.65056 14.8
      vertex 16.6421 7.43999 14.8
    endloop
  endfacet
  facet normal 0 0 1
    outer loop
      vertex 15.85 8.47224 14.8
      vertex 17 10.4641 14.8
      vertex 16.5307 10.6955 14.8
    endloop
  endfacet
  facet normal 0 0 1
    outer loop
      vertex 18.4641 9 14.8
      vertex 16.4722 7.85 14.8
      vertex 16.5706 7.65056 14.8
    endloop
  endfacet
  facet normal 0 0 1
    outer loop
      vertex 18.1734 9.43505 14.8
      vertex 16.3487 8.03489 14.8
      vertex 16.4722 7.85 14.8
    endloop
  endfacet
  facet normal 0 0 1
    outer loop
      vertex 17.8284 9.82843 14.8
      vertex 16.2021 8.20208 14.8
      vertex 16.3487 8.03489 14.8
    endloop
  endfacet
  facet normal 0 0 1
    outer loop
      vertex 15.6506 8.57059 14.8
      vertex 16.5307 10.6955 14.8
      vertex 16.0353 10.8637 14.8
    endloop
  endfacet
  facet normal 0 0 1
    outer loop
      vertex 17.435 10.1734 14.8
      vertex 16.0349 8.3487 14.8
      vertex 16.2021 8.20208 14.8
    endloop
  endfacet
  facet normal 0 0 1
    outer loop
      vertex 17 10.4641 14.8
      vertex 15.85 8.47224 14.8
      vertex 16.0349 8.3487 14.8
    endloop
  endfacet
  facet normal 0 0 1
    outer loop
      vertex 16.5307 10.6955 14.8
      vertex 15.6506 8.57059 14.8
      vertex 15.85 8.47224 14.8
    endloop
  endfacet
  facet normal 0 0 1
    outer loop
      vertex 15.44 8.64207 14.8
      vertex 16.0353 10.8637 14.8
      vertex 15.5221 10.9658 14.8
    endloop
  endfacet
  facet normal 0 0 1
    outer loop
      vertex 16.0353 10.8637 14.8
      vertex 15.44 8.64207 14.8
      vertex 15.6506 8.57059 14.8
    endloop
  endfacet
  facet normal 0 0 1
    outer loop
      vertex 15.5221 10.9658 14.8
      vertex 15.2219 8.68546 14.8
      vertex 15.44 8.64207 14.8
    endloop
  endfacet
  facet normal 0 0 1
    outer loop
      vertex 15 11 14.8
      vertex 15.2219 8.68546 14.8
      vertex 15.5221 10.9658 14.8
    endloop
  endfacet
  facet normal 0 0 1
    outer loop
      vertex 15 11 14.8
      vertex 15 8.7 14.8
      vertex 15.2219 8.68546 14.8
    endloop
  endfacet
  facet normal 0 0 1
    outer loop
      vertex 15 11 14.8
      vertex 14.7781 8.68546 14.8
      vertex 15 8.7 14.8
    endloop
  endfacet
  facet normal -0 0 1
    outer loop
      vertex 14.4779 10.9658 14.8
      vertex 14.7781 8.68546 14.8
      vertex 15 11 14.8
    endloop
  endfacet
  facet normal 0 0 1
    outer loop
      vertex 14.7781 8.68546 14.8
      vertex 14.4779 10.9658 14.8
      vertex 14.56 8.64207 14.8
    endloop
  endfacet
  facet normal -0 0 1
    outer loop
      vertex 13.9647 10.8637 14.8
      vertex 14.56 8.64207 14.8
      vertex 14.4779 10.9658 14.8
    endloop
  endfacet
  facet normal 0 0 1
    outer loop
      vertex 14.56 8.64207 14.8
      vertex 13.9647 10.8637 14.8
      vertex 14.3494 8.57059 14.8
    endloop
  endfacet
  facet normal -0 0 1
    outer loop
      vertex 13.4693 10.6955 14.8
      vertex 14.3494 8.57059 14.8
      vertex 13.9647 10.8637 14.8
    endloop
  endfacet
  facet normal 0 0 1
    outer loop
      vertex 14.3494 8.57059 14.8
      vertex 13.4693 10.6955 14.8
      vertex 14.15 8.47224 14.8
    endloop
  endfacet
  facet normal -0 0 1
    outer loop
      vertex 13 10.4641 14.8
      vertex 14.15 8.47224 14.8
      vertex 13.4693 10.6955 14.8
    endloop
  endfacet
  facet normal 0 0 1
    outer loop
      vertex 14.15 8.47224 14.8
      vertex 13 10.4641 14.8
      vertex 13.9651 8.3487 14.8
    endloop
  endfacet
  facet normal -0 0 1
    outer loop
      vertex 12.565 10.1734 14.8
      vertex 13.9651 8.3487 14.8
      vertex 13 10.4641 14.8
    endloop
  endfacet
  facet normal 0 0 1
    outer loop
      vertex 13.9651 8.3487 14.8
      vertex 12.565 10.1734 14.8
      vertex 13.7979 8.20208 14.8
    endloop
  endfacet
  facet normal -0 0 1
    outer loop
      vertex 12.1716 9.82843 14.8
      vertex 13.7979 8.20208 14.8
      vertex 12.565 10.1734 14.8
    endloop
  endfacet
  facet normal 0 0 1
    outer loop
      vertex 13.7979 8.20208 14.8
      vertex 12.1716 9.82843 14.8
      vertex 13.6513 8.03489 14.8
    endloop
  endfacet
  facet normal -0 0 1
    outer loop
      vertex 11.8266 9.43505 14.8
      vertex 13.6513 8.03489 14.8
      vertex 12.1716 9.82843 14.8
    endloop
  endfacet
  facet normal 0 0 1
    outer loop
      vertex 13.6513 8.03489 14.8
      vertex 11.8266 9.43505 14.8
      vertex 13.5278 7.85 14.8
    endloop
  endfacet
  facet normal -0 0 1
    outer loop
      vertex 11.5359 9 14.8
      vertex 13.5278 7.85 14.8
      vertex 11.8266 9.43505 14.8
    endloop
  endfacet
  facet normal 0 0 1
    outer loop
      vertex 18.4641 5 14.8
      vertex 16.4722 6.15 14.8
      vertex 18.1734 4.56495 14.8
    endloop
  endfacet
  facet normal -0 0 1
    outer loop
      vertex 16.3487 5.96511 14.8
      vertex 18.1734 4.56495 14.8
      vertex 16.4722 6.15 14.8
    endloop
  endfacet
  facet normal 0 0 1
    outer loop
      vertex 18.1734 4.56495 14.8
      vertex 16.3487 5.96511 14.8
      vertex 17.8284 4.17157 14.8
    endloop
  endfacet
  facet normal -0 0 1
    outer loop
      vertex 16.2021 5.79792 14.8
      vertex 17.8284 4.17157 14.8
      vertex 16.3487 5.96511 14.8
    endloop
  endfacet
  facet normal 0 0 1
    outer loop
      vertex 17.8284 4.17157 14.8
      vertex 16.2021 5.79792 14.8
      vertex 17.435 3.82659 14.8
    endloop
  endfacet
  facet normal -0 0 1
    outer loop
      vertex 16.0349 5.6513 14.8
      vertex 17.435 3.82659 14.8
      vertex 16.2021 5.79792 14.8
    endloop
  endfacet
  facet normal 0 0 1
    outer loop
      vertex 17.435 3.82659 14.8
      vertex 16.0349 5.6513 14.8
      vertex 17 3.5359 14.8
    endloop
  endfacet
  facet normal -0 0 1
    outer loop
      vertex 15.85 5.52776 14.8
      vertex 17 3.5359 14.8
      vertex 16.0349 5.6513 14.8
    endloop
  endfacet
  facet normal 0 0 1
    outer loop
      vertex 17 3.5359 14.8
      vertex 15.85 5.52776 14.8
      vertex 16.5307 3.30448 14.8
    endloop
  endfacet
  facet normal -0 0 1
    outer loop
      vertex 15.6506 5.42941 14.8
      vertex 16.5307 3.30448 14.8
      vertex 15.85 5.52776 14.8
    endloop
  endfacet
  facet normal 0 0 1
    outer loop
      vertex 16.5307 3.30448 14.8
      vertex 15.6506 5.42941 14.8
      vertex 16.0353 3.1363 14.8
    endloop
  endfacet
  facet normal -0 0 1
    outer loop
      vertex 15.44 5.35793 14.8
      vertex 16.0353 3.1363 14.8
      vertex 15.6506 5.42941 14.8
    endloop
  endfacet
  facet normal 0 0 1
    outer loop
      vertex 16.0353 3.1363 14.8
      vertex 15.44 5.35793 14.8
      vertex 15.5221 3.03422 14.8
    endloop
  endfacet
  facet normal -0 0 1
    outer loop
      vertex 15.2219 5.31454 14.8
      vertex 15.5221 3.03422 14.8
      vertex 15.44 5.35793 14.8
    endloop
  endfacet
  facet normal -0 0 1
    outer loop
      vertex 15 5.3 14.8
      vertex 15.5221 3.03422 14.8
      vertex 15.2219 5.31454 14.8
    endloop
  endfacet
  facet normal 0 0 1
    outer loop
      vertex 15 5.3 14.8
      vertex 15 3 14.8
      vertex 15.5221 3.03422 14.8
    endloop
  endfacet
  facet normal 0 0 1
    outer loop
      vertex 14.7781 5.31454 14.8
      vertex 15 3 14.8
      vertex 15 5.3 14.8
    endloop
  endfacet
  facet normal 0 0 1
    outer loop
      vertex 14.4779 3.03422 14.8
      vertex 14.7781 5.31454 14.8
      vertex 14.56 5.35793 14.8
    endloop
  endfacet
  facet normal 0 0 1
    outer loop
      vertex 14.7781 5.31454 14.8
      vertex 14.4779 3.03422 14.8
      vertex 15 3 14.8
    endloop
  endfacet
  facet normal 0 0 1
    outer loop
      vertex 13.9647 3.1363 14.8
      vertex 14.56 5.35793 14.8
      vertex 14.3494 5.42941 14.8
    endloop
  endfacet
  facet normal 0 0 1
    outer loop
      vertex 13.4693 3.30448 14.8
      vertex 14.3494 5.42941 14.8
      vertex 14.15 5.52776 14.8
    endloop
  endfacet
  facet normal 0 0 1
    outer loop
      vertex 13 3.5359 14.8
      vertex 14.15 5.52776 14.8
      vertex 13.9651 5.6513 14.8
    endloop
  endfacet
  facet normal 0 0 1
    outer loop
      vertex 14.56 5.35793 14.8
      vertex 13.9647 3.1363 14.8
      vertex 14.4779 3.03422 14.8
    endloop
  endfacet
  facet normal 0 0 1
    outer loop
      vertex 12.565 3.82659 14.8
      vertex 13.9651 5.6513 14.8
      vertex 13.7979 5.79792 14.8
    endloop
  endfacet
  facet normal 0 0 1
    outer loop
      vertex 12.1716 4.17157 14.8
      vertex 13.7979 5.79792 14.8
      vertex 13.6513 5.96511 14.8
    endloop
  endfacet
  facet normal 0 0 1
    outer loop
      vertex 11.8266 4.56495 14.8
      vertex 13.6513 5.96511 14.8
      vertex 13.5278 6.15 14.8
    endloop
  endfacet
  facet normal 0 0 1
    outer loop
      vertex 14.3494 5.42941 14.8
      vertex 13.4693 3.30448 14.8
      vertex 13.9647 3.1363 14.8
    endloop
  endfacet
  facet normal 0 0 1
    outer loop
      vertex 11.5359 5 14.8
      vertex 13.5278 6.15 14.8
      vertex 13.4294 6.34944 14.8
    endloop
  endfacet
  facet normal 0 0 1
    outer loop
      vertex 11.3045 5.46927 14.8
      vertex 13.4294 6.34944 14.8
      vertex 13.3579 6.56001 14.8
    endloop
  endfacet
  facet normal 0 0 1
    outer loop
      vertex 11.1363 5.96472 14.8
      vertex 13.3579 6.56001 14.8
      vertex 13.3145 6.77811 14.8
    endloop
  endfacet
  facet normal 0 0 1
    outer loop
      vertex 11.0342 6.47789 14.8
      vertex 13.3145 6.77811 14.8
      vertex 13.3 7 14.8
    endloop
  endfacet
  facet normal 0 0 1
    outer loop
      vertex 13.5278 7.85 14.8
      vertex 11.5359 9 14.8
      vertex 13.4294 7.65056 14.8
    endloop
  endfacet
  facet normal 0 0 1
    outer loop
      vertex 14.15 5.52776 14.8
      vertex 13 3.5359 14.8
      vertex 13.4693 3.30448 14.8
    endloop
  endfacet
  facet normal -0 0 1
    outer loop
      vertex 11.3045 8.53073 14.8
      vertex 13.4294 7.65056 14.8
      vertex 11.5359 9 14.8
    endloop
  endfacet
  facet normal 0 0 1
    outer loop
      vertex 13.9651 5.6513 14.8
      vertex 12.565 3.82659 14.8
      vertex 13 3.5359 14.8
    endloop
  endfacet
  facet normal 0 0 1
    outer loop
      vertex 13.4294 7.65056 14.8
      vertex 11.3045 8.53073 14.8
      vertex 13.3579 7.43999 14.8
    endloop
  endfacet
  facet normal 0 0 1
    outer loop
      vertex 13.7979 5.79792 14.8
      vertex 12.1716 4.17157 14.8
      vertex 12.565 3.82659 14.8
    endloop
  endfacet
  facet normal -0 0 1
    outer loop
      vertex 11.1363 8.03528 14.8
      vertex 13.3579 7.43999 14.8
      vertex 11.3045 8.53073 14.8
    endloop
  endfacet
  facet normal 0 0 1
    outer loop
      vertex 13.6513 5.96511 14.8
      vertex 11.8266 4.56495 14.8
      vertex 12.1716 4.17157 14.8
    endloop
  endfacet
  facet normal 0 0 1
    outer loop
      vertex 13.3579 7.43999 14.8
      vertex 11.1363 8.03528 14.8
      vertex 13.3145 7.22189 14.8
    endloop
  endfacet
  facet normal 0 0 1
    outer loop
      vertex 13.5278 6.15 14.8
      vertex 11.5359 5 14.8
      vertex 11.8266 4.56495 14.8
    endloop
  endfacet
  facet normal -0 0 1
    outer loop
      vertex 11.0342 7.5221 14.8
      vertex 13.3145 7.22189 14.8
      vertex 11.1363 8.03528 14.8
    endloop
  endfacet
  facet normal 0 0 1
    outer loop
      vertex 13.4294 6.34944 14.8
      vertex 11.3045 5.46927 14.8
      vertex 11.5359 5 14.8
    endloop
  endfacet
  facet normal 0 0 1
    outer loop
      vertex 13.3145 7.22189 14.8
      vertex 11.0342 7.5221 14.8
      vertex 13.3 7 14.8
    endloop
  endfacet
  facet normal 0 0 1
    outer loop
      vertex 13.3579 6.56001 14.8
      vertex 11.1363 5.96472 14.8
      vertex 11.3045 5.46927 14.8
    endloop
  endfacet
  facet normal 0 0 1
    outer loop
      vertex 11 7 14.8
      vertex 13.3 7 14.8
      vertex 11.0342 7.5221 14.8
    endloop
  endfacet
  facet normal 0 0 1
    outer loop
      vertex 13.3145 6.77811 14.8
      vertex 11.0342 6.47789 14.8
      vertex 11.1363 5.96472 14.8
    endloop
  endfacet
  facet normal 0 0 1
    outer loop
      vertex 13.3 7 14.8
      vertex 11 7 14.8
      vertex 11.0342 6.47789 14.8
    endloop
  endfacet
  facet normal -0.659311 0.751871 0
    outer loop
      vertex 12.565 10.1734 2
      vertex 12.1716 9.82843 14.8
      vertex 12.565 10.1734 14.8
    endloop
  endfacet
  facet normal -0.659311 0.751871 0
    outer loop
      vertex 12.1716 9.82843 14.8
      vertex 12.565 10.1734 2
      vertex 12.1716 9.82843 2
    endloop
  endfacet
  facet normal -0.195124 0.980779 0
    outer loop
      vertex 14.4779 10.9658 2
      vertex 13.9647 10.8637 14.8
      vertex 14.4779 10.9658 14.8
    endloop
  endfacet
  facet normal -0.195124 0.980779 0
    outer loop
      vertex 13.9647 10.8637 14.8
      vertex 14.4779 10.9658 2
      vertex 13.9647 10.8637 2
    endloop
  endfacet
  facet normal 0.195087 -0.980786 0
    outer loop
      vertex 15.5221 3.03422 2
      vertex 16.0353 3.1363 14.8
      vertex 15.5221 3.03422 14.8
    endloop
  endfacet
  facet normal 0.195087 -0.980786 0
    outer loop
      vertex 16.0353 3.1363 14.8
      vertex 15.5221 3.03422 2
      vertex 16.0353 3.1363 2
    endloop
  endfacet
  facet normal 0.442268 -0.896883 0
    outer loop
      vertex 16.5307 3.30448 2
      vertex 17 3.5359 14.8
      vertex 16.5307 3.30448 14.8
    endloop
  endfacet
  facet normal 0.442268 -0.896883 0
    outer loop
      vertex 17 3.5359 14.8
      vertex 16.5307 3.30448 2
      vertex 17 3.5359 2
    endloop
  endfacet
  facet normal 0.659321 -0.751861 0
    outer loop
      vertex 17.435 3.82659 2
      vertex 17.8284 4.17157 14.8
      vertex 17.435 3.82659 14.8
    endloop
  endfacet
  facet normal 0.659321 -0.751861 0
    outer loop
      vertex 17.8284 4.17157 14.8
      vertex 17.435 3.82659 2
      vertex 17.8284 4.17157 2
    endloop
  endfacet
  facet normal 0.94692 -0.321469 0
    outer loop
      vertex 18.6955 5.46927 14.8
      vertex 18.8637 5.96472 2
      vertex 18.8637 5.96472 14.8
    endloop
  endfacet
  facet normal 0.94692 -0.321469 0
    outer loop
      vertex 18.8637 5.96472 2
      vertex 18.6955 5.46927 14.8
      vertex 18.6955 5.46927 2
    endloop
  endfacet
  facet normal 0.831462 -0.555582 0
    outer loop
      vertex 18.1734 4.56495 14.8
      vertex 18.4641 5 2
      vertex 18.4641 5 14.8
    endloop
  endfacet
  facet normal 0.831462 -0.555582 0
    outer loop
      vertex 18.4641 5 2
      vertex 18.1734 4.56495 14.8
      vertex 18.1734 4.56495 2
    endloop
  endfacet
  facet normal 0.896887 -0.44226 0
    outer loop
      vertex 18.4641 5 14.8
      vertex 18.6955 5.46927 2
      vertex 18.6955 5.46927 14.8
    endloop
  endfacet
  facet normal 0.896887 -0.44226 0
    outer loop
      vertex 18.6955 5.46927 2
      vertex 18.4641 5 14.8
      vertex 18.4641 5 2
    endloop
  endfacet
  facet normal 0.997862 -0.0653634 0
    outer loop
      vertex 18.9658 6.47789 14.8
      vertex 19 7 2
      vertex 19 7 14.8
    endloop
  endfacet
  facet normal 0.997862 -0.0653634 0
    outer loop
      vertex 19 7 2
      vertex 18.9658 6.47789 14.8
      vertex 18.9658 6.47789 2
    endloop
  endfacet
  facet normal -0.555613 -0.831441 0
    outer loop
      vertex 12.565 3.82659 2
      vertex 13 3.5359 14.8
      vertex 12.565 3.82659 14.8
    endloop
  endfacet
  facet normal -0.555613 -0.831441 -0
    outer loop
      vertex 13 3.5359 14.8
      vertex 12.565 3.82659 2
      vertex 13 3.5359 2
    endloop
  endfacet
  facet normal -0.442268 -0.896883 0
    outer loop
      vertex 13 3.5359 2
      vertex 13.4693 3.30448 14.8
      vertex 13 3.5359 14.8
    endloop
  endfacet
  facet normal -0.442268 -0.896883 -0
    outer loop
      vertex 13.4693 3.30448 14.8
      vertex 13 3.5359 2
      vertex 13.4693 3.30448 2
    endloop
  endfacet
  facet normal -0.0654027 -0.997859 0
    outer loop
      vertex 14.4779 3.03422 2
      vertex 15 3 14.8
      vertex 14.4779 3.03422 14.8
    endloop
  endfacet
  facet normal -0.0654027 -0.997859 -0
    outer loop
      vertex 15 3 14.8
      vertex 14.4779 3.03422 2
      vertex 15 3 2
    endloop
  endfacet
  facet normal -0.659321 -0.751861 0
    outer loop
      vertex 12.1716 4.17157 2
      vertex 12.565 3.82659 14.8
      vertex 12.1716 4.17157 14.8
    endloop
  endfacet
  facet normal -0.659321 -0.751861 -0
    outer loop
      vertex 12.565 3.82659 14.8
      vertex 12.1716 4.17157 2
      vertex 12.565 3.82659 2
    endloop
  endfacet
  facet normal -0.896887 -0.44226 0
    outer loop
      vertex 11.5359 5 2
      vertex 11.3045 5.46927 14.8
      vertex 11.3045 5.46927 2
    endloop
  endfacet
  facet normal -0.896887 -0.44226 0
    outer loop
      vertex 11.3045 5.46927 14.8
      vertex 11.5359 5 2
      vertex 11.5359 5 14.8
    endloop
  endfacet
  facet normal -0.980776 -0.195135 0
    outer loop
      vertex 11.1363 5.96472 2
      vertex 11.0342 6.47789 14.8
      vertex 11.0342 6.47789 2
    endloop
  endfacet
  facet normal -0.980776 -0.195135 0
    outer loop
      vertex 11.0342 6.47789 14.8
      vertex 11.1363 5.96472 2
      vertex 11.1363 5.96472 14.8
    endloop
  endfacet
  facet normal -0.997862 -0.0653634 0
    outer loop
      vertex 11.0342 6.47789 2
      vertex 11 7 14.8
      vertex 11 7 2
    endloop
  endfacet
  facet normal -0.997862 -0.0653634 0
    outer loop
      vertex 11 7 14.8
      vertex 11.0342 6.47789 2
      vertex 11.0342 6.47789 14.8
    endloop
  endfacet
  facet normal 0.321464 -0.946922 0
    outer loop
      vertex 16.0353 3.1363 2
      vertex 16.5307 3.30448 14.8
      vertex 16.0353 3.1363 14.8
    endloop
  endfacet
  facet normal 0.321464 -0.946922 0
    outer loop
      vertex 16.5307 3.30448 14.8
      vertex 16.0353 3.1363 2
      vertex 16.5307 3.30448 2
    endloop
  endfacet
  facet normal 0.0654027 -0.997859 0
    outer loop
      vertex 15 3 2
      vertex 15.5221 3.03422 14.8
      vertex 15 3 14.8
    endloop
  endfacet
  facet normal 0.0654027 -0.997859 0
    outer loop
      vertex 15.5221 3.03422 14.8
      vertex 15 3 2
      vertex 15.5221 3.03422 2
    endloop
  endfacet
  facet normal -0.94692 -0.321469 0
    outer loop
      vertex 11.3045 5.46927 2
      vertex 11.1363 5.96472 14.8
      vertex 11.1363 5.96472 2
    endloop
  endfacet
  facet normal -0.94692 -0.321469 0
    outer loop
      vertex 11.1363 5.96472 14.8
      vertex 11.3045 5.46927 2
      vertex 11.3045 5.46927 14.8
    endloop
  endfacet
  facet normal 0.997861 0.0653771 0
    outer loop
      vertex -11 124 14.8
      vertex -11.0342 124.522 2
      vertex -11.0342 124.522 14.8
    endloop
  endfacet
  facet normal 0.997861 0.0653771 0
    outer loop
      vertex -11.0342 124.522 2
      vertex -11 124 14.8
      vertex -11 124 2
    endloop
  endfacet
  facet normal -0.997861 0.0653771 0
    outer loop
      vertex -19 124 2
      vertex -18.9658 124.522 14.8
      vertex -18.9658 124.522 2
    endloop
  endfacet
  facet normal -0.997861 0.0653771 0
    outer loop
      vertex -18.9658 124.522 14.8
      vertex -19 124 2
      vertex -19 124 14.8
    endloop
  endfacet
  facet normal 0.064984 0.997886 -0
    outer loop
      vertex -14.4779 127.966 2
      vertex -15 128 14.8
      vertex -14.4779 127.966 14.8
    endloop
  endfacet
  facet normal 0.064984 0.997886 0
    outer loop
      vertex -15 128 14.8
      vertex -14.4779 127.966 2
      vertex -15 128 2
    endloop
  endfacet
  facet normal 0.064984 -0.997886 0
    outer loop
      vertex -15 120 2
      vertex -14.4779 120.034 14.8
      vertex -15 120 14.8
    endloop
  endfacet
  facet normal 0.064984 -0.997886 0
    outer loop
      vertex -14.4779 120.034 14.8
      vertex -15 120 2
      vertex -14.4779 120.034 2
    endloop
  endfacet
  facet normal 0.75151 -0.659722 0
    outer loop
      vertex -12.1716 121.172 14.8
      vertex -11.8266 121.565 2
      vertex -11.8266 121.565 14.8
    endloop
  endfacet
  facet normal 0.75151 -0.659722 0
    outer loop
      vertex -11.8266 121.565 2
      vertex -12.1716 121.172 14.8
      vertex -12.1716 121.172 2
    endloop
  endfacet
  facet normal 0.659343 0.751842 -0
    outer loop
      vertex -12.1716 126.828 2
      vertex -12.565 127.173 14.8
      vertex -12.1716 126.828 14.8
    endloop
  endfacet
  facet normal 0.659343 0.751842 0
    outer loop
      vertex -12.565 127.173 14.8
      vertex -12.1716 126.828 2
      vertex -12.565 127.173 2
    endloop
  endfacet
  facet normal -0.659343 0.751842 0
    outer loop
      vertex -17.435 127.173 2
      vertex -17.8284 126.828 14.8
      vertex -17.435 127.173 14.8
    endloop
  endfacet
  facet normal -0.659343 0.751842 0
    outer loop
      vertex -17.8284 126.828 14.8
      vertex -17.435 127.173 2
      vertex -17.8284 126.828 2
    endloop
  endfacet
  facet normal -0.321156 0.947026 0
    outer loop
      vertex -16.0353 127.864 2
      vertex -16.5307 127.696 14.8
      vertex -16.0353 127.864 14.8
    endloop
  endfacet
  facet normal -0.321156 0.947026 0
    outer loop
      vertex -16.5307 127.696 14.8
      vertex -16.0353 127.864 2
      vertex -16.5307 127.696 2
    endloop
  endfacet
  facet normal 0.896786 0.442465 0
    outer loop
      vertex -11.3045 125.531 14.8
      vertex -11.5359 126 2
      vertex -11.5359 126 14.8
    endloop
  endfacet
  facet normal 0.896786 0.442465 0
    outer loop
      vertex -11.5359 126 2
      vertex -11.3045 125.531 14.8
      vertex -11.3045 125.531 2
    endloop
  endfacet
  facet normal 0.831432 0.555626 0
    outer loop
      vertex -11.5359 126 14.8
      vertex -11.8266 126.435 2
      vertex -11.8266 126.435 14.8
    endloop
  endfacet
  facet normal 0.831432 0.555626 0
    outer loop
      vertex -11.8266 126.435 2
      vertex -11.5359 126 14.8
      vertex -11.5359 126 2
    endloop
  endfacet
  facet normal 0.321156 0.947026 -0
    outer loop
      vertex -13.4693 127.696 2
      vertex -13.9647 127.864 14.8
      vertex -13.4693 127.696 14.8
    endloop
  endfacet
  facet normal 0.321156 0.947026 0
    outer loop
      vertex -13.9647 127.864 14.8
      vertex -13.4693 127.696 2
      vertex -13.9647 127.864 2
    endloop
  endfacet
  facet normal 0.19494 0.980815 -0
    outer loop
      vertex -13.9647 127.864 2
      vertex -14.4779 127.966 14.8
      vertex -13.9647 127.864 14.8
    endloop
  endfacet
  facet normal 0.19494 0.980815 0
    outer loop
      vertex -14.4779 127.966 14.8
      vertex -13.9647 127.864 2
      vertex -14.4779 127.966 2
    endloop
  endfacet
  facet normal 0.443159 0.896443 -0
    outer loop
      vertex -13 127.464 2
      vertex -13.4693 127.696 14.8
      vertex -13 127.464 14.8
    endloop
  endfacet
  facet normal 0.443159 0.896443 0
    outer loop
      vertex -13.4693 127.696 14.8
      vertex -13 127.464 2
      vertex -13.4693 127.696 2
    endloop
  endfacet
  facet normal -0.831432 0.555626 0
    outer loop
      vertex -18.4641 126 2
      vertex -18.1734 126.435 14.8
      vertex -18.1734 126.435 2
    endloop
  endfacet
  facet normal -0.831432 0.555626 0
    outer loop
      vertex -18.1734 126.435 14.8
      vertex -18.4641 126 2
      vertex -18.4641 126 14.8
    endloop
  endfacet
  facet normal -0.75151 0.659722 0
    outer loop
      vertex -18.1734 126.435 2
      vertex -17.8284 126.828 14.8
      vertex -17.8284 126.828 2
    endloop
  endfacet
  facet normal -0.75151 0.659722 0
    outer loop
      vertex -17.8284 126.828 14.8
      vertex -18.1734 126.435 2
      vertex -18.1734 126.435 14.8
    endloop
  endfacet
  facet normal 0 0 1
    outer loop
      vertex -13.3 124 14.8
      vertex -11 124 14.8
      vertex -11.0342 124.522 14.8
    endloop
  endfacet
  facet normal 0 0 1
    outer loop
      vertex -13.3145 124.222 14.8
      vertex -11.0342 124.522 14.8
      vertex -11.1363 125.035 14.8
    endloop
  endfacet
  facet normal 0 0 1
    outer loop
      vertex -11 124 14.8
      vertex -13.3 124 14.8
      vertex -11.0342 123.478 14.8
    endloop
  endfacet
  facet normal 0 0 1
    outer loop
      vertex -13.3579 124.44 14.8
      vertex -11.1363 125.035 14.8
      vertex -11.3045 125.531 14.8
    endloop
  endfacet
  facet normal -0 0 1
    outer loop
      vertex -13.3145 123.778 14.8
      vertex -11.0342 123.478 14.8
      vertex -13.3 124 14.8
    endloop
  endfacet
  facet normal 0 0 1
    outer loop
      vertex -13.4294 124.651 14.8
      vertex -11.3045 125.531 14.8
      vertex -11.5359 126 14.8
    endloop
  endfacet
  facet normal 0 0 1
    outer loop
      vertex -11.0342 123.478 14.8
      vertex -13.3145 123.778 14.8
      vertex -11.1363 122.965 14.8
    endloop
  endfacet
  facet normal 0 0 1
    outer loop
      vertex -13.5278 124.85 14.8
      vertex -11.5359 126 14.8
      vertex -11.8266 126.435 14.8
    endloop
  endfacet
  facet normal -0 0 1
    outer loop
      vertex -13.3579 123.56 14.8
      vertex -11.1363 122.965 14.8
      vertex -13.3145 123.778 14.8
    endloop
  endfacet
  facet normal 0 0 1
    outer loop
      vertex -13.6513 125.035 14.8
      vertex -11.8266 126.435 14.8
      vertex -12.1716 126.828 14.8
    endloop
  endfacet
  facet normal 0 0 1
    outer loop
      vertex -11.1363 122.965 14.8
      vertex -13.3579 123.56 14.8
      vertex -11.3045 122.469 14.8
    endloop
  endfacet
  facet normal 0 0 1
    outer loop
      vertex -13.7979 125.202 14.8
      vertex -12.1716 126.828 14.8
      vertex -12.565 127.173 14.8
    endloop
  endfacet
  facet normal -0 0 1
    outer loop
      vertex -13.4294 123.349 14.8
      vertex -11.3045 122.469 14.8
      vertex -13.3579 123.56 14.8
    endloop
  endfacet
  facet normal 0 0 1
    outer loop
      vertex -13.9651 125.349 14.8
      vertex -12.565 127.173 14.8
      vertex -13 127.464 14.8
    endloop
  endfacet
  facet normal 0 0 1
    outer loop
      vertex -11.3045 122.469 14.8
      vertex -13.4294 123.349 14.8
      vertex -11.5359 122 14.8
    endloop
  endfacet
  facet normal -0 0 1
    outer loop
      vertex -13.5278 123.15 14.8
      vertex -11.5359 122 14.8
      vertex -13.4294 123.349 14.8
    endloop
  endfacet
  facet normal 0 0 1
    outer loop
      vertex -11.0342 124.522 14.8
      vertex -13.3145 124.222 14.8
      vertex -13.3 124 14.8
    endloop
  endfacet
  facet normal 0 0 1
    outer loop
      vertex -11.1363 125.035 14.8
      vertex -13.3579 124.44 14.8
      vertex -13.3145 124.222 14.8
    endloop
  endfacet
  facet normal 0 0 1
    outer loop
      vertex -11.3045 125.531 14.8
      vertex -13.4294 124.651 14.8
      vertex -13.3579 124.44 14.8
    endloop
  endfacet
  facet normal 0 0 1
    outer loop
      vertex -14.15 125.472 14.8
      vertex -13 127.464 14.8
      vertex -13.4693 127.696 14.8
    endloop
  endfacet
  facet normal 0 0 1
    outer loop
      vertex -11.5359 126 14.8
      vertex -13.5278 124.85 14.8
      vertex -13.4294 124.651 14.8
    endloop
  endfacet
  facet normal 0 0 1
    outer loop
      vertex -11.8266 126.435 14.8
      vertex -13.6513 125.035 14.8
      vertex -13.5278 124.85 14.8
    endloop
  endfacet
  facet normal 0 0 1
    outer loop
      vertex -12.1716 126.828 14.8
      vertex -13.7979 125.202 14.8
      vertex -13.6513 125.035 14.8
    endloop
  endfacet
  facet normal 0 0 1
    outer loop
      vertex -14.3494 125.571 14.8
      vertex -13.4693 127.696 14.8
      vertex -13.9647 127.864 14.8
    endloop
  endfacet
  facet normal 0 0 1
    outer loop
      vertex -12.565 127.173 14.8
      vertex -13.9651 125.349 14.8
      vertex -13.7979 125.202 14.8
    endloop
  endfacet
  facet normal 0 0 1
    outer loop
      vertex -13 127.464 14.8
      vertex -14.15 125.472 14.8
      vertex -13.9651 125.349 14.8
    endloop
  endfacet
  facet normal 0 0 1
    outer loop
      vertex -13.4693 127.696 14.8
      vertex -14.3494 125.571 14.8
      vertex -14.15 125.472 14.8
    endloop
  endfacet
  facet normal 0 0 1
    outer loop
      vertex -14.56 125.642 14.8
      vertex -13.9647 127.864 14.8
      vertex -14.4779 127.966 14.8
    endloop
  endfacet
  facet normal 0 0 1
    outer loop
      vertex -13.9647 127.864 14.8
      vertex -14.56 125.642 14.8
      vertex -14.3494 125.571 14.8
    endloop
  endfacet
  facet normal 0 0 1
    outer loop
      vertex -14.4779 127.966 14.8
      vertex -14.7781 125.685 14.8
      vertex -14.56 125.642 14.8
    endloop
  endfacet
  facet normal 0 0 1
    outer loop
      vertex -15 128 14.8
      vertex -14.7781 125.685 14.8
      vertex -14.4779 127.966 14.8
    endloop
  endfacet
  facet normal 0 0 1
    outer loop
      vertex -15 128 14.8
      vertex -15 125.7 14.8
      vertex -14.7781 125.685 14.8
    endloop
  endfacet
  facet normal 0 0 1
    outer loop
      vertex -15 128 14.8
      vertex -15.2219 125.685 14.8
      vertex -15 125.7 14.8
    endloop
  endfacet
  facet normal -0 0 1
    outer loop
      vertex -15.5221 127.966 14.8
      vertex -15.2219 125.685 14.8
      vertex -15 128 14.8
    endloop
  endfacet
  facet normal 0 0 1
    outer loop
      vertex -15.2219 125.685 14.8
      vertex -15.5221 127.966 14.8
      vertex -15.44 125.642 14.8
    endloop
  endfacet
  facet normal -0 0 1
    outer loop
      vertex -16.0353 127.864 14.8
      vertex -15.44 125.642 14.8
      vertex -15.5221 127.966 14.8
    endloop
  endfacet
  facet normal 0 0 1
    outer loop
      vertex -15.44 125.642 14.8
      vertex -16.0353 127.864 14.8
      vertex -15.6506 125.571 14.8
    endloop
  endfacet
  facet normal -0 0 1
    outer loop
      vertex -16.5307 127.696 14.8
      vertex -15.6506 125.571 14.8
      vertex -16.0353 127.864 14.8
    endloop
  endfacet
  facet normal 0 0 1
    outer loop
      vertex -15.6506 125.571 14.8
      vertex -16.5307 127.696 14.8
      vertex -15.85 125.472 14.8
    endloop
  endfacet
  facet normal -0 0 1
    outer loop
      vertex -17 127.464 14.8
      vertex -15.85 125.472 14.8
      vertex -16.5307 127.696 14.8
    endloop
  endfacet
  facet normal 0 0 1
    outer loop
      vertex -15.85 125.472 14.8
      vertex -17 127.464 14.8
      vertex -16.0349 125.349 14.8
    endloop
  endfacet
  facet normal -0 0 1
    outer loop
      vertex -17.435 127.173 14.8
      vertex -16.0349 125.349 14.8
      vertex -17 127.464 14.8
    endloop
  endfacet
  facet normal 0 0 1
    outer loop
      vertex -16.0349 125.349 14.8
      vertex -17.435 127.173 14.8
      vertex -16.2021 125.202 14.8
    endloop
  endfacet
  facet normal -0 0 1
    outer loop
      vertex -17.8284 126.828 14.8
      vertex -16.2021 125.202 14.8
      vertex -17.435 127.173 14.8
    endloop
  endfacet
  facet normal 0 0 1
    outer loop
      vertex -16.2021 125.202 14.8
      vertex -17.8284 126.828 14.8
      vertex -16.3487 125.035 14.8
    endloop
  endfacet
  facet normal -0 0 1
    outer loop
      vertex -18.1734 126.435 14.8
      vertex -16.3487 125.035 14.8
      vertex -17.8284 126.828 14.8
    endloop
  endfacet
  facet normal 0 0 1
    outer loop
      vertex -16.3487 125.035 14.8
      vertex -18.1734 126.435 14.8
      vertex -16.4722 124.85 14.8
    endloop
  endfacet
  facet normal -0 0 1
    outer loop
      vertex -18.4641 126 14.8
      vertex -16.4722 124.85 14.8
      vertex -18.1734 126.435 14.8
    endloop
  endfacet
  facet normal 0 0 1
    outer loop
      vertex -11.5359 122 14.8
      vertex -13.5278 123.15 14.8
      vertex -11.8266 121.565 14.8
    endloop
  endfacet
  facet normal -0 0 1
    outer loop
      vertex -13.6513 122.965 14.8
      vertex -11.8266 121.565 14.8
      vertex -13.5278 123.15 14.8
    endloop
  endfacet
  facet normal 0 0 1
    outer loop
      vertex -11.8266 121.565 14.8
      vertex -13.6513 122.965 14.8
      vertex -12.1716 121.172 14.8
    endloop
  endfacet
  facet normal -0 0 1
    outer loop
      vertex -13.7979 122.798 14.8
      vertex -12.1716 121.172 14.8
      vertex -13.6513 122.965 14.8
    endloop
  endfacet
  facet normal 0 0 1
    outer loop
      vertex -12.1716 121.172 14.8
      vertex -13.7979 122.798 14.8
      vertex -12.565 120.827 14.8
    endloop
  endfacet
  facet normal -0 0 1
    outer loop
      vertex -13.9651 122.651 14.8
      vertex -12.565 120.827 14.8
      vertex -13.7979 122.798 14.8
    endloop
  endfacet
  facet normal 0 0 1
    outer loop
      vertex -12.565 120.827 14.8
      vertex -13.9651 122.651 14.8
      vertex -13 120.536 14.8
    endloop
  endfacet
  facet normal -0 0 1
    outer loop
      vertex -14.15 122.528 14.8
      vertex -13 120.536 14.8
      vertex -13.9651 122.651 14.8
    endloop
  endfacet
  facet normal 0 0 1
    outer loop
      vertex -13 120.536 14.8
      vertex -14.15 122.528 14.8
      vertex -13.4693 120.304 14.8
    endloop
  endfacet
  facet normal -0 0 1
    outer loop
      vertex -14.3494 122.429 14.8
      vertex -13.4693 120.304 14.8
      vertex -14.15 122.528 14.8
    endloop
  endfacet
  facet normal 0 0 1
    outer loop
      vertex -13.4693 120.304 14.8
      vertex -14.3494 122.429 14.8
      vertex -13.9647 120.136 14.8
    endloop
  endfacet
  facet normal -0 0 1
    outer loop
      vertex -14.56 122.358 14.8
      vertex -13.9647 120.136 14.8
      vertex -14.3494 122.429 14.8
    endloop
  endfacet
  facet normal 0 0 1
    outer loop
      vertex -13.9647 120.136 14.8
      vertex -14.56 122.358 14.8
      vertex -14.4779 120.034 14.8
    endloop
  endfacet
  facet normal -0 0 1
    outer loop
      vertex -14.7781 122.315 14.8
      vertex -14.4779 120.034 14.8
      vertex -14.56 122.358 14.8
    endloop
  endfacet
  facet normal -0 0 1
    outer loop
      vertex -15 122.3 14.8
      vertex -14.4779 120.034 14.8
      vertex -14.7781 122.315 14.8
    endloop
  endfacet
  facet normal 0 0 1
    outer loop
      vertex -15 122.3 14.8
      vertex -15 120 14.8
      vertex -14.4779 120.034 14.8
    endloop
  endfacet
  facet normal 0 0 1
    outer loop
      vertex -15.2219 122.315 14.8
      vertex -15 120 14.8
      vertex -15 122.3 14.8
    endloop
  endfacet
  facet normal 0 0 1
    outer loop
      vertex -15.5221 120.034 14.8
      vertex -15.2219 122.315 14.8
      vertex -15.44 122.358 14.8
    endloop
  endfacet
  facet normal 0 0 1
    outer loop
      vertex -15.2219 122.315 14.8
      vertex -15.5221 120.034 14.8
      vertex -15 120 14.8
    endloop
  endfacet
  facet normal 0 0 1
    outer loop
      vertex -16.0353 120.136 14.8
      vertex -15.44 122.358 14.8
      vertex -15.6506 122.429 14.8
    endloop
  endfacet
  facet normal 0 0 1
    outer loop
      vertex -16.5307 120.304 14.8
      vertex -15.6506 122.429 14.8
      vertex -15.85 122.528 14.8
    endloop
  endfacet
  facet normal 0 0 1
    outer loop
      vertex -17 120.536 14.8
      vertex -15.85 122.528 14.8
      vertex -16.0349 122.651 14.8
    endloop
  endfacet
  facet normal 0 0 1
    outer loop
      vertex -15.44 122.358 14.8
      vertex -16.0353 120.136 14.8
      vertex -15.5221 120.034 14.8
    endloop
  endfacet
  facet normal 0 0 1
    outer loop
      vertex -17.435 120.827 14.8
      vertex -16.0349 122.651 14.8
      vertex -16.2021 122.798 14.8
    endloop
  endfacet
  facet normal 0 0 1
    outer loop
      vertex -17.8284 121.172 14.8
      vertex -16.2021 122.798 14.8
      vertex -16.3487 122.965 14.8
    endloop
  endfacet
  facet normal 0 0 1
    outer loop
      vertex -18.1734 121.565 14.8
      vertex -16.3487 122.965 14.8
      vertex -16.4722 123.15 14.8
    endloop
  endfacet
  facet normal 0 0 1
    outer loop
      vertex -15.6506 122.429 14.8
      vertex -16.5307 120.304 14.8
      vertex -16.0353 120.136 14.8
    endloop
  endfacet
  facet normal 0 0 1
    outer loop
      vertex -18.4641 122 14.8
      vertex -16.4722 123.15 14.8
      vertex -16.5706 123.349 14.8
    endloop
  endfacet
  facet normal 0 0 1
    outer loop
      vertex -18.6955 122.469 14.8
      vertex -16.5706 123.349 14.8
      vertex -16.6421 123.56 14.8
    endloop
  endfacet
  facet normal 0 0 1
    outer loop
      vertex -18.8637 122.965 14.8
      vertex -16.6421 123.56 14.8
      vertex -16.6855 123.778 14.8
    endloop
  endfacet
  facet normal 0 0 1
    outer loop
      vertex -18.9658 123.478 14.8
      vertex -16.6855 123.778 14.8
      vertex -16.7 124 14.8
    endloop
  endfacet
  facet normal 0 0 1
    outer loop
      vertex -16.4722 124.85 14.8
      vertex -18.4641 126 14.8
      vertex -16.5706 124.651 14.8
    endloop
  endfacet
  facet normal 0 0 1
    outer loop
      vertex -15.85 122.528 14.8
      vertex -17 120.536 14.8
      vertex -16.5307 120.304 14.8
    endloop
  endfacet
  facet normal -0 0 1
    outer loop
      vertex -18.6955 125.531 14.8
      vertex -16.5706 124.651 14.8
      vertex -18.4641 126 14.8
    endloop
  endfacet
  facet normal 0 0 1
    outer loop
      vertex -16.0349 122.651 14.8
      vertex -17.435 120.827 14.8
      vertex -17 120.536 14.8
    endloop
  endfacet
  facet normal 0 0 1
    outer loop
      vertex -16.5706 124.651 14.8
      vertex -18.6955 125.531 14.8
      vertex -16.6421 124.44 14.8
    endloop
  endfacet
  facet normal 0 0 1
    outer loop
      vertex -16.2021 122.798 14.8
      vertex -17.8284 121.172 14.8
      vertex -17.435 120.827 14.8
    endloop
  endfacet
  facet normal -0 0 1
    outer loop
      vertex -18.8637 125.035 14.8
      vertex -16.6421 124.44 14.8
      vertex -18.6955 125.531 14.8
    endloop
  endfacet
  facet normal 0 0 1
    outer loop
      vertex -16.3487 122.965 14.8
      vertex -18.1734 121.565 14.8
      vertex -17.8284 121.172 14.8
    endloop
  endfacet
  facet normal 0 0 1
    outer loop
      vertex -16.6421 124.44 14.8
      vertex -18.8637 125.035 14.8
      vertex -16.6855 124.222 14.8
    endloop
  endfacet
  facet normal 0 0 1
    outer loop
      vertex -16.4722 123.15 14.8
      vertex -18.4641 122 14.8
      vertex -18.1734 121.565 14.8
    endloop
  endfacet
  facet normal -0 0 1
    outer loop
      vertex -18.9658 124.522 14.8
      vertex -16.6855 124.222 14.8
      vertex -18.8637 125.035 14.8
    endloop
  endfacet
  facet normal 0 0 1
    outer loop
      vertex -16.5706 123.349 14.8
      vertex -18.6955 122.469 14.8
      vertex -18.4641 122 14.8
    endloop
  endfacet
  facet normal 0 0 1
    outer loop
      vertex -16.6855 124.222 14.8
      vertex -18.9658 124.522 14.8
      vertex -16.7 124 14.8
    endloop
  endfacet
  facet normal 0 0 1
    outer loop
      vertex -16.6421 123.56 14.8
      vertex -18.8637 122.965 14.8
      vertex -18.6955 122.469 14.8
    endloop
  endfacet
  facet normal 0 0 1
    outer loop
      vertex -19 124 14.8
      vertex -16.7 124 14.8
      vertex -18.9658 124.522 14.8
    endloop
  endfacet
  facet normal 0 0 1
    outer loop
      vertex -16.6855 123.778 14.8
      vertex -18.9658 123.478 14.8
      vertex -18.8637 122.965 14.8
    endloop
  endfacet
  facet normal 0 0 1
    outer loop
      vertex -16.7 124 14.8
      vertex -19 124 14.8
      vertex -18.9658 123.478 14.8
    endloop
  endfacet
  facet normal -0.556022 0.831167 0
    outer loop
      vertex -17 127.464 2
      vertex -17.435 127.173 14.8
      vertex -17 127.464 14.8
    endloop
  endfacet
  facet normal -0.556022 0.831167 0
    outer loop
      vertex -17.435 127.173 14.8
      vertex -17 127.464 2
      vertex -17.435 127.173 2
    endloop
  endfacet
  facet normal -0.064984 0.997886 0
    outer loop
      vertex -15 128 2
      vertex -15.5221 127.966 14.8
      vertex -15 128 14.8
    endloop
  endfacet
  facet normal -0.064984 0.997886 0
    outer loop
      vertex -15.5221 127.966 14.8
      vertex -15 128 2
      vertex -15.5221 127.966 2
    endloop
  endfacet
  facet normal 0.19494 -0.980815 0
    outer loop
      vertex -14.4779 120.034 2
      vertex -13.9647 120.136 14.8
      vertex -14.4779 120.034 14.8
    endloop
  endfacet
  facet normal 0.19494 -0.980815 0
    outer loop
      vertex -13.9647 120.136 14.8
      vertex -14.4779 120.034 2
      vertex -13.9647 120.136 2
    endloop
  endfacet
  facet normal 0.947028 0.32115 0
    outer loop
      vertex -11.1363 125.035 14.8
      vertex -11.3045 125.531 2
      vertex -11.3045 125.531 14.8
    endloop
  endfacet
  facet normal 0.947028 0.32115 0
    outer loop
      vertex -11.3045 125.531 2
      vertex -11.1363 125.035 14.8
      vertex -11.1363 125.035 2
    endloop
  endfacet
  facet normal 0.980764 0.195197 0
    outer loop
      vertex -11.0342 124.522 14.8
      vertex -11.1363 125.035 2
      vertex -11.1363 125.035 14.8
    endloop
  endfacet
  facet normal 0.980764 0.195197 0
    outer loop
      vertex -11.1363 125.035 2
      vertex -11.0342 124.522 14.8
      vertex -11.0342 124.522 2
    endloop
  endfacet
  facet normal 0.75151 0.659722 0
    outer loop
      vertex -11.8266 126.435 14.8
      vertex -12.1716 126.828 2
      vertex -12.1716 126.828 14.8
    endloop
  endfacet
  facet normal 0.75151 0.659722 0
    outer loop
      vertex -12.1716 126.828 2
      vertex -11.8266 126.435 14.8
      vertex -11.8266 126.435 2
    endloop
  endfacet
  facet normal 0.556022 0.831167 -0
    outer loop
      vertex -12.565 127.173 2
      vertex -13 127.464 14.8
      vertex -12.565 127.173 14.8
    endloop
  endfacet
  facet normal 0.556022 0.831167 0
    outer loop
      vertex -13 127.464 14.8
      vertex -12.565 127.173 2
      vertex -13 127.464 2
    endloop
  endfacet
  facet normal -0.896786 0.442465 0
    outer loop
      vertex -18.6955 125.531 2
      vertex -18.4641 126 14.8
      vertex -18.4641 126 2
    endloop
  endfacet
  facet normal -0.896786 0.442465 0
    outer loop
      vertex -18.4641 126 14.8
      vertex -18.6955 125.531 2
      vertex -18.6955 125.531 14.8
    endloop
  endfacet
  facet normal -0.980764 0.195197 0
    outer loop
      vertex -18.9658 124.522 2
      vertex -18.8637 125.035 14.8
      vertex -18.8637 125.035 2
    endloop
  endfacet
  facet normal -0.980764 0.195197 0
    outer loop
      vertex -18.8637 125.035 14.8
      vertex -18.9658 124.522 2
      vertex -18.9658 124.522 14.8
    endloop
  endfacet
  facet normal -0.443159 0.896443 0
    outer loop
      vertex -16.5307 127.696 2
      vertex -17 127.464 14.8
      vertex -16.5307 127.696 14.8
    endloop
  endfacet
  facet normal -0.443159 0.896443 0
    outer loop
      vertex -17 127.464 14.8
      vertex -16.5307 127.696 2
      vertex -17 127.464 2
    endloop
  endfacet
  facet normal -0.19494 0.980815 0
    outer loop
      vertex -15.5221 127.966 2
      vertex -16.0353 127.864 14.8
      vertex -15.5221 127.966 14.8
    endloop
  endfacet
  facet normal -0.19494 0.980815 0
    outer loop
      vertex -16.0353 127.864 14.8
      vertex -15.5221 127.966 2
      vertex -16.0353 127.864 2
    endloop
  endfacet
  facet normal 0.947028 -0.32115 0
    outer loop
      vertex -11.3045 122.469 14.8
      vertex -11.1363 122.965 2
      vertex -11.1363 122.965 14.8
    endloop
  endfacet
  facet normal 0.947028 -0.32115 0
    outer loop
      vertex -11.1363 122.965 2
      vertex -11.3045 122.469 14.8
      vertex -11.3045 122.469 2
    endloop
  endfacet
  facet normal 0.980764 -0.195197 0
    outer loop
      vertex -11.1363 122.965 14.8
      vertex -11.0342 123.478 2
      vertex -11.0342 123.478 14.8
    endloop
  endfacet
  facet normal 0.980764 -0.195197 0
    outer loop
      vertex -11.0342 123.478 2
      vertex -11.1363 122.965 14.8
      vertex -11.1363 122.965 2
    endloop
  endfacet
  facet normal -0.997861 -0.0653771 0
    outer loop
      vertex -18.9658 123.478 2
      vertex -19 124 14.8
      vertex -19 124 2
    endloop
  endfacet
  facet normal -0.997861 -0.0653771 0
    outer loop
      vertex -19 124 14.8
      vertex -18.9658 123.478 2
      vertex -18.9658 123.478 14.8
    endloop
  endfacet
  facet normal 0.556022 -0.831167 0
    outer loop
      vertex -13 120.536 2
      vertex -12.565 120.827 14.8
      vertex -13 120.536 14.8
    endloop
  endfacet
  facet normal 0.556022 -0.831167 0
    outer loop
      vertex -12.565 120.827 14.8
      vertex -13 120.536 2
      vertex -12.565 120.827 2
    endloop
  endfacet
  facet normal 0.443159 -0.896443 0
    outer loop
      vertex -13.4693 120.304 2
      vertex -13 120.536 14.8
      vertex -13.4693 120.304 14.8
    endloop
  endfacet
  facet normal 0.443159 -0.896443 0
    outer loop
      vertex -13 120.536 14.8
      vertex -13.4693 120.304 2
      vertex -13 120.536 2
    endloop
  endfacet
  facet normal -0.947028 0.32115 0
    outer loop
      vertex -18.8637 125.035 2
      vertex -18.6955 125.531 14.8
      vertex -18.6955 125.531 2
    endloop
  endfacet
  facet normal -0.947028 0.32115 0
    outer loop
      vertex -18.6955 125.531 14.8
      vertex -18.8637 125.035 2
      vertex -18.8637 125.035 14.8
    endloop
  endfacet
  facet normal 0.831432 -0.555626 0
    outer loop
      vertex -11.8266 121.565 14.8
      vertex -11.5359 122 2
      vertex -11.5359 122 14.8
    endloop
  endfacet
  facet normal 0.831432 -0.555626 0
    outer loop
      vertex -11.5359 122 2
      vertex -11.8266 121.565 14.8
      vertex -11.8266 121.565 2
    endloop
  endfacet
  facet normal 0.997861 -0.0653771 0
    outer loop
      vertex -11.0342 123.478 14.8
      vertex -11 124 2
      vertex -11 124 14.8
    endloop
  endfacet
  facet normal 0.997861 -0.0653771 0
    outer loop
      vertex -11 124 2
      vertex -11.0342 123.478 14.8
      vertex -11.0342 123.478 2
    endloop
  endfacet
  facet normal -0.321156 -0.947026 0
    outer loop
      vertex -16.5307 120.304 2
      vertex -16.0353 120.136 14.8
      vertex -16.5307 120.304 14.8
    endloop
  endfacet
  facet normal -0.321156 -0.947026 -0
    outer loop
      vertex -16.0353 120.136 14.8
      vertex -16.5307 120.304 2
      vertex -16.0353 120.136 2
    endloop
  endfacet
  facet normal -0.75151 -0.659722 0
    outer loop
      vertex -17.8284 121.172 2
      vertex -18.1734 121.565 14.8
      vertex -18.1734 121.565 2
    endloop
  endfacet
  facet normal -0.75151 -0.659722 0
    outer loop
      vertex -18.1734 121.565 14.8
      vertex -17.8284 121.172 2
      vertex -17.8284 121.172 14.8
    endloop
  endfacet
  facet normal -0.980764 -0.195197 0
    outer loop
      vertex -18.8637 122.965 2
      vertex -18.9658 123.478 14.8
      vertex -18.9658 123.478 2
    endloop
  endfacet
  facet normal -0.980764 -0.195197 0
    outer loop
      vertex -18.9658 123.478 14.8
      vertex -18.8637 122.965 2
      vertex -18.8637 122.965 14.8
    endloop
  endfacet
  facet normal -0.947028 -0.32115 0
    outer loop
      vertex -18.6955 122.469 2
      vertex -18.8637 122.965 14.8
      vertex -18.8637 122.965 2
    endloop
  endfacet
  facet normal -0.947028 -0.32115 0
    outer loop
      vertex -18.8637 122.965 14.8
      vertex -18.6955 122.469 2
      vertex -18.6955 122.469 14.8
    endloop
  endfacet
  facet normal 0.659343 -0.751842 0
    outer loop
      vertex -12.565 120.827 2
      vertex -12.1716 121.172 14.8
      vertex -12.565 120.827 14.8
    endloop
  endfacet
  facet normal 0.659343 -0.751842 0
    outer loop
      vertex -12.1716 121.172 14.8
      vertex -12.565 120.827 2
      vertex -12.1716 121.172 2
    endloop
  endfacet
  facet normal 0.321156 -0.947026 0
    outer loop
      vertex -13.9647 120.136 2
      vertex -13.4693 120.304 14.8
      vertex -13.9647 120.136 14.8
    endloop
  endfacet
  facet normal 0.321156 -0.947026 0
    outer loop
      vertex -13.4693 120.304 14.8
      vertex -13.9647 120.136 2
      vertex -13.4693 120.304 2
    endloop
  endfacet
  facet normal 0.896786 -0.442465 0
    outer loop
      vertex -11.5359 122 14.8
      vertex -11.3045 122.469 2
      vertex -11.3045 122.469 14.8
    endloop
  endfacet
  facet normal 0.896786 -0.442465 0
    outer loop
      vertex -11.3045 122.469 2
      vertex -11.5359 122 14.8
      vertex -11.5359 122 2
    endloop
  endfacet
  facet normal -0.556022 -0.831167 0
    outer loop
      vertex -17.435 120.827 2
      vertex -17 120.536 14.8
      vertex -17.435 120.827 14.8
    endloop
  endfacet
  facet normal -0.556022 -0.831167 -0
    outer loop
      vertex -17 120.536 14.8
      vertex -17.435 120.827 2
      vertex -17 120.536 2
    endloop
  endfacet
  facet normal -0.19494 -0.980815 0
    outer loop
      vertex -16.0353 120.136 2
      vertex -15.5221 120.034 14.8
      vertex -16.0353 120.136 14.8
    endloop
  endfacet
  facet normal -0.19494 -0.980815 -0
    outer loop
      vertex -15.5221 120.034 14.8
      vertex -16.0353 120.136 2
      vertex -15.5221 120.034 2
    endloop
  endfacet
  facet normal -0.659343 -0.751842 0
    outer loop
      vertex -17.8284 121.172 2
      vertex -17.435 120.827 14.8
      vertex -17.8284 121.172 14.8
    endloop
  endfacet
  facet normal -0.659343 -0.751842 -0
    outer loop
      vertex -17.435 120.827 14.8
      vertex -17.8284 121.172 2
      vertex -17.435 120.827 2
    endloop
  endfacet
  facet normal -0.831432 -0.555626 0
    outer loop
      vertex -18.1734 121.565 2
      vertex -18.4641 122 14.8
      vertex -18.4641 122 2
    endloop
  endfacet
  facet normal -0.831432 -0.555626 0
    outer loop
      vertex -18.4641 122 14.8
      vertex -18.1734 121.565 2
      vertex -18.1734 121.565 14.8
    endloop
  endfacet
  facet normal -0.896786 -0.442465 0
    outer loop
      vertex -18.4641 122 2
      vertex -18.6955 122.469 14.8
      vertex -18.6955 122.469 2
    endloop
  endfacet
  facet normal -0.896786 -0.442465 0
    outer loop
      vertex -18.6955 122.469 14.8
      vertex -18.4641 122 2
      vertex -18.4641 122 14.8
    endloop
  endfacet
  facet normal -0.443159 -0.896443 0
    outer loop
      vertex -17 120.536 2
      vertex -16.5307 120.304 14.8
      vertex -17 120.536 14.8
    endloop
  endfacet
  facet normal -0.443159 -0.896443 -0
    outer loop
      vertex -16.5307 120.304 14.8
      vertex -17 120.536 2
      vertex -16.5307 120.304 2
    endloop
  endfacet
  facet normal -0.064984 -0.997886 0
    outer loop
      vertex -15.5221 120.034 2
      vertex -15 120 14.8
      vertex -15.5221 120.034 14.8
    endloop
  endfacet
  facet normal -0.064984 -0.997886 -0
    outer loop
      vertex -15 120 14.8
      vertex -15.5221 120.034 2
      vertex -15 120 2
    endloop
  endfacet
  facet normal 0.556022 0.831167 -0
    outer loop
      vertex 17.435 127.173 2
      vertex 17 127.464 14.8
      vertex 17.435 127.173 14.8
    endloop
  endfacet
  facet normal 0.556022 0.831167 0
    outer loop
      vertex 17 127.464 14.8
      vertex 17.435 127.173 2
      vertex 17 127.464 2
    endloop
  endfacet
  facet normal -0.980764 0.195197 0
    outer loop
      vertex 11.0342 124.522 2
      vertex 11.1363 125.035 14.8
      vertex 11.1363 125.035 2
    endloop
  endfacet
  facet normal -0.980764 0.195197 0
    outer loop
      vertex 11.1363 125.035 14.8
      vertex 11.0342 124.522 2
      vertex 11.0342 124.522 14.8
    endloop
  endfacet
  facet normal 0.980764 -0.195197 0
    outer loop
      vertex 18.8637 122.965 14.8
      vertex 18.9658 123.478 2
      vertex 18.9658 123.478 14.8
    endloop
  endfacet
  facet normal 0.980764 -0.195197 0
    outer loop
      vertex 18.9658 123.478 2
      vertex 18.8637 122.965 14.8
      vertex 18.8637 122.965 2
    endloop
  endfacet
  facet normal -0.19494 -0.980815 0
    outer loop
      vertex 13.9647 120.136 2
      vertex 14.4779 120.034 14.8
      vertex 13.9647 120.136 14.8
    endloop
  endfacet
  facet normal -0.19494 -0.980815 -0
    outer loop
      vertex 14.4779 120.034 14.8
      vertex 13.9647 120.136 2
      vertex 14.4779 120.034 2
    endloop
  endfacet
  facet normal 0.443159 0.896443 -0
    outer loop
      vertex 17 127.464 2
      vertex 16.5307 127.696 14.8
      vertex 17 127.464 14.8
    endloop
  endfacet
  facet normal 0.443159 0.896443 0
    outer loop
      vertex 16.5307 127.696 14.8
      vertex 17 127.464 2
      vertex 16.5307 127.696 2
    endloop
  endfacet
  facet normal -0.443159 0.896443 0
    outer loop
      vertex 13.4693 127.696 2
      vertex 13 127.464 14.8
      vertex 13.4693 127.696 14.8
    endloop
  endfacet
  facet normal -0.443159 0.896443 0
    outer loop
      vertex 13 127.464 14.8
      vertex 13.4693 127.696 2
      vertex 13 127.464 2
    endloop
  endfacet
  facet normal -0.947028 0.32115 0
    outer loop
      vertex 11.1363 125.035 2
      vertex 11.3045 125.531 14.8
      vertex 11.3045 125.531 2
    endloop
  endfacet
  facet normal -0.947028 0.32115 0
    outer loop
      vertex 11.3045 125.531 14.8
      vertex 11.1363 125.035 2
      vertex 11.1363 125.035 14.8
    endloop
  endfacet
  facet normal -0.831432 -0.555626 0
    outer loop
      vertex 11.8266 121.565 2
      vertex 11.5359 122 14.8
      vertex 11.5359 122 2
    endloop
  endfacet
  facet normal -0.831432 -0.555626 0
    outer loop
      vertex 11.5359 122 14.8
      vertex 11.8266 121.565 2
      vertex 11.8266 121.565 14.8
    endloop
  endfacet
  facet normal 0.947028 0.32115 0
    outer loop
      vertex 18.8637 125.035 14.8
      vertex 18.6955 125.531 2
      vertex 18.6955 125.531 14.8
    endloop
  endfacet
  facet normal 0.947028 0.32115 0
    outer loop
      vertex 18.6955 125.531 2
      vertex 18.8637 125.035 14.8
      vertex 18.8637 125.035 2
    endloop
  endfacet
  facet normal 0.896786 0.442465 0
    outer loop
      vertex 18.6955 125.531 14.8
      vertex 18.4641 126 2
      vertex 18.4641 126 14.8
    endloop
  endfacet
  facet normal 0.896786 0.442465 0
    outer loop
      vertex 18.4641 126 2
      vertex 18.6955 125.531 14.8
      vertex 18.6955 125.531 2
    endloop
  endfacet
  facet normal 0.831432 0.555626 0
    outer loop
      vertex 18.4641 126 14.8
      vertex 18.1734 126.435 2
      vertex 18.1734 126.435 14.8
    endloop
  endfacet
  facet normal 0.831432 0.555626 0
    outer loop
      vertex 18.1734 126.435 2
      vertex 18.4641 126 14.8
      vertex 18.4641 126 2
    endloop
  endfacet
  facet normal 0.75151 0.659722 0
    outer loop
      vertex 18.1734 126.435 14.8
      vertex 17.8284 126.828 2
      vertex 17.8284 126.828 14.8
    endloop
  endfacet
  facet normal 0.75151 0.659722 0
    outer loop
      vertex 17.8284 126.828 2
      vertex 18.1734 126.435 14.8
      vertex 18.1734 126.435 2
    endloop
  endfacet
  facet normal 0.321156 0.947026 -0
    outer loop
      vertex 16.5307 127.696 2
      vertex 16.0353 127.864 14.8
      vertex 16.5307 127.696 14.8
    endloop
  endfacet
  facet normal 0.321156 0.947026 0
    outer loop
      vertex 16.0353 127.864 14.8
      vertex 16.5307 127.696 2
      vertex 16.0353 127.864 2
    endloop
  endfacet
  facet normal -0.064984 0.997886 0
    outer loop
      vertex 15 128 2
      vertex 14.4779 127.966 14.8
      vertex 15 128 14.8
    endloop
  endfacet
  facet normal -0.064984 0.997886 0
    outer loop
      vertex 14.4779 127.966 14.8
      vertex 15 128 2
      vertex 14.4779 127.966 2
    endloop
  endfacet
  facet normal 0.064984 0.997886 -0
    outer loop
      vertex 15.5221 127.966 2
      vertex 15 128 14.8
      vertex 15.5221 127.966 14.8
    endloop
  endfacet
  facet normal 0.064984 0.997886 0
    outer loop
      vertex 15 128 14.8
      vertex 15.5221 127.966 2
      vertex 15 128 2
    endloop
  endfacet
  facet normal -0.997861 -0.0653771 0
    outer loop
      vertex 11.0342 123.478 2
      vertex 11 124 14.8
      vertex 11 124 2
    endloop
  endfacet
  facet normal -0.997861 -0.0653771 0
    outer loop
      vertex 11 124 14.8
      vertex 11.0342 123.478 2
      vertex 11.0342 123.478 14.8
    endloop
  endfacet
  facet normal -0.831432 0.555626 0
    outer loop
      vertex 11.5359 126 2
      vertex 11.8266 126.435 14.8
      vertex 11.8266 126.435 2
    endloop
  endfacet
  facet normal -0.831432 0.555626 0
    outer loop
      vertex 11.8266 126.435 14.8
      vertex 11.5359 126 2
      vertex 11.5359 126 14.8
    endloop
  endfacet
  facet normal -0.556022 0.831167 0
    outer loop
      vertex 13 127.464 2
      vertex 12.565 127.173 14.8
      vertex 13 127.464 14.8
    endloop
  endfacet
  facet normal -0.556022 0.831167 0
    outer loop
      vertex 12.565 127.173 14.8
      vertex 13 127.464 2
      vertex 12.565 127.173 2
    endloop
  endfacet
  facet normal -0.659343 0.751842 0
    outer loop
      vertex 12.565 127.173 2
      vertex 12.1716 126.828 14.8
      vertex 12.565 127.173 14.8
    endloop
  endfacet
  facet normal -0.659343 0.751842 0
    outer loop
      vertex 12.1716 126.828 14.8
      vertex 12.565 127.173 2
      vertex 12.1716 126.828 2
    endloop
  endfacet
  facet normal 0.997861 -0.0653771 0
    outer loop
      vertex 18.9658 123.478 14.8
      vertex 19 124 2
      vertex 19 124 14.8
    endloop
  endfacet
  facet normal 0.997861 -0.0653771 0
    outer loop
      vertex 19 124 2
      vertex 18.9658 123.478 14.8
      vertex 18.9658 123.478 2
    endloop
  endfacet
  facet normal 0.443159 -0.896443 0
    outer loop
      vertex 16.5307 120.304 2
      vertex 17 120.536 14.8
      vertex 16.5307 120.304 14.8
    endloop
  endfacet
  facet normal 0.443159 -0.896443 0
    outer loop
      vertex 17 120.536 14.8
      vertex 16.5307 120.304 2
      vertex 17 120.536 2
    endloop
  endfacet
  facet normal 0.831432 -0.555626 0
    outer loop
      vertex 18.1734 121.565 14.8
      vertex 18.4641 122 2
      vertex 18.4641 122 14.8
    endloop
  endfacet
  facet normal 0.831432 -0.555626 0
    outer loop
      vertex 18.4641 122 2
      vertex 18.1734 121.565 14.8
      vertex 18.1734 121.565 2
    endloop
  endfacet
  facet normal 0.75151 -0.659722 0
    outer loop
      vertex 17.8284 121.172 14.8
      vertex 18.1734 121.565 2
      vertex 18.1734 121.565 14.8
    endloop
  endfacet
  facet normal 0.75151 -0.659722 0
    outer loop
      vertex 18.1734 121.565 2
      vertex 17.8284 121.172 14.8
      vertex 17.8284 121.172 2
    endloop
  endfacet
  facet normal 0.556022 -0.831167 0
    outer loop
      vertex 17 120.536 2
      vertex 17.435 120.827 14.8
      vertex 17 120.536 14.8
    endloop
  endfacet
  facet normal 0.556022 -0.831167 0
    outer loop
      vertex 17.435 120.827 14.8
      vertex 17 120.536 2
      vertex 17.435 120.827 2
    endloop
  endfacet
  facet normal -0.321156 -0.947026 0
    outer loop
      vertex 13.4693 120.304 2
      vertex 13.9647 120.136 14.8
      vertex 13.4693 120.304 14.8
    endloop
  endfacet
  facet normal -0.321156 -0.947026 -0
    outer loop
      vertex 13.9647 120.136 14.8
      vertex 13.4693 120.304 2
      vertex 13.9647 120.136 2
    endloop
  endfacet
  facet normal 0.980764 0.195197 0
    outer loop
      vertex 18.9658 124.522 14.8
      vertex 18.8637 125.035 2
      vertex 18.8637 125.035 14.8
    endloop
  endfacet
  facet normal 0.980764 0.195197 0
    outer loop
      vertex 18.8637 125.035 2
      vertex 18.9658 124.522 14.8
      vertex 18.9658 124.522 2
    endloop
  endfacet
  facet normal 0.659343 0.751842 -0
    outer loop
      vertex 17.8284 126.828 2
      vertex 17.435 127.173 14.8
      vertex 17.8284 126.828 14.8
    endloop
  endfacet
  facet normal 0.659343 0.751842 0
    outer loop
      vertex 17.435 127.173 14.8
      vertex 17.8284 126.828 2
      vertex 17.435 127.173 2
    endloop
  endfacet
  facet normal 0.19494 0.980815 -0
    outer loop
      vertex 16.0353 127.864 2
      vertex 15.5221 127.966 14.8
      vertex 16.0353 127.864 14.8
    endloop
  endfacet
  facet normal 0.19494 0.980815 0
    outer loop
      vertex 15.5221 127.966 14.8
      vertex 16.0353 127.864 2
      vertex 15.5221 127.966 2
    endloop
  endfacet
  facet normal -0.896786 0.442465 0
    outer loop
      vertex 11.3045 125.531 2
      vertex 11.5359 126 14.8
      vertex 11.5359 126 2
    endloop
  endfacet
  facet normal -0.896786 0.442465 0
    outer loop
      vertex 11.5359 126 14.8
      vertex 11.3045 125.531 2
      vertex 11.3045 125.531 14.8
    endloop
  endfacet
  facet normal -0.19494 0.980815 0
    outer loop
      vertex 14.4779 127.966 2
      vertex 13.9647 127.864 14.8
      vertex 14.4779 127.966 14.8
    endloop
  endfacet
  facet normal -0.19494 0.980815 0
    outer loop
      vertex 13.9647 127.864 14.8
      vertex 14.4779 127.966 2
      vertex 13.9647 127.864 2
    endloop
  endfacet
  facet normal -0.321156 0.947026 0
    outer loop
      vertex 13.9647 127.864 2
      vertex 13.4693 127.696 14.8
      vertex 13.9647 127.864 14.8
    endloop
  endfacet
  facet normal -0.321156 0.947026 0
    outer loop
      vertex 13.4693 127.696 14.8
      vertex 13.9647 127.864 2
      vertex 13.4693 127.696 2
    endloop
  endfacet
  facet normal -0.75151 0.659722 0
    outer loop
      vertex 11.8266 126.435 2
      vertex 12.1716 126.828 14.8
      vertex 12.1716 126.828 2
    endloop
  endfacet
  facet normal -0.75151 0.659722 0
    outer loop
      vertex 12.1716 126.828 14.8
      vertex 11.8266 126.435 2
      vertex 11.8266 126.435 14.8
    endloop
  endfacet
  facet normal 0.997861 0.0653771 0
    outer loop
      vertex 19 124 14.8
      vertex 18.9658 124.522 2
      vertex 18.9658 124.522 14.8
    endloop
  endfacet
  facet normal 0.997861 0.0653771 0
    outer loop
      vertex 18.9658 124.522 2
      vertex 19 124 14.8
      vertex 19 124 2
    endloop
  endfacet
  facet normal 0.19494 -0.980815 0
    outer loop
      vertex 15.5221 120.034 2
      vertex 16.0353 120.136 14.8
      vertex 15.5221 120.034 14.8
    endloop
  endfacet
  facet normal 0.19494 -0.980815 0
    outer loop
      vertex 16.0353 120.136 14.8
      vertex 15.5221 120.034 2
      vertex 16.0353 120.136 2
    endloop
  endfacet
  facet normal 0.321156 -0.947026 0
    outer loop
      vertex 16.0353 120.136 2
      vertex 16.5307 120.304 14.8
      vertex 16.0353 120.136 14.8
    endloop
  endfacet
  facet normal 0.321156 -0.947026 0
    outer loop
      vertex 16.5307 120.304 14.8
      vertex 16.0353 120.136 2
      vertex 16.5307 120.304 2
    endloop
  endfacet
  facet normal 0.659343 -0.751842 0
    outer loop
      vertex 17.435 120.827 2
      vertex 17.8284 121.172 14.8
      vertex 17.435 120.827 14.8
    endloop
  endfacet
  facet normal 0.659343 -0.751842 0
    outer loop
      vertex 17.8284 121.172 14.8
      vertex 17.435 120.827 2
      vertex 17.8284 121.172 2
    endloop
  endfacet
  facet normal 0.947028 -0.32115 0
    outer loop
      vertex 18.6955 122.469 14.8
      vertex 18.8637 122.965 2
      vertex 18.8637 122.965 14.8
    endloop
  endfacet
  facet normal 0.947028 -0.32115 0
    outer loop
      vertex 18.8637 122.965 2
      vertex 18.6955 122.469 14.8
      vertex 18.6955 122.469 2
    endloop
  endfacet
  facet normal 0.896786 -0.442465 0
    outer loop
      vertex 18.4641 122 14.8
      vertex 18.6955 122.469 2
      vertex 18.6955 122.469 14.8
    endloop
  endfacet
  facet normal 0.896786 -0.442465 0
    outer loop
      vertex 18.6955 122.469 2
      vertex 18.4641 122 14.8
      vertex 18.4641 122 2
    endloop
  endfacet
  facet normal -0.064984 -0.997886 0
    outer loop
      vertex 14.4779 120.034 2
      vertex 15 120 14.8
      vertex 14.4779 120.034 14.8
    endloop
  endfacet
  facet normal -0.064984 -0.997886 -0
    outer loop
      vertex 15 120 14.8
      vertex 14.4779 120.034 2
      vertex 15 120 2
    endloop
  endfacet
  facet normal 0.064984 -0.997886 0
    outer loop
      vertex 15 120 2
      vertex 15.5221 120.034 14.8
      vertex 15 120 14.8
    endloop
  endfacet
  facet normal 0.064984 -0.997886 0
    outer loop
      vertex 15.5221 120.034 14.8
      vertex 15 120 2
      vertex 15.5221 120.034 2
    endloop
  endfacet
  facet normal -0.556022 -0.831167 0
    outer loop
      vertex 12.565 120.827 2
      vertex 13 120.536 14.8
      vertex 12.565 120.827 14.8
    endloop
  endfacet
  facet normal -0.556022 -0.831167 -0
    outer loop
      vertex 13 120.536 14.8
      vertex 12.565 120.827 2
      vertex 13 120.536 2
    endloop
  endfacet
  facet normal -0.896786 -0.442465 0
    outer loop
      vertex 11.5359 122 2
      vertex 11.3045 122.469 14.8
      vertex 11.3045 122.469 2
    endloop
  endfacet
  facet normal -0.896786 -0.442465 0
    outer loop
      vertex 11.3045 122.469 14.8
      vertex 11.5359 122 2
      vertex 11.5359 122 14.8
    endloop
  endfacet
  facet normal -0.980764 -0.195197 0
    outer loop
      vertex 11.1363 122.965 2
      vertex 11.0342 123.478 14.8
      vertex 11.0342 123.478 2
    endloop
  endfacet
  facet normal -0.980764 -0.195197 0
    outer loop
      vertex 11.0342 123.478 14.8
      vertex 11.1363 122.965 2
      vertex 11.1363 122.965 14.8
    endloop
  endfacet
  facet normal -0.75151 -0.659722 0
    outer loop
      vertex 12.1716 121.172 2
      vertex 11.8266 121.565 14.8
      vertex 11.8266 121.565 2
    endloop
  endfacet
  facet normal -0.75151 -0.659722 0
    outer loop
      vertex 11.8266 121.565 14.8
      vertex 12.1716 121.172 2
      vertex 12.1716 121.172 14.8
    endloop
  endfacet
  facet normal -0.659343 -0.751842 0
    outer loop
      vertex 12.1716 121.172 2
      vertex 12.565 120.827 14.8
      vertex 12.1716 121.172 14.8
    endloop
  endfacet
  facet normal -0.659343 -0.751842 -0
    outer loop
      vertex 12.565 120.827 14.8
      vertex 12.1716 121.172 2
      vertex 12.565 120.827 2
    endloop
  endfacet
  facet normal 0 0 1
    outer loop
      vertex 16.7 124 14.8
      vertex 19 124 14.8
      vertex 18.9658 124.522 14.8
    endloop
  endfacet
  facet normal 0 0 1
    outer loop
      vertex 16.6855 124.222 14.8
      vertex 18.9658 124.522 14.8
      vertex 18.8637 125.035 14.8
    endloop
  endfacet
  facet normal 0 0 1
    outer loop
      vertex 19 124 14.8
      vertex 16.7 124 14.8
      vertex 18.9658 123.478 14.8
    endloop
  endfacet
  facet normal 0 0 1
    outer loop
      vertex 16.6421 124.44 14.8
      vertex 18.8637 125.035 14.8
      vertex 18.6955 125.531 14.8
    endloop
  endfacet
  facet normal -0 0 1
    outer loop
      vertex 16.6855 123.778 14.8
      vertex 18.9658 123.478 14.8
      vertex 16.7 124 14.8
    endloop
  endfacet
  facet normal 0 0 1
    outer loop
      vertex 16.5706 124.651 14.8
      vertex 18.6955 125.531 14.8
      vertex 18.4641 126 14.8
    endloop
  endfacet
  facet normal 0 0 1
    outer loop
      vertex 18.9658 123.478 14.8
      vertex 16.6855 123.778 14.8
      vertex 18.8637 122.965 14.8
    endloop
  endfacet
  facet normal 0 0 1
    outer loop
      vertex 16.4722 124.85 14.8
      vertex 18.4641 126 14.8
      vertex 18.1734 126.435 14.8
    endloop
  endfacet
  facet normal -0 0 1
    outer loop
      vertex 16.6421 123.56 14.8
      vertex 18.8637 122.965 14.8
      vertex 16.6855 123.778 14.8
    endloop
  endfacet
  facet normal 0 0 1
    outer loop
      vertex 16.3487 125.035 14.8
      vertex 18.1734 126.435 14.8
      vertex 17.8284 126.828 14.8
    endloop
  endfacet
  facet normal 0 0 1
    outer loop
      vertex 18.8637 122.965 14.8
      vertex 16.6421 123.56 14.8
      vertex 18.6955 122.469 14.8
    endloop
  endfacet
  facet normal 0 0 1
    outer loop
      vertex 16.2021 125.202 14.8
      vertex 17.8284 126.828 14.8
      vertex 17.435 127.173 14.8
    endloop
  endfacet
  facet normal -0 0 1
    outer loop
      vertex 16.5706 123.349 14.8
      vertex 18.6955 122.469 14.8
      vertex 16.6421 123.56 14.8
    endloop
  endfacet
  facet normal 0 0 1
    outer loop
      vertex 16.0349 125.349 14.8
      vertex 17.435 127.173 14.8
      vertex 17 127.464 14.8
    endloop
  endfacet
  facet normal 0 0 1
    outer loop
      vertex 18.6955 122.469 14.8
      vertex 16.5706 123.349 14.8
      vertex 18.4641 122 14.8
    endloop
  endfacet
  facet normal -0 0 1
    outer loop
      vertex 16.4722 123.15 14.8
      vertex 18.4641 122 14.8
      vertex 16.5706 123.349 14.8
    endloop
  endfacet
  facet normal 0 0 1
    outer loop
      vertex 18.9658 124.522 14.8
      vertex 16.6855 124.222 14.8
      vertex 16.7 124 14.8
    endloop
  endfacet
  facet normal 0 0 1
    outer loop
      vertex 18.8637 125.035 14.8
      vertex 16.6421 124.44 14.8
      vertex 16.6855 124.222 14.8
    endloop
  endfacet
  facet normal 0 0 1
    outer loop
      vertex 18.6955 125.531 14.8
      vertex 16.5706 124.651 14.8
      vertex 16.6421 124.44 14.8
    endloop
  endfacet
  facet normal 0 0 1
    outer loop
      vertex 15.85 125.472 14.8
      vertex 17 127.464 14.8
      vertex 16.5307 127.696 14.8
    endloop
  endfacet
  facet normal 0 0 1
    outer loop
      vertex 18.4641 126 14.8
      vertex 16.4722 124.85 14.8
      vertex 16.5706 124.651 14.8
    endloop
  endfacet
  facet normal 0 0 1
    outer loop
      vertex 18.1734 126.435 14.8
      vertex 16.3487 125.035 14.8
      vertex 16.4722 124.85 14.8
    endloop
  endfacet
  facet normal 0 0 1
    outer loop
      vertex 17.8284 126.828 14.8
      vertex 16.2021 125.202 14.8
      vertex 16.3487 125.035 14.8
    endloop
  endfacet
  facet normal 0 0 1
    outer loop
      vertex 15.6506 125.571 14.8
      vertex 16.5307 127.696 14.8
      vertex 16.0353 127.864 14.8
    endloop
  endfacet
  facet normal 0 0 1
    outer loop
      vertex 17.435 127.173 14.8
      vertex 16.0349 125.349 14.8
      vertex 16.2021 125.202 14.8
    endloop
  endfacet
  facet normal 0 0 1
    outer loop
      vertex 17 127.464 14.8
      vertex 15.85 125.472 14.8
      vertex 16.0349 125.349 14.8
    endloop
  endfacet
  facet normal 0 0 1
    outer loop
      vertex 16.5307 127.696 14.8
      vertex 15.6506 125.571 14.8
      vertex 15.85 125.472 14.8
    endloop
  endfacet
  facet normal 0 0 1
    outer loop
      vertex 15.44 125.642 14.8
      vertex 16.0353 127.864 14.8
      vertex 15.5221 127.966 14.8
    endloop
  endfacet
  facet normal 0 0 1
    outer loop
      vertex 16.0353 127.864 14.8
      vertex 15.44 125.642 14.8
      vertex 15.6506 125.571 14.8
    endloop
  endfacet
  facet normal 0 0 1
    outer loop
      vertex 15.5221 127.966 14.8
      vertex 15.2219 125.685 14.8
      vertex 15.44 125.642 14.8
    endloop
  endfacet
  facet normal 0 0 1
    outer loop
      vertex 15 128 14.8
      vertex 15.2219 125.685 14.8
      vertex 15.5221 127.966 14.8
    endloop
  endfacet
  facet normal 0 0 1
    outer loop
      vertex 15 128 14.8
      vertex 15 125.7 14.8
      vertex 15.2219 125.685 14.8
    endloop
  endfacet
  facet normal 0 0 1
    outer loop
      vertex 15 128 14.8
      vertex 14.7781 125.685 14.8
      vertex 15 125.7 14.8
    endloop
  endfacet
  facet normal -0 0 1
    outer loop
      vertex 14.4779 127.966 14.8
      vertex 14.7781 125.685 14.8
      vertex 15 128 14.8
    endloop
  endfacet
  facet normal 0 0 1
    outer loop
      vertex 14.7781 125.685 14.8
      vertex 14.4779 127.966 14.8
      vertex 14.56 125.642 14.8
    endloop
  endfacet
  facet normal -0 0 1
    outer loop
      vertex 13.9647 127.864 14.8
      vertex 14.56 125.642 14.8
      vertex 14.4779 127.966 14.8
    endloop
  endfacet
  facet normal 0 0 1
    outer loop
      vertex 14.56 125.642 14.8
      vertex 13.9647 127.864 14.8
      vertex 14.3494 125.571 14.8
    endloop
  endfacet
  facet normal -0 0 1
    outer loop
      vertex 13.4693 127.696 14.8
      vertex 14.3494 125.571 14.8
      vertex 13.9647 127.864 14.8
    endloop
  endfacet
  facet normal 0 0 1
    outer loop
      vertex 14.3494 125.571 14.8
      vertex 13.4693 127.696 14.8
      vertex 14.15 125.472 14.8
    endloop
  endfacet
  facet normal -0 0 1
    outer loop
      vertex 13 127.464 14.8
      vertex 14.15 125.472 14.8
      vertex 13.4693 127.696 14.8
    endloop
  endfacet
  facet normal 0 0 1
    outer loop
      vertex 14.15 125.472 14.8
      vertex 13 127.464 14.8
      vertex 13.9651 125.349 14.8
    endloop
  endfacet
  facet normal -0 0 1
    outer loop
      vertex 12.565 127.173 14.8
      vertex 13.9651 125.349 14.8
      vertex 13 127.464 14.8
    endloop
  endfacet
  facet normal 0 0 1
    outer loop
      vertex 13.9651 125.349 14.8
      vertex 12.565 127.173 14.8
      vertex 13.7979 125.202 14.8
    endloop
  endfacet
  facet normal -0 0 1
    outer loop
      vertex 12.1716 126.828 14.8
      vertex 13.7979 125.202 14.8
      vertex 12.565 127.173 14.8
    endloop
  endfacet
  facet normal 0 0 1
    outer loop
      vertex 13.7979 125.202 14.8
      vertex 12.1716 126.828 14.8
      vertex 13.6513 125.035 14.8
    endloop
  endfacet
  facet normal -0 0 1
    outer loop
      vertex 11.8266 126.435 14.8
      vertex 13.6513 125.035 14.8
      vertex 12.1716 126.828 14.8
    endloop
  endfacet
  facet normal 0 0 1
    outer loop
      vertex 13.6513 125.035 14.8
      vertex 11.8266 126.435 14.8
      vertex 13.5278 124.85 14.8
    endloop
  endfacet
  facet normal -0 0 1
    outer loop
      vertex 11.5359 126 14.8
      vertex 13.5278 124.85 14.8
      vertex 11.8266 126.435 14.8
    endloop
  endfacet
  facet normal 0 0 1
    outer loop
      vertex 18.4641 122 14.8
      vertex 16.4722 123.15 14.8
      vertex 18.1734 121.565 14.8
    endloop
  endfacet
  facet normal -0 0 1
    outer loop
      vertex 16.3487 122.965 14.8
      vertex 18.1734 121.565 14.8
      vertex 16.4722 123.15 14.8
    endloop
  endfacet
  facet normal 0 0 1
    outer loop
      vertex 18.1734 121.565 14.8
      vertex 16.3487 122.965 14.8
      vertex 17.8284 121.172 14.8
    endloop
  endfacet
  facet normal -0 0 1
    outer loop
      vertex 16.2021 122.798 14.8
      vertex 17.8284 121.172 14.8
      vertex 16.3487 122.965 14.8
    endloop
  endfacet
  facet normal 0 0 1
    outer loop
      vertex 17.8284 121.172 14.8
      vertex 16.2021 122.798 14.8
      vertex 17.435 120.827 14.8
    endloop
  endfacet
  facet normal -0 0 1
    outer loop
      vertex 16.0349 122.651 14.8
      vertex 17.435 120.827 14.8
      vertex 16.2021 122.798 14.8
    endloop
  endfacet
  facet normal 0 0 1
    outer loop
      vertex 17.435 120.827 14.8
      vertex 16.0349 122.651 14.8
      vertex 17 120.536 14.8
    endloop
  endfacet
  facet normal -0 0 1
    outer loop
      vertex 15.85 122.528 14.8
      vertex 17 120.536 14.8
      vertex 16.0349 122.651 14.8
    endloop
  endfacet
  facet normal 0 0 1
    outer loop
      vertex 17 120.536 14.8
      vertex 15.85 122.528 14.8
      vertex 16.5307 120.304 14.8
    endloop
  endfacet
  facet normal -0 0 1
    outer loop
      vertex 15.6506 122.429 14.8
      vertex 16.5307 120.304 14.8
      vertex 15.85 122.528 14.8
    endloop
  endfacet
  facet normal 0 0 1
    outer loop
      vertex 16.5307 120.304 14.8
      vertex 15.6506 122.429 14.8
      vertex 16.0353 120.136 14.8
    endloop
  endfacet
  facet normal -0 0 1
    outer loop
      vertex 15.44 122.358 14.8
      vertex 16.0353 120.136 14.8
      vertex 15.6506 122.429 14.8
    endloop
  endfacet
  facet normal 0 0 1
    outer loop
      vertex 16.0353 120.136 14.8
      vertex 15.44 122.358 14.8
      vertex 15.5221 120.034 14.8
    endloop
  endfacet
  facet normal -0 0 1
    outer loop
      vertex 15.2219 122.315 14.8
      vertex 15.5221 120.034 14.8
      vertex 15.44 122.358 14.8
    endloop
  endfacet
  facet normal -0 0 1
    outer loop
      vertex 15 122.3 14.8
      vertex 15.5221 120.034 14.8
      vertex 15.2219 122.315 14.8
    endloop
  endfacet
  facet normal 0 0 1
    outer loop
      vertex 15 122.3 14.8
      vertex 15 120 14.8
      vertex 15.5221 120.034 14.8
    endloop
  endfacet
  facet normal 0 0 1
    outer loop
      vertex 14.7781 122.315 14.8
      vertex 15 120 14.8
      vertex 15 122.3 14.8
    endloop
  endfacet
  facet normal 0 0 1
    outer loop
      vertex 14.4779 120.034 14.8
      vertex 14.7781 122.315 14.8
      vertex 14.56 122.358 14.8
    endloop
  endfacet
  facet normal 0 0 1
    outer loop
      vertex 14.7781 122.315 14.8
      vertex 14.4779 120.034 14.8
      vertex 15 120 14.8
    endloop
  endfacet
  facet normal 0 0 1
    outer loop
      vertex 13.9647 120.136 14.8
      vertex 14.56 122.358 14.8
      vertex 14.3494 122.429 14.8
    endloop
  endfacet
  facet normal 0 0 1
    outer loop
      vertex 13.4693 120.304 14.8
      vertex 14.3494 122.429 14.8
      vertex 14.15 122.528 14.8
    endloop
  endfacet
  facet normal 0 0 1
    outer loop
      vertex 13 120.536 14.8
      vertex 14.15 122.528 14.8
      vertex 13.9651 122.651 14.8
    endloop
  endfacet
  facet normal 0 0 1
    outer loop
      vertex 14.56 122.358 14.8
      vertex 13.9647 120.136 14.8
      vertex 14.4779 120.034 14.8
    endloop
  endfacet
  facet normal 0 0 1
    outer loop
      vertex 12.565 120.827 14.8
      vertex 13.9651 122.651 14.8
      vertex 13.7979 122.798 14.8
    endloop
  endfacet
  facet normal 0 0 1
    outer loop
      vertex 12.1716 121.172 14.8
      vertex 13.7979 122.798 14.8
      vertex 13.6513 122.965 14.8
    endloop
  endfacet
  facet normal 0 0 1
    outer loop
      vertex 11.8266 121.565 14.8
      vertex 13.6513 122.965 14.8
      vertex 13.5278 123.15 14.8
    endloop
  endfacet
  facet normal 0 0 1
    outer loop
      vertex 14.3494 122.429 14.8
      vertex 13.4693 120.304 14.8
      vertex 13.9647 120.136 14.8
    endloop
  endfacet
  facet normal 0 0 1
    outer loop
      vertex 11.5359 122 14.8
      vertex 13.5278 123.15 14.8
      vertex 13.4294 123.349 14.8
    endloop
  endfacet
  facet normal 0 0 1
    outer loop
      vertex 11.3045 122.469 14.8
      vertex 13.4294 123.349 14.8
      vertex 13.3579 123.56 14.8
    endloop
  endfacet
  facet normal 0 0 1
    outer loop
      vertex 11.1363 122.965 14.8
      vertex 13.3579 123.56 14.8
      vertex 13.3145 123.778 14.8
    endloop
  endfacet
  facet normal 0 0 1
    outer loop
      vertex 11.0342 123.478 14.8
      vertex 13.3145 123.778 14.8
      vertex 13.3 124 14.8
    endloop
  endfacet
  facet normal 0 0 1
    outer loop
      vertex 13.5278 124.85 14.8
      vertex 11.5359 126 14.8
      vertex 13.4294 124.651 14.8
    endloop
  endfacet
  facet normal 0 0 1
    outer loop
      vertex 14.15 122.528 14.8
      vertex 13 120.536 14.8
      vertex 13.4693 120.304 14.8
    endloop
  endfacet
  facet normal -0 0 1
    outer loop
      vertex 11.3045 125.531 14.8
      vertex 13.4294 124.651 14.8
      vertex 11.5359 126 14.8
    endloop
  endfacet
  facet normal 0 0 1
    outer loop
      vertex 13.9651 122.651 14.8
      vertex 12.565 120.827 14.8
      vertex 13 120.536 14.8
    endloop
  endfacet
  facet normal 0 0 1
    outer loop
      vertex 13.4294 124.651 14.8
      vertex 11.3045 125.531 14.8
      vertex 13.3579 124.44 14.8
    endloop
  endfacet
  facet normal 0 0 1
    outer loop
      vertex 13.7979 122.798 14.8
      vertex 12.1716 121.172 14.8
      vertex 12.565 120.827 14.8
    endloop
  endfacet
  facet normal -0 0 1
    outer loop
      vertex 11.1363 125.035 14.8
      vertex 13.3579 124.44 14.8
      vertex 11.3045 125.531 14.8
    endloop
  endfacet
  facet normal 0 0 1
    outer loop
      vertex 13.6513 122.965 14.8
      vertex 11.8266 121.565 14.8
      vertex 12.1716 121.172 14.8
    endloop
  endfacet
  facet normal 0 0 1
    outer loop
      vertex 13.3579 124.44 14.8
      vertex 11.1363 125.035 14.8
      vertex 13.3145 124.222 14.8
    endloop
  endfacet
  facet normal 0 0 1
    outer loop
      vertex 13.5278 123.15 14.8
      vertex 11.5359 122 14.8
      vertex 11.8266 121.565 14.8
    endloop
  endfacet
  facet normal -0 0 1
    outer loop
      vertex 11.0342 124.522 14.8
      vertex 13.3145 124.222 14.8
      vertex 11.1363 125.035 14.8
    endloop
  endfacet
  facet normal 0 0 1
    outer loop
      vertex 13.4294 123.349 14.8
      vertex 11.3045 122.469 14.8
      vertex 11.5359 122 14.8
    endloop
  endfacet
  facet normal 0 0 1
    outer loop
      vertex 13.3145 124.222 14.8
      vertex 11.0342 124.522 14.8
      vertex 13.3 124 14.8
    endloop
  endfacet
  facet normal 0 0 1
    outer loop
      vertex 13.3579 123.56 14.8
      vertex 11.1363 122.965 14.8
      vertex 11.3045 122.469 14.8
    endloop
  endfacet
  facet normal 0 0 1
    outer loop
      vertex 11 124 14.8
      vertex 13.3 124 14.8
      vertex 11.0342 124.522 14.8
    endloop
  endfacet
  facet normal 0 0 1
    outer loop
      vertex 13.3145 123.778 14.8
      vertex 11.0342 123.478 14.8
      vertex 11.1363 122.965 14.8
    endloop
  endfacet
  facet normal 0 0 1
    outer loop
      vertex 13.3 124 14.8
      vertex 11 124 14.8
      vertex 11.0342 123.478 14.8
    endloop
  endfacet
  facet normal -0.997861 0.0653771 0
    outer loop
      vertex 11 124 2
      vertex 11.0342 124.522 14.8
      vertex 11.0342 124.522 2
    endloop
  endfacet
  facet normal -0.997861 0.0653771 0
    outer loop
      vertex 11.0342 124.522 14.8
      vertex 11 124 2
      vertex 11 124 14.8
    endloop
  endfacet
  facet normal -0.443159 -0.896443 0
    outer loop
      vertex 13 120.536 2
      vertex 13.4693 120.304 14.8
      vertex 13 120.536 14.8
    endloop
  endfacet
  facet normal -0.443159 -0.896443 -0
    outer loop
      vertex 13.4693 120.304 14.8
      vertex 13 120.536 2
      vertex 13.4693 120.304 2
    endloop
  endfacet
  facet normal -0.947028 -0.32115 0
    outer loop
      vertex 11.3045 122.469 2
      vertex 11.1363 122.965 14.8
      vertex 11.1363 122.965 2
    endloop
  endfacet
  facet normal -0.947028 -0.32115 0
    outer loop
      vertex 11.1363 122.965 14.8
      vertex 11.3045 122.469 2
      vertex 11.3045 122.469 14.8
    endloop
  endfacet
  facet normal 0.321456 -0.946925 0
    outer loop
      vertex 19.2941 0.170364 0
      vertex 19.9134 0.3806 18
      vertex 19.2941 0.170364 18
    endloop
  endfacet
  facet normal 0.321456 -0.946925 0
    outer loop
      vertex 19.9134 0.3806 18
      vertex 19.2941 0.170364 0
      vertex 19.9134 0.3806 0
    endloop
  endfacet
  facet normal 0.0653982 -0.997859 0
    outer loop
      vertex 18 0 0
      vertex 18.6526 0.0427704 18
      vertex 18 0 18
    endloop
  endfacet
  facet normal 0.0653982 -0.997859 0
    outer loop
      vertex 18.6526 0.0427704 18
      vertex 18 0 0
      vertex 18.6526 0.0427704 0
    endloop
  endfacet
  facet normal -0.194951 0.980813 0
    outer loop
      vertex -8.52211 151.966 0
      vertex -9.03528 151.864 18
      vertex -8.52211 151.966 18
    endloop
  endfacet
  facet normal -0.194951 0.980813 0
    outer loop
      vertex -9.03528 151.864 18
      vertex -8.52211 151.966 0
      vertex -9.03528 151.864 0
    endloop
  endfacet
  facet normal 0.195078 -0.980788 0
    outer loop
      vertex 18.6526 0.0427704 0
      vertex 19.2941 0.170364 18
      vertex 18.6526 0.0427704 18
    endloop
  endfacet
  facet normal 0.195078 -0.980788 0
    outer loop
      vertex 19.2941 0.170364 18
      vertex 18.6526 0.0427704 0
      vertex 19.2941 0.170364 0
    endloop
  endfacet
  facet normal 0.997859 0.0654033 0
    outer loop
      vertex 23 125 18
      vertex 22.9572 125.653 0
      vertex 22.9572 125.653 18
    endloop
  endfacet
  facet normal 0.997859 0.0654033 0
    outer loop
      vertex 22.9572 125.653 0
      vertex 23 125 18
      vertex 23 125 0
    endloop
  endfacet
  facet normal -0.980757 0.195233 0
    outer loop
      vertex -22.9572 125.653 0
      vertex -22.8296 126.294 18
      vertex -22.8296 126.294 0
    endloop
  endfacet
  facet normal -0.980757 0.195233 0
    outer loop
      vertex -22.8296 126.294 18
      vertex -22.9572 125.653 0
      vertex -22.9572 125.653 18
    endloop
  endfacet
  facet normal -0.997859 0.0654033 0
    outer loop
      vertex -23 125 0
      vertex -22.9572 125.653 18
      vertex -22.9572 125.653 0
    endloop
  endfacet
  facet normal -0.997859 0.0654033 0
    outer loop
      vertex -22.9572 125.653 18
      vertex -23 125 0
      vertex -23 125 18
    endloop
  endfacet
  facet normal 0.659343 0.751842 -0
    outer loop
      vertex 10.8284 150.828 0
      vertex 10.435 151.173 18
      vertex 10.8284 150.828 18
    endloop
  endfacet
  facet normal 0.659343 0.751842 0
    outer loop
      vertex 10.435 151.173 18
      vertex 10.8284 150.828 0
      vertex 10.435 151.173 0
    endloop
  endfacet
  facet normal 1 0 0
    outer loop
      vertex 23 125 18
      vertex 23 108 8.2
      vertex 23 125 0
    endloop
  endfacet
  facet normal 1 -0 0
    outer loop
      vertex 23 87 13
      vertex 23 108 8.2
      vertex 23 125 18
    endloop
  endfacet
  facet normal 1 0 0
    outer loop
      vertex 23 87 5
      vertex 23 98 8.2
      vertex 23 87 13
    endloop
  endfacet
  facet normal 1 0 0
    outer loop
      vertex 23 108 8.2
      vertex 23 87 13
      vertex 23 98 8.2
    endloop
  endfacet
  facet normal 1 0 0
    outer loop
      vertex 23 125 18
      vertex 23 85 13
      vertex 23 87 13
    endloop
  endfacet
  facet normal 1 0 0
    outer loop
      vertex 23 85 13
      vertex 23 82 13
      vertex 23 85 5
    endloop
  endfacet
  facet normal 1 0 0
    outer loop
      vertex 23 125 18
      vertex 23 82 13
      vertex 23 85 13
    endloop
  endfacet
  facet normal 1 0 0
    outer loop
      vertex 23 125 18
      vertex 23 80 13
      vertex 23 82 13
    endloop
  endfacet
  facet normal 1 0 0
    outer loop
      vertex 23 80 13
      vertex 23 77 13
      vertex 23 80 5
    endloop
  endfacet
  facet normal 1 0 0
    outer loop
      vertex 23 125 18
      vertex 23 77 13
      vertex 23 80 13
    endloop
  endfacet
  facet normal 1 0 0
    outer loop
      vertex 23 125 18
      vertex 23 75 13
      vertex 23 77 13
    endloop
  endfacet
  facet normal 1 0 0
    outer loop
      vertex 23 75 13
      vertex 23 72 13
      vertex 23 75 5
    endloop
  endfacet
  facet normal 1 0 0
    outer loop
      vertex 23 125 18
      vertex 23 72 13
      vertex 23 75 13
    endloop
  endfacet
  facet normal 1 0 0
    outer loop
      vertex 23 125 18
      vertex 23 70 13
      vertex 23 72 13
    endloop
  endfacet
  facet normal 1 0 0
    outer loop
      vertex 23 70 13
      vertex 23 5 18
      vertex 23 70 5
    endloop
  endfacet
  facet normal 1 -0 0
    outer loop
      vertex 23 5 18
      vertex 23 70 13
      vertex 23 125 18
    endloop
  endfacet
  facet normal 1 -0 0
    outer loop
      vertex 23 108 3.2
      vertex 23 125 0
      vertex 23 108 8.2
    endloop
  endfacet
  facet normal 1 -0 0
    outer loop
      vertex 23 98 3.2
      vertex 23 125 0
      vertex 23 108 3.2
    endloop
  endfacet
  facet normal 1 0 0
    outer loop
      vertex 23 98 8.2
      vertex 23 87 5
      vertex 23 98 3.2
    endloop
  endfacet
  facet normal 1 -0 0
    outer loop
      vertex 23 85 5
      vertex 23 98 3.2
      vertex 23 87 5
    endloop
  endfacet
  facet normal 1 0 0
    outer loop
      vertex 23 82 5
      vertex 23 85 5
      vertex 23 82 13
    endloop
  endfacet
  facet normal 1 -0 0
    outer loop
      vertex 23 82 5
      vertex 23 98 3.2
      vertex 23 85 5
    endloop
  endfacet
  facet normal 1 -0 0
    outer loop
      vertex 23 80 5
      vertex 23 98 3.2
      vertex 23 82 5
    endloop
  endfacet
  facet normal 1 -0 0
    outer loop
      vertex 23 77 5
      vertex 23 98 3.2
      vertex 23 80 5
    endloop
  endfacet
  facet normal 1 0 0
    outer loop
      vertex 23 77 5
      vertex 23 80 5
      vertex 23 77 13
    endloop
  endfacet
  facet normal 1 -0 0
    outer loop
      vertex 23 75 5
      vertex 23 98 3.2
      vertex 23 77 5
    endloop
  endfacet
  facet normal 1 -0 0
    outer loop
      vertex 23 72 5
      vertex 23 98 3.2
      vertex 23 75 5
    endloop
  endfacet
  facet normal 1 0 0
    outer loop
      vertex 23 72 5
      vertex 23 75 5
      vertex 23 72 13
    endloop
  endfacet
  facet normal 1 -0 0
    outer loop
      vertex 23 70 5
      vertex 23 98 3.2
      vertex 23 72 5
    endloop
  endfacet
  facet normal 1 0 0
    outer loop
      vertex 23 5 0
      vertex 23 98 3.2
      vertex 23 70 5
    endloop
  endfacet
  facet normal 1 0 0
    outer loop
      vertex 23 98 3.2
      vertex 23 5 0
      vertex 23 125 0
    endloop
  endfacet
  facet normal 1 0 0
    outer loop
      vertex 23 5 0
      vertex 23 70 5
      vertex 23 5 18
    endloop
  endfacet
  facet normal -0.831432 0.555626 0
    outer loop
      vertex -11.4641 150 0
      vertex -11.1734 150.435 18
      vertex -11.1734 150.435 0
    endloop
  endfacet
  facet normal -0.831432 0.555626 0
    outer loop
      vertex -11.1734 150.435 18
      vertex -11.4641 150 0
      vertex -11.4641 150 18
    endloop
  endfacet
  facet normal -1 0 0
    outer loop
      vertex -23 5 0
      vertex -23 125 18
      vertex -23 125 0
    endloop
  endfacet
  facet normal -1 -0 0
    outer loop
      vertex -23 125 18
      vertex -23 5 0
      vertex -23 5 18
    endloop
  endfacet
  facet normal -0.0653982 -0.997859 0
    outer loop
      vertex -18.6526 0.0427704 0
      vertex -18 0 18
      vertex -18.6526 0.0427704 18
    endloop
  endfacet
  facet normal -0.0653982 -0.997859 -0
    outer loop
      vertex -18 0 18
      vertex -18.6526 0.0427704 0
      vertex -18 0 0
    endloop
  endfacet
  facet normal 0.0649827 0.997886 -0
    outer loop
      vertex 8.52211 151.966 0
      vertex 8 152 18
      vertex 8.52211 151.966 18
    endloop
  endfacet
  facet normal 0.0649827 0.997886 0
    outer loop
      vertex 8 152 18
      vertex 8.52211 151.966 0
      vertex 8 152 0
    endloop
  endfacet
  facet normal 0.900476 0.434906 0
    outer loop
      vertex 22.6194 126.913 18
      vertex 11.6955 149.531 0
      vertex 11.6955 149.531 18
    endloop
  endfacet
  facet normal 0.900476 0.434906 0
    outer loop
      vertex 11.6955 149.531 0
      vertex 22.6194 126.913 18
      vertex 22.6194 126.913 0
    endloop
  endfacet
  facet normal 0 1 -0
    outer loop
      vertex 8 152 0
      vertex -8 152 18
      vertex 8 152 18
    endloop
  endfacet
  facet normal 0 1 0
    outer loop
      vertex -8 152 18
      vertex 8 152 0
      vertex -8 152 0
    endloop
  endfacet
  facet normal -0.556022 0.831167 0
    outer loop
      vertex -10 151.464 0
      vertex -10.435 151.173 18
      vertex -10 151.464 18
    endloop
  endfacet
  facet normal -0.556022 0.831167 0
    outer loop
      vertex -10.435 151.173 18
      vertex -10 151.464 0
      vertex -10.435 151.173 0
    endloop
  endfacet
  facet normal -0.659343 0.751842 0
    outer loop
      vertex -10.435 151.173 0
      vertex -10.8284 150.828 18
      vertex -10.435 151.173 18
    endloop
  endfacet
  facet normal -0.659343 0.751842 0
    outer loop
      vertex -10.8284 150.828 18
      vertex -10.435 151.173 0
      vertex -10.8284 150.828 0
    endloop
  endfacet
  facet normal -0.900476 0.434906 0
    outer loop
      vertex -22.6194 126.913 0
      vertex -11.6955 149.531 18
      vertex -11.6955 149.531 0
    endloop
  endfacet
  facet normal -0.900476 0.434906 0
    outer loop
      vertex -11.6955 149.531 18
      vertex -22.6194 126.913 0
      vertex -22.6194 126.913 18
    endloop
  endfacet
  facet normal -0.946894 0.321546 0
    outer loop
      vertex -22.8296 126.294 0
      vertex -22.6194 126.913 18
      vertex -22.6194 126.913 0
    endloop
  endfacet
  facet normal -0.946894 0.321546 0
    outer loop
      vertex -22.6194 126.913 18
      vertex -22.8296 126.294 0
      vertex -22.8296 126.294 18
    endloop
  endfacet
  facet normal -0.896786 0.442465 0
    outer loop
      vertex -11.6955 149.531 0
      vertex -11.4641 150 18
      vertex -11.4641 150 0
    endloop
  endfacet
  facet normal -0.896786 0.442465 0
    outer loop
      vertex -11.4641 150 18
      vertex -11.6955 149.531 0
      vertex -11.6955 149.531 18
    endloop
  endfacet
  facet normal -0.997856 -0.0654402 0
    outer loop
      vertex -22.9572 4.34737 0
      vertex -23 5 18
      vertex -23 5 0
    endloop
  endfacet
  facet normal -0.997856 -0.0654402 0
    outer loop
      vertex -23 5 18
      vertex -22.9572 4.34737 0
      vertex -22.9572 4.34737 18
    endloop
  endfacet
  facet normal -0.980784 -0.195096 0
    outer loop
      vertex -22.8296 3.7059 0
      vertex -22.9572 4.34737 18
      vertex -22.9572 4.34737 0
    endloop
  endfacet
  facet normal -0.980784 -0.195096 0
    outer loop
      vertex -22.9572 4.34737 18
      vertex -22.8296 3.7059 0
      vertex -22.8296 3.7059 18
    endloop
  endfacet
  facet normal -0.442285 -0.896875 0
    outer loop
      vertex -20.5 0.669876 0
      vertex -19.9134 0.3806 18
      vertex -20.5 0.669876 18
    endloop
  endfacet
  facet normal -0.442285 -0.896875 -0
    outer loop
      vertex -19.9134 0.3806 18
      vertex -20.5 0.669876 0
      vertex -19.9134 0.3806 0
    endloop
  endfacet
  facet normal -0.321456 -0.946925 0
    outer loop
      vertex -19.9134 0.3806 0
      vertex -19.2941 0.170364 18
      vertex -19.9134 0.3806 18
    endloop
  endfacet
  facet normal -0.321456 -0.946925 -0
    outer loop
      vertex -19.2941 0.170364 18
      vertex -19.9134 0.3806 0
      vertex -19.2941 0.170364 0
    endloop
  endfacet
  facet normal -0.659364 -0.751824 0
    outer loop
      vertex -21.5355 1.46446 0
      vertex -21.0438 1.03323 18
      vertex -21.5355 1.46446 18
    endloop
  endfacet
  facet normal -0.659364 -0.751824 -0
    outer loop
      vertex -21.0438 1.03323 18
      vertex -21.5355 1.46446 0
      vertex -21.0438 1.03323 0
    endloop
  endfacet
  facet normal 0 -1 0
    outer loop
      vertex -18 0 0
      vertex 18 0 18
      vertex -18 0 18
    endloop
  endfacet
  facet normal 0 -1 -0
    outer loop
      vertex 18 0 18
      vertex -18 0 0
      vertex 18 0 0
    endloop
  endfacet
  facet normal 0.946894 0.321546 0
    outer loop
      vertex 22.8296 126.294 18
      vertex 22.6194 126.913 0
      vertex 22.6194 126.913 18
    endloop
  endfacet
  facet normal 0.946894 0.321546 0
    outer loop
      vertex 22.6194 126.913 0
      vertex 22.8296 126.294 18
      vertex 22.8296 126.294 0
    endloop
  endfacet
  facet normal 0.980757 0.195233 0
    outer loop
      vertex 22.9572 125.653 18
      vertex 22.8296 126.294 0
      vertex 22.8296 126.294 18
    endloop
  endfacet
  facet normal 0.980757 0.195233 0
    outer loop
      vertex 22.8296 126.294 0
      vertex 22.9572 125.653 18
      vertex 22.9572 125.653 0
    endloop
  endfacet
  facet normal 0.831432 0.555626 0
    outer loop
      vertex 11.4641 150 18
      vertex 11.1734 150.435 0
      vertex 11.1734 150.435 18
    endloop
  endfacet
  facet normal 0.831432 0.555626 0
    outer loop
      vertex 11.1734 150.435 0
      vertex 11.4641 150 18
      vertex 11.4641 150 0
    endloop
  endfacet
  facet normal 0.75151 0.659722 0
    outer loop
      vertex 11.1734 150.435 18
      vertex 10.8284 150.828 0
      vertex 10.8284 150.828 18
    endloop
  endfacet
  facet normal 0.75151 0.659722 0
    outer loop
      vertex 10.8284 150.828 0
      vertex 11.1734 150.435 18
      vertex 11.1734 150.435 0
    endloop
  endfacet
  facet normal 0.896786 0.442465 0
    outer loop
      vertex 11.6955 149.531 18
      vertex 11.4641 150 0
      vertex 11.4641 150 18
    endloop
  endfacet
  facet normal 0.896786 0.442465 0
    outer loop
      vertex 11.4641 150 0
      vertex 11.6955 149.531 18
      vertex 11.6955 149.531 0
    endloop
  endfacet
  facet normal 0.443182 0.896432 -0
    outer loop
      vertex 10 151.464 0
      vertex 9.53073 151.696 18
      vertex 10 151.464 18
    endloop
  endfacet
  facet normal 0.443182 0.896432 0
    outer loop
      vertex 9.53073 151.696 18
      vertex 10 151.464 0
      vertex 9.53073 151.696 0
    endloop
  endfacet
  facet normal 0.556022 0.831167 -0
    outer loop
      vertex 10.435 151.173 0
      vertex 10 151.464 18
      vertex 10.435 151.173 18
    endloop
  endfacet
  facet normal 0.556022 0.831167 0
    outer loop
      vertex 10 151.464 18
      vertex 10.435 151.173 0
      vertex 10 151.464 0
    endloop
  endfacet
  facet normal 0.194951 0.980813 -0
    outer loop
      vertex 9.03528 151.864 0
      vertex 8.52211 151.966 18
      vertex 9.03528 151.864 18
    endloop
  endfacet
  facet normal 0.194951 0.980813 0
    outer loop
      vertex 8.52211 151.966 18
      vertex 9.03528 151.864 0
      vertex 8.52211 151.966 0
    endloop
  endfacet
  facet normal -0.0649827 0.997886 0
    outer loop
      vertex -8 152 0
      vertex -8.52211 151.966 18
      vertex -8 152 18
    endloop
  endfacet
  facet normal -0.0649827 0.997886 0
    outer loop
      vertex -8.52211 151.966 18
      vertex -8 152 0
      vertex -8.52211 151.966 0
    endloop
  endfacet
  facet normal 0.980784 -0.195096 0
    outer loop
      vertex 22.8296 3.7059 18
      vertex 22.9572 4.34737 0
      vertex 22.9572 4.34737 18
    endloop
  endfacet
  facet normal 0.980784 -0.195096 0
    outer loop
      vertex 22.9572 4.34737 0
      vertex 22.8296 3.7059 18
      vertex 22.8296 3.7059 0
    endloop
  endfacet
  facet normal 0.659364 -0.751824 0
    outer loop
      vertex 21.0438 1.03323 0
      vertex 21.5355 1.46446 18
      vertex 21.0438 1.03323 18
    endloop
  endfacet
  facet normal 0.659364 -0.751824 0
    outer loop
      vertex 21.5355 1.46446 18
      vertex 21.0438 1.03323 0
      vertex 21.5355 1.46446 0
    endloop
  endfacet
  facet normal 0.442285 -0.896875 0
    outer loop
      vertex 19.9134 0.3806 0
      vertex 20.5 0.669876 18
      vertex 19.9134 0.3806 18
    endloop
  endfacet
  facet normal 0.442285 -0.896875 0
    outer loop
      vertex 20.5 0.669876 18
      vertex 19.9134 0.3806 0
      vertex 20.5 0.669876 0
    endloop
  endfacet
  facet normal -0.443182 0.896432 0
    outer loop
      vertex -9.53073 151.696 0
      vertex -10 151.464 18
      vertex -9.53073 151.696 18
    endloop
  endfacet
  facet normal -0.443182 0.896432 0
    outer loop
      vertex -10 151.464 18
      vertex -9.53073 151.696 0
      vertex -10 151.464 0
    endloop
  endfacet
  facet normal -0.321126 0.947036 0
    outer loop
      vertex -9.03528 151.864 0
      vertex -9.53073 151.696 18
      vertex -9.03528 151.864 18
    endloop
  endfacet
  facet normal -0.321126 0.947036 0
    outer loop
      vertex -9.53073 151.696 18
      vertex -9.03528 151.864 0
      vertex -9.53073 151.696 0
    endloop
  endfacet
  facet normal -0.75151 0.659722 0
    outer loop
      vertex -11.1734 150.435 0
      vertex -10.8284 150.828 18
      vertex -10.8284 150.828 0
    endloop
  endfacet
  facet normal -0.75151 0.659722 0
    outer loop
      vertex -10.8284 150.828 18
      vertex -11.1734 150.435 0
      vertex -11.1734 150.435 18
    endloop
  endfacet
  facet normal -0.946944 -0.321397 0
    outer loop
      vertex -22.6194 3.08658 0
      vertex -22.8296 3.7059 18
      vertex -22.8296 3.7059 0
    endloop
  endfacet
  facet normal -0.946944 -0.321397 0
    outer loop
      vertex -22.8296 3.7059 18
      vertex -22.6194 3.08658 0
      vertex -22.6194 3.08658 18
    endloop
  endfacet
  facet normal -0.751791 -0.659401 0
    outer loop
      vertex -21.5355 1.46446 0
      vertex -21.9668 1.95619 18
      vertex -21.9668 1.95619 0
    endloop
  endfacet
  facet normal -0.751791 -0.659401 0
    outer loop
      vertex -21.9668 1.95619 18
      vertex -21.5355 1.46446 0
      vertex -21.5355 1.46446 18
    endloop
  endfacet
  facet normal -0.896854 -0.442327 0
    outer loop
      vertex -22.3301 2.5 0
      vertex -22.6194 3.08658 18
      vertex -22.6194 3.08658 0
    endloop
  endfacet
  facet normal -0.896854 -0.442327 0
    outer loop
      vertex -22.6194 3.08658 18
      vertex -22.3301 2.5 0
      vertex -22.3301 2.5 18
    endloop
  endfacet
  facet normal -0.195078 -0.980788 0
    outer loop
      vertex -19.2941 0.170364 0
      vertex -18.6526 0.0427704 18
      vertex -19.2941 0.170364 18
    endloop
  endfacet
  facet normal -0.195078 -0.980788 -0
    outer loop
      vertex -18.6526 0.0427704 18
      vertex -19.2941 0.170364 0
      vertex -18.6526 0.0427704 0
    endloop
  endfacet
  facet normal -0.555569 -0.831471 0
    outer loop
      vertex -21.0438 1.03323 0
      vertex -20.5 0.669876 18
      vertex -21.0438 1.03323 18
    endloop
  endfacet
  facet normal -0.555569 -0.831471 -0
    outer loop
      vertex -20.5 0.669876 18
      vertex -21.0438 1.03323 0
      vertex -20.5 0.669876 0
    endloop
  endfacet
  facet normal 0.321126 0.947036 -0
    outer loop
      vertex 9.53073 151.696 0
      vertex 9.03528 151.864 18
      vertex 9.53073 151.696 18
    endloop
  endfacet
  facet normal 0.321126 0.947036 0
    outer loop
      vertex 9.03528 151.864 18
      vertex 9.53073 151.696 0
      vertex 9.03528 151.864 0
    endloop
  endfacet
  facet normal 0.946944 -0.321397 0
    outer loop
      vertex 22.6194 3.08658 18
      vertex 22.8296 3.7059 0
      vertex 22.8296 3.7059 18
    endloop
  endfacet
  facet normal 0.946944 -0.321397 0
    outer loop
      vertex 22.8296 3.7059 0
      vertex 22.6194 3.08658 18
      vertex 22.6194 3.08658 0
    endloop
  endfacet
  facet normal 0.831514 -0.555504 0
    outer loop
      vertex 21.9668 1.95619 18
      vertex 22.3301 2.5 0
      vertex 22.3301 2.5 18
    endloop
  endfacet
  facet normal 0.831514 -0.555504 0
    outer loop
      vertex 22.3301 2.5 0
      vertex 21.9668 1.95619 18
      vertex 21.9668 1.95619 0
    endloop
  endfacet
  facet normal 0.896854 -0.442327 0
    outer loop
      vertex 22.3301 2.5 18
      vertex 22.6194 3.08658 0
      vertex 22.6194 3.08658 18
    endloop
  endfacet
  facet normal 0.896854 -0.442327 0
    outer loop
      vertex 22.6194 3.08658 0
      vertex 22.3301 2.5 18
      vertex 22.3301 2.5 0
    endloop
  endfacet
  facet normal 0.997856 -0.0654402 0
    outer loop
      vertex 22.9572 4.34737 18
      vertex 23 5 0
      vertex 23 5 18
    endloop
  endfacet
  facet normal 0.997856 -0.0654402 0
    outer loop
      vertex 23 5 0
      vertex 22.9572 4.34737 18
      vertex 22.9572 4.34737 0
    endloop
  endfacet
  facet normal 0.751791 -0.659401 0
    outer loop
      vertex 21.5355 1.46446 18
      vertex 21.9668 1.95619 0
      vertex 21.9668 1.95619 18
    endloop
  endfacet
  facet normal 0.751791 -0.659401 0
    outer loop
      vertex 21.9668 1.95619 0
      vertex 21.5355 1.46446 18
      vertex 21.5355 1.46446 0
    endloop
  endfacet
  facet normal 0.555569 -0.831471 0
    outer loop
      vertex 20.5 0.669876 0
      vertex 21.0438 1.03323 18
      vertex 20.5 0.669876 18
    endloop
  endfacet
  facet normal 0.555569 -0.831471 0
    outer loop
      vertex 21.0438 1.03323 18
      vertex 20.5 0.669876 0
      vertex 21.0438 1.03323 0
    endloop
  endfacet
  facet normal -0.831514 -0.555504 0
    outer loop
      vertex -21.9668 1.95619 0
      vertex -22.3301 2.5 18
      vertex -22.3301 2.5 0
    endloop
  endfacet
  facet normal -0.831514 -0.555504 0
    outer loop
      vertex -22.3301 2.5 18
      vertex -21.9668 1.95619 0
      vertex -21.9668 1.95619 18
    endloop
  endfacet
  facet normal -0 0 1
    outer loop
      vertex 20.9701 125.391 18
      vertex 23 125 18
      vertex 22.9572 125.653 18
    endloop
  endfacet
  facet normal 0 0 1
    outer loop
      vertex 23 125 18
      vertex 21 124.935 18
      vertex 23 5 18
    endloop
  endfacet
  facet normal 0 0 1
    outer loop
      vertex 20.9701 125.391 18
      vertex 22.9572 125.653 18
      vertex 22.8296 126.294 18
    endloop
  endfacet
  facet normal -0 0 1
    outer loop
      vertex 21 5.06535 18
      vertex 23 5 18
      vertex 21 124.935 18
    endloop
  endfacet
  facet normal 0 0 1
    outer loop
      vertex 20.8936 125.775 18
      vertex 22.8296 126.294 18
      vertex 22.6194 126.913 18
    endloop
  endfacet
  facet normal 0 0 1
    outer loop
      vertex 20.9701 4.60909 18
      vertex 23 5 18
      vertex 21 5.06535 18
    endloop
  endfacet
  facet normal 0 0 1
    outer loop
      vertex 22.9572 4.34737 18
      vertex 20.9701 4.60909 18
      vertex 22.8296 3.7059 18
    endloop
  endfacet
  facet normal -0 0 1
    outer loop
      vertex 20.8936 4.22461 18
      vertex 22.8296 3.7059 18
      vertex 20.9701 4.60909 18
    endloop
  endfacet
  facet normal 0 0 1
    outer loop
      vertex 22.8296 3.7059 18
      vertex 20.8936 4.22461 18
      vertex 22.6194 3.08658 18
    endloop
  endfacet
  facet normal -0 0 1
    outer loop
      vertex 20.7677 3.85358 18
      vertex 22.6194 3.08658 18
      vertex 20.8936 4.22461 18
    endloop
  endfacet
  facet normal 0 0 1
    outer loop
      vertex 23 5 18
      vertex 20.9701 4.60909 18
      vertex 22.9572 4.34737 18
    endloop
  endfacet
  facet normal 0 0 1
    outer loop
      vertex 23 125 18
      vertex 20.9701 125.391 18
      vertex 21 124.935 18
    endloop
  endfacet
  facet normal 0 0 1
    outer loop
      vertex 22.8296 126.294 18
      vertex 20.8936 125.775 18
      vertex 20.9701 125.391 18
    endloop
  endfacet
  facet normal 0 0 1
    outer loop
      vertex 22.6194 126.913 18
      vertex 20.765 126.154 18
      vertex 20.8936 125.775 18
    endloop
  endfacet
  facet normal 0 0 1
    outer loop
      vertex 11.6955 149.531 18
      vertex 20.765 126.154 18
      vertex 22.6194 126.913 18
    endloop
  endfacet
  facet normal 0 0 1
    outer loop
      vertex 9.72835 148.998 18
      vertex 11.6955 149.531 18
      vertex 11.4641 150 18
    endloop
  endfacet
  facet normal 0 0 1
    outer loop
      vertex 9.72835 148.998 18
      vertex 11.4641 150 18
      vertex 11.1734 150.435 18
    endloop
  endfacet
  facet normal 0 0 1
    outer loop
      vertex 9.5833 149.215 18
      vertex 11.1734 150.435 18
      vertex 10.8284 150.828 18
    endloop
  endfacet
  facet normal 0 0 1
    outer loop
      vertex 9.41118 149.411 18
      vertex 10.8284 150.828 18
      vertex 10.435 151.173 18
    endloop
  endfacet
  facet normal 0 0 1
    outer loop
      vertex 9.21492 149.583 18
      vertex 10.435 151.173 18
      vertex 10 151.464 18
    endloop
  endfacet
  facet normal 0 0 1
    outer loop
      vertex 11.6955 149.531 18
      vertex 9.89774 148.654 18
      vertex 20.765 126.154 18
    endloop
  endfacet
  facet normal 0 0 1
    outer loop
      vertex 11.6955 149.531 18
      vertex 9.72835 148.998 18
      vertex 9.89774 148.654 18
    endloop
  endfacet
  facet normal 0 0 1
    outer loop
      vertex 11.1734 150.435 18
      vertex 9.5833 149.215 18
      vertex 9.72835 148.998 18
    endloop
  endfacet
  facet normal 0 0 1
    outer loop
      vertex 8.99783 149.728 18
      vertex 10 151.464 18
      vertex 9.53073 151.696 18
    endloop
  endfacet
  facet normal 0 0 1
    outer loop
      vertex 10.8284 150.828 18
      vertex 9.41118 149.411 18
      vertex 9.5833 149.215 18
    endloop
  endfacet
  facet normal 0 0 1
    outer loop
      vertex 10.435 151.173 18
      vertex 9.21492 149.583 18
      vertex 9.41118 149.411 18
    endloop
  endfacet
  facet normal 0 0 1
    outer loop
      vertex 8.76373 149.844 18
      vertex 9.53073 151.696 18
      vertex 9.03528 151.864 18
    endloop
  endfacet
  facet normal 0 0 1
    outer loop
      vertex 10 151.464 18
      vertex 8.99783 149.728 18
      vertex 9.21492 149.583 18
    endloop
  endfacet
  facet normal 0 0 1
    outer loop
      vertex 9.53073 151.696 18
      vertex 8.76373 149.844 18
      vertex 8.99783 149.728 18
    endloop
  endfacet
  facet normal 0 0 1
    outer loop
      vertex 8.51653 149.928 18
      vertex 9.03528 151.864 18
      vertex 8.52211 151.966 18
    endloop
  endfacet
  facet normal 0 0 1
    outer loop
      vertex 9.03528 151.864 18
      vertex 8.51653 149.928 18
      vertex 8.76373 149.844 18
    endloop
  endfacet
  facet normal 0 0 1
    outer loop
      vertex 8.52211 151.966 18
      vertex 8.26047 149.979 18
      vertex 8.51653 149.928 18
    endloop
  endfacet
  facet normal 0 0 1
    outer loop
      vertex 8 152 18
      vertex 8.26047 149.979 18
      vertex 8.52211 151.966 18
    endloop
  endfacet
  facet normal 0 0 1
    outer loop
      vertex 8 152 18
      vertex 7.93459 150 18
      vertex 8.26047 149.979 18
    endloop
  endfacet
  facet normal 0 0 1
    outer loop
      vertex 8 152 18
      vertex -7.93459 150 18
      vertex 7.93459 150 18
    endloop
  endfacet
  facet normal -0 0 1
    outer loop
      vertex -8 152 18
      vertex -7.93459 150 18
      vertex 8 152 18
    endloop
  endfacet
  facet normal 0 0 1
    outer loop
      vertex -8 152 18
      vertex -8.26047 149.979 18
      vertex -7.93459 150 18
    endloop
  endfacet
  facet normal -0 0 1
    outer loop
      vertex -8.52211 151.966 18
      vertex -8.26047 149.979 18
      vertex -8 152 18
    endloop
  endfacet
  facet normal 0 0 1
    outer loop
      vertex -8.26047 149.979 18
      vertex -8.52211 151.966 18
      vertex -8.51653 149.928 18
    endloop
  endfacet
  facet normal -0 0 1
    outer loop
      vertex -9.03528 151.864 18
      vertex -8.51653 149.928 18
      vertex -8.52211 151.966 18
    endloop
  endfacet
  facet normal 0 0 1
    outer loop
      vertex -8.51653 149.928 18
      vertex -9.03528 151.864 18
      vertex -8.76373 149.844 18
    endloop
  endfacet
  facet normal -0 0 1
    outer loop
      vertex -9.53073 151.696 18
      vertex -8.76373 149.844 18
      vertex -9.03528 151.864 18
    endloop
  endfacet
  facet normal 0 0 1
    outer loop
      vertex -8.76373 149.844 18
      vertex -9.53073 151.696 18
      vertex -8.99783 149.728 18
    endloop
  endfacet
  facet normal -0 0 1
    outer loop
      vertex -10 151.464 18
      vertex -8.99783 149.728 18
      vertex -9.53073 151.696 18
    endloop
  endfacet
  facet normal 0 0 1
    outer loop
      vertex -8.99783 149.728 18
      vertex -10 151.464 18
      vertex -9.21492 149.583 18
    endloop
  endfacet
  facet normal -0 0 1
    outer loop
      vertex -10.435 151.173 18
      vertex -9.21492 149.583 18
      vertex -10 151.464 18
    endloop
  endfacet
  facet normal 0 0 1
    outer loop
      vertex -9.21492 149.583 18
      vertex -10.435 151.173 18
      vertex -9.41118 149.411 18
    endloop
  endfacet
  facet normal -0 0 1
    outer loop
      vertex -10.8284 150.828 18
      vertex -9.41118 149.411 18
      vertex -10.435 151.173 18
    endloop
  endfacet
  facet normal 0 0 1
    outer loop
      vertex -9.41118 149.411 18
      vertex -10.8284 150.828 18
      vertex -9.5833 149.215 18
    endloop
  endfacet
  facet normal -0 0 1
    outer loop
      vertex -11.1734 150.435 18
      vertex -9.5833 149.215 18
      vertex -10.8284 150.828 18
    endloop
  endfacet
  facet normal 0 0 1
    outer loop
      vertex -9.5833 149.215 18
      vertex -11.1734 150.435 18
      vertex -9.72835 148.998 18
    endloop
  endfacet
  facet normal -0 0 1
    outer loop
      vertex -11.4641 150 18
      vertex -9.72835 148.998 18
      vertex -11.1734 150.435 18
    endloop
  endfacet
  facet normal -0 0 1
    outer loop
      vertex -11.6955 149.531 18
      vertex -9.72835 148.998 18
      vertex -11.4641 150 18
    endloop
  endfacet
  facet normal 0 0 1
    outer loop
      vertex -9.72835 148.998 18
      vertex -11.6955 149.531 18
      vertex -9.89774 148.654 18
    endloop
  endfacet
  facet normal 0 0 1
    outer loop
      vertex -11.6955 149.531 18
      vertex -20.765 126.154 18
      vertex -9.89774 148.654 18
    endloop
  endfacet
  facet normal 0 0 1
    outer loop
      vertex -23 5 18
      vertex -21 5.06535 18
      vertex -21 124.935 18
    endloop
  endfacet
  facet normal 0 -0 1
    outer loop
      vertex -22.9572 4.34737 18
      vertex -21 5.06535 18
      vertex -23 5 18
    endloop
  endfacet
  facet normal 0 0 1
    outer loop
      vertex -21 5.06535 18
      vertex -21.5355 1.46446 18
      vertex -21.0438 1.03323 18
    endloop
  endfacet
  facet normal 0 0 1
    outer loop
      vertex -21 5.06535 18
      vertex -21.9668 1.95619 18
      vertex -21.5355 1.46446 18
    endloop
  endfacet
  facet normal -0 0 1
    outer loop
      vertex -22.6194 126.913 18
      vertex -20.765 126.154 18
      vertex -11.6955 149.531 18
    endloop
  endfacet
  facet normal 0 0 1
    outer loop
      vertex -22.6194 126.913 18
      vertex -20.8936 125.775 18
      vertex -20.765 126.154 18
    endloop
  endfacet
  facet normal -0 0 1
    outer loop
      vertex -22.8296 126.294 18
      vertex -20.8936 125.775 18
      vertex -22.6194 126.913 18
    endloop
  endfacet
  facet normal 0 0 1
    outer loop
      vertex -20.8936 125.775 18
      vertex -22.8296 126.294 18
      vertex -20.9701 125.391 18
    endloop
  endfacet
  facet normal -0 0 1
    outer loop
      vertex -22.9572 125.653 18
      vertex -20.9701 125.391 18
      vertex -22.8296 126.294 18
    endloop
  endfacet
  facet normal 0 0 1
    outer loop
      vertex -23 5 18
      vertex -21 124.935 18
      vertex -23 125 18
    endloop
  endfacet
  facet normal 0 0 1
    outer loop
      vertex -23 125 18
      vertex -20.9701 125.391 18
      vertex -22.9572 125.653 18
    endloop
  endfacet
  facet normal 0 0 1
    outer loop
      vertex -21 5.06535 18
      vertex -22.3301 2.5 18
      vertex -21.9668 1.95619 18
    endloop
  endfacet
  facet normal 0 0 1
    outer loop
      vertex -20.9701 125.391 18
      vertex -23 125 18
      vertex -21 124.935 18
    endloop
  endfacet
  facet normal 0 0 1
    outer loop
      vertex -21 5.06535 18
      vertex -22.6194 3.08658 18
      vertex -22.3301 2.5 18
    endloop
  endfacet
  facet normal 0 0 1
    outer loop
      vertex -21 5.06535 18
      vertex -22.8296 3.7059 18
      vertex -22.6194 3.08658 18
    endloop
  endfacet
  facet normal 0 0 1
    outer loop
      vertex -21 5.06535 18
      vertex -22.9572 4.34737 18
      vertex -22.8296 3.7059 18
    endloop
  endfacet
  facet normal 0 0 1
    outer loop
      vertex 22.6194 3.08658 18
      vertex 20.7677 3.85358 18
      vertex 22.3301 2.5 18
    endloop
  endfacet
  facet normal -0 0 1
    outer loop
      vertex 20.5944 3.50218 18
      vertex 22.3301 2.5 18
      vertex 20.7677 3.85358 18
    endloop
  endfacet
  facet normal 0 0 1
    outer loop
      vertex 22.3301 2.5 18
      vertex 20.5944 3.50218 18
      vertex 21.9668 1.95619 18
    endloop
  endfacet
  facet normal -0 0 1
    outer loop
      vertex 20.3766 3.17632 18
      vertex 21.9668 1.95619 18
      vertex 20.5944 3.50218 18
    endloop
  endfacet
  facet normal 0 0 1
    outer loop
      vertex 21.9668 1.95619 18
      vertex 20.3766 3.17632 18
      vertex 21.5355 1.46446 18
    endloop
  endfacet
  facet normal -0 0 1
    outer loop
      vertex 20.1183 2.88171 18
      vertex 21.5355 1.46446 18
      vertex 20.3766 3.17632 18
    endloop
  endfacet
  facet normal 0 0 1
    outer loop
      vertex 21.5355 1.46446 18
      vertex 20.1183 2.88171 18
      vertex 21.0438 1.03323 18
    endloop
  endfacet
  facet normal -0 0 1
    outer loop
      vertex 19.8237 2.62335 18
      vertex 21.0438 1.03323 18
      vertex 20.1183 2.88171 18
    endloop
  endfacet
  facet normal 0 0 1
    outer loop
      vertex 21.0438 1.03323 18
      vertex 19.8237 2.62335 18
      vertex 20.5 0.669876 18
    endloop
  endfacet
  facet normal -0 0 1
    outer loop
      vertex 19.4978 2.40562 18
      vertex 20.5 0.669876 18
      vertex 19.8237 2.62335 18
    endloop
  endfacet
  facet normal 0 0 1
    outer loop
      vertex 20.5 0.669876 18
      vertex 19.4978 2.40562 18
      vertex 19.9134 0.3806 18
    endloop
  endfacet
  facet normal -0 0 1
    outer loop
      vertex 19.1464 2.23233 18
      vertex 19.9134 0.3806 18
      vertex 19.4978 2.40562 18
    endloop
  endfacet
  facet normal 0 0 1
    outer loop
      vertex 19.9134 0.3806 18
      vertex 19.1464 2.23233 18
      vertex 19.2941 0.170364 18
    endloop
  endfacet
  facet normal -0 0 1
    outer loop
      vertex 18.7754 2.10638 18
      vertex 19.2941 0.170364 18
      vertex 19.1464 2.23233 18
    endloop
  endfacet
  facet normal 0 0 1
    outer loop
      vertex 18.7754 2.10638 18
      vertex 18.6526 0.0427704 18
      vertex 19.2941 0.170364 18
    endloop
  endfacet
  facet normal -0 0 1
    outer loop
      vertex 18.3909 2.02991 18
      vertex 18.6526 0.0427704 18
      vertex 18.7754 2.10638 18
    endloop
  endfacet
  facet normal 0 0 1
    outer loop
      vertex 18.3909 2.02991 18
      vertex 18 0 18
      vertex 18.6526 0.0427704 18
    endloop
  endfacet
  facet normal -0 0 1
    outer loop
      vertex 17.9346 2 18
      vertex 18 0 18
      vertex 18.3909 2.02991 18
    endloop
  endfacet
  facet normal -0 0 1
    outer loop
      vertex -17.9346 2 18
      vertex 18 0 18
      vertex 17.9346 2 18
    endloop
  endfacet
  facet normal 0 0 1
    outer loop
      vertex -17.9346 2 18
      vertex -18 0 18
      vertex 18 0 18
    endloop
  endfacet
  facet normal 0 0 1
    outer loop
      vertex -18.3909 2.02991 18
      vertex -18 0 18
      vertex -17.9346 2 18
    endloop
  endfacet
  facet normal 0 0 1
    outer loop
      vertex -18.3909 2.02991 18
      vertex -18.6526 0.0427704 18
      vertex -18 0 18
    endloop
  endfacet
  facet normal 0 0 1
    outer loop
      vertex -18.7754 2.10638 18
      vertex -18.6526 0.0427704 18
      vertex -18.3909 2.02991 18
    endloop
  endfacet
  facet normal 0 0 1
    outer loop
      vertex -19.2941 0.170364 18
      vertex -18.7754 2.10638 18
      vertex -19.1464 2.23233 18
    endloop
  endfacet
  facet normal 0 0 1
    outer loop
      vertex -18.7754 2.10638 18
      vertex -19.2941 0.170364 18
      vertex -18.6526 0.0427704 18
    endloop
  endfacet
  facet normal 0 0 1
    outer loop
      vertex -19.9134 0.3806 18
      vertex -19.1464 2.23233 18
      vertex -19.4978 2.40562 18
    endloop
  endfacet
  facet normal 0 0 1
    outer loop
      vertex -20.5 0.669876 18
      vertex -19.4978 2.40562 18
      vertex -19.8237 2.62335 18
    endloop
  endfacet
  facet normal 0 0 1
    outer loop
      vertex -19.1464 2.23233 18
      vertex -19.9134 0.3806 18
      vertex -19.2941 0.170364 18
    endloop
  endfacet
  facet normal 0 0 1
    outer loop
      vertex -21.0438 1.03323 18
      vertex -19.8237 2.62335 18
      vertex -20.1183 2.88171 18
    endloop
  endfacet
  facet normal 0 0 1
    outer loop
      vertex -21.0438 1.03323 18
      vertex -20.1183 2.88171 18
      vertex -20.3766 3.17632 18
    endloop
  endfacet
  facet normal 0 0 1
    outer loop
      vertex -19.4978 2.40562 18
      vertex -20.5 0.669876 18
      vertex -19.9134 0.3806 18
    endloop
  endfacet
  facet normal 0 0 1
    outer loop
      vertex -21.0438 1.03323 18
      vertex -20.3766 3.17632 18
      vertex -20.5944 3.50218 18
    endloop
  endfacet
  facet normal 0 0 1
    outer loop
      vertex -21.0438 1.03323 18
      vertex -20.5944 3.50218 18
      vertex -20.7677 3.85358 18
    endloop
  endfacet
  facet normal 0 0 1
    outer loop
      vertex -21.0438 1.03323 18
      vertex -20.7677 3.85358 18
      vertex -20.8936 4.22461 18
    endloop
  endfacet
  facet normal 0 0 1
    outer loop
      vertex -21.0438 1.03323 18
      vertex -20.8936 4.22461 18
      vertex -20.9701 4.60909 18
    endloop
  endfacet
  facet normal 0 0 1
    outer loop
      vertex -19.8237 2.62335 18
      vertex -21.0438 1.03323 18
      vertex -20.5 0.669876 18
    endloop
  endfacet
  facet normal 0 0 1
    outer loop
      vertex -21.0438 1.03323 18
      vertex -20.9701 4.60909 18
      vertex -21 5.06535 18
    endloop
  endfacet
  facet normal 0.0654086 0.997859 -0
    outer loop
      vertex -17.9346 2 2
      vertex -18.3909 2.02991 18
      vertex -17.9346 2 18
    endloop
  endfacet
  facet normal 0.0654086 0.997859 0
    outer loop
      vertex -18.3909 2.02991 18
      vertex -17.9346 2 2
      vertex -18.3909 2.02991 2
    endloop
  endfacet
  facet normal 0.195061 0.980791 -0
    outer loop
      vertex -18.3909 2.02991 2
      vertex -18.7754 2.10638 18
      vertex -18.3909 2.02991 18
    endloop
  endfacet
  facet normal 0.195061 0.980791 0
    outer loop
      vertex -18.7754 2.10638 18
      vertex -18.3909 2.02991 2
      vertex -18.7754 2.10638 2
    endloop
  endfacet
  facet normal 0.321468 0.94692 -0
    outer loop
      vertex -18.7754 2.10638 2
      vertex -19.1464 2.23233 18
      vertex -18.7754 2.10638 18
    endloop
  endfacet
  facet normal 0.321468 0.94692 0
    outer loop
      vertex -19.1464 2.23233 18
      vertex -18.7754 2.10638 2
      vertex -19.1464 2.23233 2
    endloop
  endfacet
  facet normal 0.442286 0.896874 -0
    outer loop
      vertex -19.1464 2.23233 2
      vertex -19.4978 2.40562 18
      vertex -19.1464 2.23233 18
    endloop
  endfacet
  facet normal 0.442286 0.896874 0
    outer loop
      vertex -19.4978 2.40562 18
      vertex -19.1464 2.23233 2
      vertex -19.4978 2.40562 2
    endloop
  endfacet
  facet normal 0.555518 0.831504 -0
    outer loop
      vertex -19.4978 2.40562 2
      vertex -19.8237 2.62335 18
      vertex -19.4978 2.40562 18
    endloop
  endfacet
  facet normal 0.555518 0.831504 0
    outer loop
      vertex -19.8237 2.62335 18
      vertex -19.4978 2.40562 2
      vertex -19.8237 2.62335 2
    endloop
  endfacet
  facet normal 0.65935 0.751836 -0
    outer loop
      vertex -19.8237 2.62335 2
      vertex -20.1183 2.88171 18
      vertex -19.8237 2.62335 18
    endloop
  endfacet
  facet normal 0.65935 0.751836 0
    outer loop
      vertex -20.1183 2.88171 18
      vertex -19.8237 2.62335 2
      vertex -20.1183 2.88171 2
    endloop
  endfacet
  facet normal 0.751923 0.659251 0
    outer loop
      vertex -20.1183 2.88171 18
      vertex -20.3766 3.17632 2
      vertex -20.3766 3.17632 18
    endloop
  endfacet
  facet normal 0.751923 0.659251 0
    outer loop
      vertex -20.3766 3.17632 2
      vertex -20.1183 2.88171 18
      vertex -20.1183 2.88171 2
    endloop
  endfacet
  facet normal 0.83139 0.555689 0
    outer loop
      vertex -20.3766 3.17632 18
      vertex -20.5944 3.50218 2
      vertex -20.5944 3.50218 18
    endloop
  endfacet
  facet normal 0.83139 0.555689 0
    outer loop
      vertex -20.5944 3.50218 2
      vertex -20.3766 3.17632 18
      vertex -20.3766 3.17632 2
    endloop
  endfacet
  facet normal 0.896864 0.442307 0
    outer loop
      vertex -20.5944 3.50218 18
      vertex -20.7677 3.85358 2
      vertex -20.7677 3.85358 18
    endloop
  endfacet
  facet normal 0.896864 0.442307 0
    outer loop
      vertex -20.7677 3.85358 2
      vertex -20.5944 3.50218 18
      vertex -20.5944 3.50218 2
    endloop
  endfacet
  facet normal 0.946967 0.32133 0
    outer loop
      vertex -20.7677 3.85358 18
      vertex -20.8936 4.22461 2
      vertex -20.8936 4.22461 18
    endloop
  endfacet
  facet normal 0.946967 0.32133 0
    outer loop
      vertex -20.8936 4.22461 2
      vertex -20.7677 3.85358 18
      vertex -20.7677 3.85358 2
    endloop
  endfacet
  facet normal 0.980774 0.195145 0
    outer loop
      vertex -20.8936 4.22461 18
      vertex -20.9701 4.60909 2
      vertex -20.9701 4.60909 18
    endloop
  endfacet
  facet normal 0.980774 0.195145 0
    outer loop
      vertex -20.9701 4.60909 2
      vertex -20.8936 4.22461 18
      vertex -20.8936 4.22461 2
    endloop
  endfacet
  facet normal 0.99786 0.0653925 0
    outer loop
      vertex -20.9701 4.60909 18
      vertex -21 5.06535 2
      vertex -21 5.06535 18
    endloop
  endfacet
  facet normal 0.99786 0.0653925 0
    outer loop
      vertex -21 5.06535 2
      vertex -20.9701 4.60909 18
      vertex -20.9701 4.60909 2
    endloop
  endfacet
  facet normal 1 0 0
    outer loop
      vertex -21 124.935 18
      vertex -21 115.5 5
      vertex -21 124.935 2
    endloop
  endfacet
  facet normal 1 0 0
    outer loop
      vertex -21 124.935 18
      vertex -21 109.5 5
      vertex -21 115.5 5
    endloop
  endfacet
  facet normal 1 0 0
    outer loop
      vertex -21 109.5 5
      vertex -21 96.5 5
      vertex -21 109.5 2
    endloop
  endfacet
  facet normal 1 0 0
    outer loop
      vertex -21 124.935 18
      vertex -21 96.5 5
      vertex -21 109.5 5
    endloop
  endfacet
  facet normal 1 0 0
    outer loop
      vertex -21 124.935 18
      vertex -21 90.5 5
      vertex -21 96.5 5
    endloop
  endfacet
  facet normal 1 -0 0
    outer loop
      vertex -21 5.06535 18
      vertex -21 90.5 5
      vertex -21 124.935 18
    endloop
  endfacet
  facet normal 1 0 0
    outer loop
      vertex -21 5.06535 2
      vertex -21 90.5 5
      vertex -21 5.06535 18
    endloop
  endfacet
  facet normal 1 0 0
    outer loop
      vertex -21 90.5 5
      vertex -21 5.06535 2
      vertex -21 90.5 2
    endloop
  endfacet
  facet normal 1 0 0
    outer loop
      vertex -21 124.935 2
      vertex -21 115.5 5
      vertex -21 115.5 2
    endloop
  endfacet
  facet normal 1 0 0
    outer loop
      vertex -21 109.5 2
      vertex -21 96.5 5
      vertex -21 96.5 2
    endloop
  endfacet
  facet normal 0.997857 -0.0654297 0
    outer loop
      vertex -21 124.935 18
      vertex -20.9701 125.391 2
      vertex -20.9701 125.391 18
    endloop
  endfacet
  facet normal 0.997857 -0.0654297 0
    outer loop
      vertex -20.9701 125.391 2
      vertex -21 124.935 18
      vertex -21 124.935 2
    endloop
  endfacet
  facet normal 0.980728 -0.195379 0
    outer loop
      vertex -20.9701 125.391 18
      vertex -20.8936 125.775 2
      vertex -20.8936 125.775 18
    endloop
  endfacet
  facet normal 0.980728 -0.195379 0
    outer loop
      vertex -20.8936 125.775 2
      vertex -20.9701 125.391 18
      vertex -20.9701 125.391 2
    endloop
  endfacet
  facet normal 0.946971 -0.32132 0
    outer loop
      vertex -20.8936 125.775 18
      vertex -20.765 126.154 2
      vertex -20.765 126.154 18
    endloop
  endfacet
  facet normal 0.946971 -0.32132 0
    outer loop
      vertex -20.765 126.154 2
      vertex -20.8936 125.775 18
      vertex -20.8936 125.775 2
    endloop
  endfacet
  facet normal 0.90047 -0.434918 0
    outer loop
      vertex -20.765 126.154 18
      vertex -9.89774 148.654 2
      vertex -9.89774 148.654 18
    endloop
  endfacet
  facet normal 0.90047 -0.434918 0
    outer loop
      vertex -9.89774 148.654 2
      vertex -20.765 126.154 18
      vertex -20.765 126.154 2
    endloop
  endfacet
  facet normal 0.897133 -0.44176 0
    outer loop
      vertex -9.89774 148.654 18
      vertex -9.72835 148.998 2
      vertex -9.72835 148.998 18
    endloop
  endfacet
  facet normal 0.897133 -0.44176 0
    outer loop
      vertex -9.72835 148.998 2
      vertex -9.89774 148.654 18
      vertex -9.89774 148.654 2
    endloop
  endfacet
  facet normal 0.831372 -0.555717 0
    outer loop
      vertex -9.72835 148.998 18
      vertex -9.5833 149.215 2
      vertex -9.5833 149.215 18
    endloop
  endfacet
  facet normal 0.831372 -0.555717 0
    outer loop
      vertex -9.5833 149.215 2
      vertex -9.72835 148.998 18
      vertex -9.72835 148.998 2
    endloop
  endfacet
  facet normal 0.750935 -0.660376 0
    outer loop
      vertex -9.41118 149.411 18
      vertex -9.5 149.31 6
      vertex -9.41118 149.411 6
    endloop
  endfacet
  facet normal 0.751398 -0.65985 -7.85901e-06
    outer loop
      vertex -9.5833 149.215 18
      vertex -9.5 149.31 6
      vertex -9.41118 149.411 18
    endloop
  endfacet
  facet normal 0.75189 -0.659289 0
    outer loop
      vertex -9.5833 149.215 2
      vertex -9.5 149.31 6
      vertex -9.5833 149.215 18
    endloop
  endfacet
  facet normal 0.75189 -0.659289 0
    outer loop
      vertex -9.5 149.31 6
      vertex -9.5833 149.215 2
      vertex -9.5 149.31 2
    endloop
  endfacet
  facet normal 0.659096 -0.752059 0
    outer loop
      vertex -9.41118 149.411 6
      vertex -9.21492 149.583 18
      vertex -9.41118 149.411 18
    endloop
  endfacet
  facet normal 0.659096 -0.752059 0
    outer loop
      vertex -9.21492 149.583 18
      vertex -9.41118 149.411 6
      vertex -9.21492 149.583 6
    endloop
  endfacet
  facet normal 0.555425 -0.831567 0
    outer loop
      vertex -9.21492 149.583 6
      vertex -8.99783 149.728 18
      vertex -9.21492 149.583 18
    endloop
  endfacet
  facet normal 0.555425 -0.831567 0
    outer loop
      vertex -8.99783 149.728 18
      vertex -9.21492 149.583 6
      vertex -8.99783 149.728 6
    endloop
  endfacet
  facet normal 0.443996 -0.896029 0
    outer loop
      vertex -8.99783 149.728 6
      vertex -8.76373 149.844 18
      vertex -8.99783 149.728 18
    endloop
  endfacet
  facet normal 0.443996 -0.896029 0
    outer loop
      vertex -8.76373 149.844 18
      vertex -8.99783 149.728 6
      vertex -8.76373 149.844 6
    endloop
  endfacet
  facet normal 0.321738 -0.946829 0
    outer loop
      vertex -8.76373 149.844 6
      vertex -8.51653 149.928 18
      vertex -8.76373 149.844 18
    endloop
  endfacet
  facet normal 0.321738 -0.946829 0
    outer loop
      vertex -8.51653 149.928 18
      vertex -8.76373 149.844 6
      vertex -8.51653 149.928 6
    endloop
  endfacet
  facet normal 0.195335 -0.980737 0
    outer loop
      vertex -8.51653 149.928 6
      vertex -8.26047 149.979 18
      vertex -8.51653 149.928 18
    endloop
  endfacet
  facet normal 0.195335 -0.980737 0
    outer loop
      vertex -8.26047 149.979 18
      vertex -8.51653 149.928 6
      vertex -8.26047 149.979 6
    endloop
  endfacet
  facet normal 0.0643075 -0.99793 0
    outer loop
      vertex -8.26047 149.979 6
      vertex -7.93459 150 18
      vertex -8.26047 149.979 18
    endloop
  endfacet
  facet normal 0.0643075 -0.99793 0
    outer loop
      vertex -7.93459 150 18
      vertex -8.26047 149.979 6
      vertex -7.93459 150 6
    endloop
  endfacet
  facet normal 0 -1 0
    outer loop
      vertex -7.93459 150 6
      vertex 7.93459 150 18
      vertex -7.93459 150 18
    endloop
  endfacet
  facet normal 0 -1 -0
    outer loop
      vertex 7.93459 150 18
      vertex -7.93459 150 6
      vertex 7.93459 150 6
    endloop
  endfacet
  facet normal -0.0643075 -0.99793 0
    outer loop
      vertex 7.93459 150 6
      vertex 8.26047 149.979 18
      vertex 7.93459 150 18
    endloop
  endfacet
  facet normal -0.0643075 -0.99793 -0
    outer loop
      vertex 8.26047 149.979 18
      vertex 7.93459 150 6
      vertex 8.26047 149.979 6
    endloop
  endfacet
  facet normal -0.195335 -0.980737 0
    outer loop
      vertex 8.26047 149.979 6
      vertex 8.51653 149.928 18
      vertex 8.26047 149.979 18
    endloop
  endfacet
  facet normal -0.195335 -0.980737 -0
    outer loop
      vertex 8.51653 149.928 18
      vertex 8.26047 149.979 6
      vertex 8.51653 149.928 6
    endloop
  endfacet
  facet normal -0.321738 -0.946829 0
    outer loop
      vertex 8.51653 149.928 6
      vertex 8.76373 149.844 18
      vertex 8.51653 149.928 18
    endloop
  endfacet
  facet normal -0.321738 -0.946829 -0
    outer loop
      vertex 8.76373 149.844 18
      vertex 8.51653 149.928 6
      vertex 8.76373 149.844 6
    endloop
  endfacet
  facet normal -0.443996 -0.896029 0
    outer loop
      vertex 8.76373 149.844 6
      vertex 8.99783 149.728 18
      vertex 8.76373 149.844 18
    endloop
  endfacet
  facet normal -0.443996 -0.896029 -0
    outer loop
      vertex 8.99783 149.728 18
      vertex 8.76373 149.844 6
      vertex 8.99783 149.728 6
    endloop
  endfacet
  facet normal -0.555425 -0.831567 0
    outer loop
      vertex 8.99783 149.728 6
      vertex 9.21492 149.583 18
      vertex 8.99783 149.728 18
    endloop
  endfacet
  facet normal -0.555425 -0.831567 -0
    outer loop
      vertex 9.21492 149.583 18
      vertex 8.99783 149.728 6
      vertex 9.21492 149.583 6
    endloop
  endfacet
  facet normal -0.659096 -0.752059 0
    outer loop
      vertex 9.21492 149.583 6
      vertex 9.41118 149.411 18
      vertex 9.21492 149.583 18
    endloop
  endfacet
  facet normal -0.659096 -0.752059 -0
    outer loop
      vertex 9.41118 149.411 18
      vertex 9.21492 149.583 6
      vertex 9.41118 149.411 6
    endloop
  endfacet
  facet normal -0.750935 -0.660376 0
    outer loop
      vertex 9.5 149.31 6
      vertex 9.41118 149.411 18
      vertex 9.41118 149.411 6
    endloop
  endfacet
  facet normal -0.75189 -0.659289 -0
    outer loop
      vertex 9.5833 149.215 18
      vertex 9.5 149.31 6
      vertex 9.5833 149.215 2
    endloop
  endfacet
  facet normal -0.751398 -0.65985 -7.85901e-06
    outer loop
      vertex 9.5 149.31 6
      vertex 9.5833 149.215 18
      vertex 9.41118 149.411 18
    endloop
  endfacet
  facet normal -0.75189 -0.659289 0
    outer loop
      vertex 9.5 149.31 2
      vertex 9.5833 149.215 2
      vertex 9.5 149.31 6
    endloop
  endfacet
  facet normal -0.831372 -0.555717 0
    outer loop
      vertex 9.72835 148.998 2
      vertex 9.5833 149.215 18
      vertex 9.5833 149.215 2
    endloop
  endfacet
  facet normal -0.831372 -0.555717 0
    outer loop
      vertex 9.5833 149.215 18
      vertex 9.72835 148.998 2
      vertex 9.72835 148.998 18
    endloop
  endfacet
  facet normal -0.897133 -0.44176 0
    outer loop
      vertex 9.89774 148.654 2
      vertex 9.72835 148.998 18
      vertex 9.72835 148.998 2
    endloop
  endfacet
  facet normal -0.897133 -0.44176 0
    outer loop
      vertex 9.72835 148.998 18
      vertex 9.89774 148.654 2
      vertex 9.89774 148.654 18
    endloop
  endfacet
  facet normal -0.90047 -0.434918 0
    outer loop
      vertex 20.765 126.154 2
      vertex 9.89774 148.654 18
      vertex 9.89774 148.654 2
    endloop
  endfacet
  facet normal -0.90047 -0.434918 0
    outer loop
      vertex 9.89774 148.654 18
      vertex 20.765 126.154 2
      vertex 20.765 126.154 18
    endloop
  endfacet
  facet normal -0.946971 -0.32132 0
    outer loop
      vertex 20.8936 125.775 2
      vertex 20.765 126.154 18
      vertex 20.765 126.154 2
    endloop
  endfacet
  facet normal -0.946971 -0.32132 0
    outer loop
      vertex 20.765 126.154 18
      vertex 20.8936 125.775 2
      vertex 20.8936 125.775 18
    endloop
  endfacet
  facet normal -0.980728 -0.195379 0
    outer loop
      vertex 20.9701 125.391 2
      vertex 20.8936 125.775 18
      vertex 20.8936 125.775 2
    endloop
  endfacet
  facet normal -0.980728 -0.195379 0
    outer loop
      vertex 20.8936 125.775 18
      vertex 20.9701 125.391 2
      vertex 20.9701 125.391 18
    endloop
  endfacet
  facet normal -0.997857 -0.0654297 0
    outer loop
      vertex 21 124.935 2
      vertex 20.9701 125.391 18
      vertex 20.9701 125.391 2
    endloop
  endfacet
  facet normal -0.997857 -0.0654297 0
    outer loop
      vertex 20.9701 125.391 18
      vertex 21 124.935 2
      vertex 21 124.935 18
    endloop
  endfacet
  facet normal -1 0 0
    outer loop
      vertex 21 90.5 2
      vertex 21 87 5
      vertex 21 90.5 5
    endloop
  endfacet
  facet normal -1 0 0
    outer loop
      vertex 21 90.5 2
      vertex 21 85 5
      vertex 21 87 5
    endloop
  endfacet
  facet normal -1 0 0
    outer loop
      vertex 21 85 5
      vertex 21 82 5
      vertex 21 85 13
    endloop
  endfacet
  facet normal -1 0 0
    outer loop
      vertex 21 90.5 2
      vertex 21 82 5
      vertex 21 85 5
    endloop
  endfacet
  facet normal -1 0 0
    outer loop
      vertex 21 90.5 2
      vertex 21 80 5
      vertex 21 82 5
    endloop
  endfacet
  facet normal -1 0 0
    outer loop
      vertex 21 80 5
      vertex 21 77 5
      vertex 21 80 13
    endloop
  endfacet
  facet normal -1 0 0
    outer loop
      vertex 21 90.5 2
      vertex 21 77 5
      vertex 21 80 5
    endloop
  endfacet
  facet normal -1 0 0
    outer loop
      vertex 21 90.5 2
      vertex 21 75 5
      vertex 21 77 5
    endloop
  endfacet
  facet normal -1 0 0
    outer loop
      vertex 21 75 5
      vertex 21 72 5
      vertex 21 75 13
    endloop
  endfacet
  facet normal -1 0 0
    outer loop
      vertex 21 90.5 2
      vertex 21 72 5
      vertex 21 75 5
    endloop
  endfacet
  facet normal -1 0 0
    outer loop
      vertex 21 90.5 2
      vertex 21 70 5
      vertex 21 72 5
    endloop
  endfacet
  facet normal -1 -0 0
    outer loop
      vertex 21 70 5
      vertex 21 5.06535 2
      vertex 21 70 13
    endloop
  endfacet
  facet normal -1 0 0
    outer loop
      vertex 21 5.06535 2
      vertex 21 70 5
      vertex 21 90.5 2
    endloop
  endfacet
  facet normal -1 0 0
    outer loop
      vertex 21 109.5 2
      vertex 21 108 3.2
      vertex 21 109.5 5
    endloop
  endfacet
  facet normal -1 0 0
    outer loop
      vertex 21 109.5 2
      vertex 21 98 3.2
      vertex 21 108 3.2
    endloop
  endfacet
  facet normal -1 0 0
    outer loop
      vertex 21 96.5 5
      vertex 21 98 3.2
      vertex 21 96.5 2
    endloop
  endfacet
  facet normal -1 0 0
    outer loop
      vertex 21 96.5 2
      vertex 21 98 3.2
      vertex 21 109.5 2
    endloop
  endfacet
  facet normal -1 0 0
    outer loop
      vertex 21 115.5 5
      vertex 21 124.935 2
      vertex 21 115.5 2
    endloop
  endfacet
  facet normal -1 0 0
    outer loop
      vertex 21 124.935 2
      vertex 21 115.5 5
      vertex 21 124.935 18
    endloop
  endfacet
  facet normal -1 0 0
    outer loop
      vertex 21 108 8.2
      vertex 21 115.5 5
      vertex 21 109.5 5
    endloop
  endfacet
  facet normal -1 0 0
    outer loop
      vertex 21 108 8.2
      vertex 21 109.5 5
      vertex 21 108 3.2
    endloop
  endfacet
  facet normal -1 0 0
    outer loop
      vertex 21 115.5 5
      vertex 21 108 8.2
      vertex 21 124.935 18
    endloop
  endfacet
  facet normal -1 0 0
    outer loop
      vertex 21 87 13
      vertex 21 108 8.2
      vertex 21 98 8.2
    endloop
  endfacet
  facet normal -1 0 0
    outer loop
      vertex 21 98 3.2
      vertex 21 96.5 5
      vertex 21 98 8.2
    endloop
  endfacet
  facet normal -1 0 0
    outer loop
      vertex 21 90.5 5
      vertex 21 98 8.2
      vertex 21 96.5 5
    endloop
  endfacet
  facet normal -1 0 0
    outer loop
      vertex 21 87 13
      vertex 21 90.5 5
      vertex 21 87 5
    endloop
  endfacet
  facet normal -1 0 0
    outer loop
      vertex 21 90.5 5
      vertex 21 87 13
      vertex 21 98 8.2
    endloop
  endfacet
  facet normal -1 0 0
    outer loop
      vertex 21 108 8.2
      vertex 21 87 13
      vertex 21 124.935 18
    endloop
  endfacet
  facet normal -1 0 0
    outer loop
      vertex 21 85 13
      vertex 21 124.935 18
      vertex 21 87 13
    endloop
  endfacet
  facet normal -1 0 0
    outer loop
      vertex 21 82 13
      vertex 21 85 13
      vertex 21 82 5
    endloop
  endfacet
  facet normal -1 0 0
    outer loop
      vertex 21 82 13
      vertex 21 124.935 18
      vertex 21 85 13
    endloop
  endfacet
  facet normal -1 0 0
    outer loop
      vertex 21 80 13
      vertex 21 124.935 18
      vertex 21 82 13
    endloop
  endfacet
  facet normal -1 0 0
    outer loop
      vertex 21 77 13
      vertex 21 80 13
      vertex 21 77 5
    endloop
  endfacet
  facet normal -1 0 0
    outer loop
      vertex 21 77 13
      vertex 21 124.935 18
      vertex 21 80 13
    endloop
  endfacet
  facet normal -1 0 0
    outer loop
      vertex 21 75 13
      vertex 21 124.935 18
      vertex 21 77 13
    endloop
  endfacet
  facet normal -1 0 0
    outer loop
      vertex 21 72 13
      vertex 21 75 13
      vertex 21 72 5
    endloop
  endfacet
  facet normal -1 0 0
    outer loop
      vertex 21 72 13
      vertex 21 124.935 18
      vertex 21 75 13
    endloop
  endfacet
  facet normal -1 0 0
    outer loop
      vertex 21 70 13
      vertex 21 124.935 18
      vertex 21 72 13
    endloop
  endfacet
  facet normal -1 0 0
    outer loop
      vertex 21 70 13
      vertex 21 5.06535 18
      vertex 21 124.935 18
    endloop
  endfacet
  facet normal -1 0 0
    outer loop
      vertex 21 5.06535 18
      vertex 21 70 13
      vertex 21 5.06535 2
    endloop
  endfacet
  facet normal -0.99786 0.0653925 0
    outer loop
      vertex 20.9701 4.60909 2
      vertex 21 5.06535 18
      vertex 21 5.06535 2
    endloop
  endfacet
  facet normal -0.99786 0.0653925 0
    outer loop
      vertex 21 5.06535 18
      vertex 20.9701 4.60909 2
      vertex 20.9701 4.60909 18
    endloop
  endfacet
  facet normal -0.980774 0.195145 0
    outer loop
      vertex 20.8936 4.22461 2
      vertex 20.9701 4.60909 18
      vertex 20.9701 4.60909 2
    endloop
  endfacet
  facet normal -0.980774 0.195145 0
    outer loop
      vertex 20.9701 4.60909 18
      vertex 20.8936 4.22461 2
      vertex 20.8936 4.22461 18
    endloop
  endfacet
  facet normal -0.946967 0.32133 0
    outer loop
      vertex 20.7677 3.85358 2
      vertex 20.8936 4.22461 18
      vertex 20.8936 4.22461 2
    endloop
  endfacet
  facet normal -0.946967 0.32133 0
    outer loop
      vertex 20.8936 4.22461 18
      vertex 20.7677 3.85358 2
      vertex 20.7677 3.85358 18
    endloop
  endfacet
  facet normal -0.896864 0.442307 0
    outer loop
      vertex 20.5944 3.50218 2
      vertex 20.7677 3.85358 18
      vertex 20.7677 3.85358 2
    endloop
  endfacet
  facet normal -0.896864 0.442307 0
    outer loop
      vertex 20.7677 3.85358 18
      vertex 20.5944 3.50218 2
      vertex 20.5944 3.50218 18
    endloop
  endfacet
  facet normal -0.83139 0.555689 0
    outer loop
      vertex 20.3766 3.17632 2
      vertex 20.5944 3.50218 18
      vertex 20.5944 3.50218 2
    endloop
  endfacet
  facet normal -0.83139 0.555689 0
    outer loop
      vertex 20.5944 3.50218 18
      vertex 20.3766 3.17632 2
      vertex 20.3766 3.17632 18
    endloop
  endfacet
  facet normal -0.751923 0.659251 0
    outer loop
      vertex 20.1183 2.88171 2
      vertex 20.3766 3.17632 18
      vertex 20.3766 3.17632 2
    endloop
  endfacet
  facet normal -0.751923 0.659251 0
    outer loop
      vertex 20.3766 3.17632 18
      vertex 20.1183 2.88171 2
      vertex 20.1183 2.88171 18
    endloop
  endfacet
  facet normal -0.65935 0.751836 0
    outer loop
      vertex 20.1183 2.88171 2
      vertex 19.8237 2.62335 18
      vertex 20.1183 2.88171 18
    endloop
  endfacet
  facet normal -0.65935 0.751836 0
    outer loop
      vertex 19.8237 2.62335 18
      vertex 20.1183 2.88171 2
      vertex 19.8237 2.62335 2
    endloop
  endfacet
  facet normal -0.555518 0.831504 0
    outer loop
      vertex 19.8237 2.62335 2
      vertex 19.4978 2.40562 18
      vertex 19.8237 2.62335 18
    endloop
  endfacet
  facet normal -0.555518 0.831504 0
    outer loop
      vertex 19.4978 2.40562 18
      vertex 19.8237 2.62335 2
      vertex 19.4978 2.40562 2
    endloop
  endfacet
  facet normal -0.442286 0.896874 0
    outer loop
      vertex 19.4978 2.40562 2
      vertex 19.1464 2.23233 18
      vertex 19.4978 2.40562 18
    endloop
  endfacet
  facet normal -0.442286 0.896874 0
    outer loop
      vertex 19.1464 2.23233 18
      vertex 19.4978 2.40562 2
      vertex 19.1464 2.23233 2
    endloop
  endfacet
  facet normal -0.321468 0.94692 0
    outer loop
      vertex 19.1464 2.23233 2
      vertex 18.7754 2.10638 18
      vertex 19.1464 2.23233 18
    endloop
  endfacet
  facet normal -0.321468 0.94692 0
    outer loop
      vertex 18.7754 2.10638 18
      vertex 19.1464 2.23233 2
      vertex 18.7754 2.10638 2
    endloop
  endfacet
  facet normal -0.195061 0.980791 0
    outer loop
      vertex 18.7754 2.10638 2
      vertex 18.3909 2.02991 18
      vertex 18.7754 2.10638 18
    endloop
  endfacet
  facet normal -0.195061 0.980791 0
    outer loop
      vertex 18.3909 2.02991 18
      vertex 18.7754 2.10638 2
      vertex 18.3909 2.02991 2
    endloop
  endfacet
  facet normal -0.0654086 0.997859 0
    outer loop
      vertex 18.3909 2.02991 2
      vertex 17.9346 2 18
      vertex 18.3909 2.02991 18
    endloop
  endfacet
  facet normal -0.0654086 0.997859 0
    outer loop
      vertex 17.9346 2 18
      vertex 18.3909 2.02991 2
      vertex 17.9346 2 2
    endloop
  endfacet
  facet normal 0 1 -0
    outer loop
      vertex 17.9346 2 2
      vertex -17.9346 2 18
      vertex 17.9346 2 18
    endloop
  endfacet
  facet normal 0 1 0
    outer loop
      vertex -17.9346 2 18
      vertex 17.9346 2 2
      vertex -17.9346 2 2
    endloop
  endfacet
  facet normal 0 0 1
    outer loop
      vertex 19.5 69.5 8
      vertex 18 68 8
      vertex 19.5 51 8
    endloop
  endfacet
  facet normal 0 0 1
    outer loop
      vertex 19.5 69.5 8
      vertex -18 68 8
      vertex 18 68 8
    endloop
  endfacet
  facet normal -0 0 1
    outer loop
      vertex -19.5 69.5 8
      vertex -18 68 8
      vertex 19.5 69.5 8
    endloop
  endfacet
  facet normal 0 0 1
    outer loop
      vertex -19.5 51 8
      vertex -18 68 8
      vertex -19.5 69.5 8
    endloop
  endfacet
  facet normal 0 0 1
    outer loop
      vertex -18 68 8
      vertex -19.5 51 8
      vertex -18 51 8
    endloop
  endfacet
  facet normal 0 0 1
    outer loop
      vertex 19.5 51 8
      vertex 18 68 8
      vertex 18 51 8
    endloop
  endfacet
  facet normal 0 0 1
    outer loop
      vertex -18 31 8
      vertex -19.5 31 8
      vertex -18 14 8
    endloop
  endfacet
  facet normal 0 0 1
    outer loop
      vertex 18 14 8
      vertex 19.5 31 8
      vertex 18 31 8
    endloop
  endfacet
  facet normal 0 0 1
    outer loop
      vertex 19.5 31 8
      vertex 18 14 8
      vertex 19.5 12.5 8
    endloop
  endfacet
  facet normal -0 0 1
    outer loop
      vertex -18 14 8
      vertex 19.5 12.5 8
      vertex 18 14 8
    endloop
  endfacet
  facet normal 0 0 1
    outer loop
      vertex -18 14 8
      vertex -19.5 12.5 8
      vertex 19.5 12.5 8
    endloop
  endfacet
  facet normal 0 0 1
    outer loop
      vertex -19.5 12.5 8
      vertex -18 14 8
      vertex -19.5 31 8
    endloop
  endfacet
  facet normal 0 1 -0
    outer loop
      vertex 19.5 69.5 2
      vertex -19.5 69.5 8
      vertex 19.5 69.5 8
    endloop
  endfacet
  facet normal 0 1 0
    outer loop
      vertex -19.5 69.5 8
      vertex 19.5 69.5 2
      vertex -19.5 69.5 2
    endloop
  endfacet
  facet normal -1 0 0
    outer loop
      vertex -19.5 51 2
      vertex -19.5 69.5 8
      vertex -19.5 69.5 2
    endloop
  endfacet
  facet normal -1 -0 0
    outer loop
      vertex -19.5 69.5 8
      vertex -19.5 51 2
      vertex -19.5 51 8
    endloop
  endfacet
  facet normal 0 -1 0
    outer loop
      vertex -19.5 51 2
      vertex -18 51 8
      vertex -19.5 51 8
    endloop
  endfacet
  facet normal 0 -1 -0
    outer loop
      vertex -18 51 8
      vertex -19.5 51 2
      vertex -18 51 2
    endloop
  endfacet
  facet normal 1 -0 0
    outer loop
      vertex -18 51 8
      vertex -18 68 2
      vertex -18 68 8
    endloop
  endfacet
  facet normal 1 0 0
    outer loop
      vertex -18 68 2
      vertex -18 51 8
      vertex -18 51 2
    endloop
  endfacet
  facet normal 0 -1 0
    outer loop
      vertex -18 68 2
      vertex 18 68 8
      vertex -18 68 8
    endloop
  endfacet
  facet normal 0 -1 -0
    outer loop
      vertex 18 68 8
      vertex -18 68 2
      vertex 18 68 2
    endloop
  endfacet
  facet normal -1 0 0
    outer loop
      vertex 18 51 2
      vertex 18 68 8
      vertex 18 68 2
    endloop
  endfacet
  facet normal -1 -0 0
    outer loop
      vertex 18 68 8
      vertex 18 51 2
      vertex 18 51 8
    endloop
  endfacet
  facet normal 0 -1 0
    outer loop
      vertex 18 51 2
      vertex 19.5 51 8
      vertex 18 51 8
    endloop
  endfacet
  facet normal 0 -1 -0
    outer loop
      vertex 19.5 51 8
      vertex 18 51 2
      vertex 19.5 51 2
    endloop
  endfacet
  facet normal 1 -0 0
    outer loop
      vertex 19.5 51 8
      vertex 19.5 69.5 2
      vertex 19.5 69.5 8
    endloop
  endfacet
  facet normal 1 0 0
    outer loop
      vertex 19.5 69.5 2
      vertex 19.5 51 8
      vertex 19.5 51 2
    endloop
  endfacet
  facet normal 0 1 -0
    outer loop
      vertex 19.5 31 2
      vertex 18 31 8
      vertex 19.5 31 8
    endloop
  endfacet
  facet normal 0 1 0
    outer loop
      vertex 18 31 8
      vertex 19.5 31 2
      vertex 18 31 2
    endloop
  endfacet
  facet normal -1 0 0
    outer loop
      vertex 18 14 2
      vertex 18 31 8
      vertex 18 31 2
    endloop
  endfacet
  facet normal -1 -0 0
    outer loop
      vertex 18 31 8
      vertex 18 14 2
      vertex 18 14 8
    endloop
  endfacet
  facet normal 0 1 -0
    outer loop
      vertex 18 14 2
      vertex -18 14 8
      vertex 18 14 8
    endloop
  endfacet
  facet normal 0 1 0
    outer loop
      vertex -18 14 8
      vertex 18 14 2
      vertex -18 14 2
    endloop
  endfacet
  facet normal 1 -0 0
    outer loop
      vertex -18 14 8
      vertex -18 31 2
      vertex -18 31 8
    endloop
  endfacet
  facet normal 1 0 0
    outer loop
      vertex -18 31 2
      vertex -18 14 8
      vertex -18 14 2
    endloop
  endfacet
  facet normal 0 1 -0
    outer loop
      vertex -18 31 2
      vertex -19.5 31 8
      vertex -18 31 8
    endloop
  endfacet
  facet normal 0 1 0
    outer loop
      vertex -19.5 31 8
      vertex -18 31 2
      vertex -19.5 31 2
    endloop
  endfacet
  facet normal -1 0 0
    outer loop
      vertex -19.5 12.5 2
      vertex -19.5 31 8
      vertex -19.5 31 2
    endloop
  endfacet
  facet normal -1 -0 0
    outer loop
      vertex -19.5 31 8
      vertex -19.5 12.5 2
      vertex -19.5 12.5 8
    endloop
  endfacet
  facet normal 0 -1 0
    outer loop
      vertex -19.5 12.5 2
      vertex 19.5 12.5 8
      vertex -19.5 12.5 8
    endloop
  endfacet
  facet normal 0 -1 -0
    outer loop
      vertex 19.5 12.5 8
      vertex -19.5 12.5 2
      vertex 19.5 12.5 2
    endloop
  endfacet
  facet normal 1 -0 0
    outer loop
      vertex 19.5 12.5 8
      vertex 19.5 31 2
      vertex 19.5 31 8
    endloop
  endfacet
  facet normal 1 0 0
    outer loop
      vertex 19.5 31 2
      vertex 19.5 12.5 8
      vertex 19.5 12.5 2
    endloop
  endfacet
  facet normal 0 0 1
    outer loop
      vertex 6.5 120 6
      vertex 8 120 6
      vertex 7.93155 121.044 6
    endloop
  endfacet
  facet normal 0 0 1
    outer loop
      vertex 6.44438 120.848 6
      vertex 7.93155 121.044 6
      vertex 7.7274 122.071 6
    endloop
  endfacet
  facet normal 0 0 1
    outer loop
      vertex 8 120 6
      vertex 6.5 120 6
      vertex 7.93155 118.956 6
    endloop
  endfacet
  facet normal 0 0 1
    outer loop
      vertex 6.2785 121.682 6
      vertex 7.7274 122.071 6
      vertex 7.39102 123.061 6
    endloop
  endfacet
  facet normal -0 0 1
    outer loop
      vertex 6.44438 119.152 6
      vertex 7.93155 118.956 6
      vertex 6.5 120 6
    endloop
  endfacet
  facet normal 0 0 1
    outer loop
      vertex 6.0052 122.487 6
      vertex 7.39102 123.061 6
      vertex 6.92819 124 6
    endloop
  endfacet
  facet normal 0 0 1
    outer loop
      vertex 7.93155 118.956 6
      vertex 6.44438 119.152 6
      vertex 7.7274 117.929 6
    endloop
  endfacet
  facet normal -0 0 1
    outer loop
      vertex 6.2785 118.318 6
      vertex 7.7274 117.929 6
      vertex 6.44438 119.152 6
    endloop
  endfacet
  facet normal 0 0 1
    outer loop
      vertex 7.93155 121.044 6
      vertex 6.44438 120.848 6
      vertex 6.5 120 6
    endloop
  endfacet
  facet normal 0 0 1
    outer loop
      vertex 5.62915 123.25 6
      vertex 6.92819 124 6
      vertex 6.34682 124.87 6
    endloop
  endfacet
  facet normal 0 0 1
    outer loop
      vertex 7.7274 122.071 6
      vertex 6.2785 121.682 6
      vertex 6.44438 120.848 6
    endloop
  endfacet
  facet normal 0 0 1
    outer loop
      vertex 7.39102 123.061 6
      vertex 6.0052 122.487 6
      vertex 6.2785 121.682 6
    endloop
  endfacet
  facet normal 0 0 1
    outer loop
      vertex 5.15678 123.957 6
      vertex 6.34682 124.87 6
      vertex 5.65685 125.657 6
    endloop
  endfacet
  facet normal 0 0 1
    outer loop
      vertex 6.92819 124 6
      vertex 5.62915 123.25 6
      vertex 6.0052 122.487 6
    endloop
  endfacet
  facet normal 0 0 1
    outer loop
      vertex 6.34682 124.87 6
      vertex 5.15678 123.957 6
      vertex 5.62915 123.25 6
    endloop
  endfacet
  facet normal 0 0 1
    outer loop
      vertex 4.59619 124.596 6
      vertex 5.65685 125.657 6
      vertex 4.87009 126.347 6
    endloop
  endfacet
  facet normal 0 0 1
    outer loop
      vertex 5.65685 125.657 6
      vertex 4.59619 124.596 6
      vertex 5.15678 123.957 6
    endloop
  endfacet
  facet normal 0 0 1
    outer loop
      vertex 3.95694 125.157 6
      vertex 4.87009 126.347 6
      vertex 4 126.928 6
    endloop
  endfacet
  facet normal 0 0 1
    outer loop
      vertex 4.87009 126.347 6
      vertex 3.95694 125.157 6
      vertex 4.59619 124.596 6
    endloop
  endfacet
  facet normal 0 0 1
    outer loop
      vertex 4 126.928 6
      vertex 3.25 125.629 6
      vertex 3.95694 125.157 6
    endloop
  endfacet
  facet normal 0 0 1
    outer loop
      vertex 3.06146 127.391 6
      vertex 3.25 125.629 6
      vertex 4 126.928 6
    endloop
  endfacet
  facet normal 0 0 1
    outer loop
      vertex 3.06146 127.391 6
      vertex 2.48744 126.005 6
      vertex 3.25 125.629 6
    endloop
  endfacet
  facet normal 0 0 1
    outer loop
      vertex 2.07054 127.727 6
      vertex 2.48744 126.005 6
      vertex 3.06146 127.391 6
    endloop
  endfacet
  facet normal 0 0 1
    outer loop
      vertex 2.07054 127.727 6
      vertex 1.68231 126.279 6
      vertex 2.48744 126.005 6
    endloop
  endfacet
  facet normal 0 0 1
    outer loop
      vertex 1.0442 127.932 6
      vertex 1.68231 126.279 6
      vertex 2.07054 127.727 6
    endloop
  endfacet
  facet normal 0 0 1
    outer loop
      vertex 1.0442 127.932 6
      vertex 0.848419 126.444 6
      vertex 1.68231 126.279 6
    endloop
  endfacet
  facet normal 0 0 1
    outer loop
      vertex 0 128 6
      vertex 0.848419 126.444 6
      vertex 1.0442 127.932 6
    endloop
  endfacet
  facet normal 0 0 1
    outer loop
      vertex 0 128 6
      vertex 0 126.5 6
      vertex 0.848419 126.444 6
    endloop
  endfacet
  facet normal 0 0 1
    outer loop
      vertex 0 128 6
      vertex -0.848419 126.444 6
      vertex 0 126.5 6
    endloop
  endfacet
  facet normal -0 0 1
    outer loop
      vertex -1.0442 127.932 6
      vertex -0.848419 126.444 6
      vertex 0 128 6
    endloop
  endfacet
  facet normal 0 0 1
    outer loop
      vertex -1.0442 127.932 6
      vertex -1.68231 126.279 6
      vertex -0.848419 126.444 6
    endloop
  endfacet
  facet normal -0 0 1
    outer loop
      vertex -2.07054 127.727 6
      vertex -1.68231 126.279 6
      vertex -1.0442 127.932 6
    endloop
  endfacet
  facet normal 0 0 1
    outer loop
      vertex -2.07054 127.727 6
      vertex -2.48744 126.005 6
      vertex -1.68231 126.279 6
    endloop
  endfacet
  facet normal -0 0 1
    outer loop
      vertex -3.06146 127.391 6
      vertex -2.48744 126.005 6
      vertex -2.07054 127.727 6
    endloop
  endfacet
  facet normal 0 0 1
    outer loop
      vertex -3.06146 127.391 6
      vertex -3.25 125.629 6
      vertex -2.48744 126.005 6
    endloop
  endfacet
  facet normal -0 0 1
    outer loop
      vertex -4 126.928 6
      vertex -3.25 125.629 6
      vertex -3.06146 127.391 6
    endloop
  endfacet
  facet normal 0 0 1
    outer loop
      vertex -3.25 125.629 6
      vertex -4 126.928 6
      vertex -3.95694 125.157 6
    endloop
  endfacet
  facet normal -0 0 1
    outer loop
      vertex -4.87009 126.347 6
      vertex -3.95694 125.157 6
      vertex -4 126.928 6
    endloop
  endfacet
  facet normal 0 0 1
    outer loop
      vertex -3.95694 125.157 6
      vertex -4.87009 126.347 6
      vertex -4.59619 124.596 6
    endloop
  endfacet
  facet normal -0 0 1
    outer loop
      vertex -5.65685 125.657 6
      vertex -4.59619 124.596 6
      vertex -4.87009 126.347 6
    endloop
  endfacet
  facet normal 0 0 1
    outer loop
      vertex -4.59619 124.596 6
      vertex -5.65685 125.657 6
      vertex -5.15678 123.957 6
    endloop
  endfacet
  facet normal -0 0 1
    outer loop
      vertex -6.34682 124.87 6
      vertex -5.15678 123.957 6
      vertex -5.65685 125.657 6
    endloop
  endfacet
  facet normal 0 0 1
    outer loop
      vertex -5.15678 123.957 6
      vertex -6.34682 124.87 6
      vertex -5.62915 123.25 6
    endloop
  endfacet
  facet normal -0 0 1
    outer loop
      vertex -6.92819 124 6
      vertex -5.62915 123.25 6
      vertex -6.34682 124.87 6
    endloop
  endfacet
  facet normal 0 0 1
    outer loop
      vertex -5.62915 123.25 6
      vertex -6.92819 124 6
      vertex -6.0052 122.487 6
    endloop
  endfacet
  facet normal -0 0 1
    outer loop
      vertex -7.39102 123.061 6
      vertex -6.0052 122.487 6
      vertex -6.92819 124 6
    endloop
  endfacet
  facet normal 0 0 1
    outer loop
      vertex -6.0052 122.487 6
      vertex -7.39102 123.061 6
      vertex -6.2785 121.682 6
    endloop
  endfacet
  facet normal -0 0 1
    outer loop
      vertex -7.7274 122.071 6
      vertex -6.2785 121.682 6
      vertex -7.39102 123.061 6
    endloop
  endfacet
  facet normal 0 0 1
    outer loop
      vertex 7.7274 117.929 6
      vertex 6.2785 118.318 6
      vertex 7.39102 116.939 6
    endloop
  endfacet
  facet normal -0 0 1
    outer loop
      vertex 6.0052 117.513 6
      vertex 7.39102 116.939 6
      vertex 6.2785 118.318 6
    endloop
  endfacet
  facet normal 0 0 1
    outer loop
      vertex 7.39102 116.939 6
      vertex 6.0052 117.513 6
      vertex 6.92819 116 6
    endloop
  endfacet
  facet normal -0 0 1
    outer loop
      vertex 5.62915 116.75 6
      vertex 6.92819 116 6
      vertex 6.0052 117.513 6
    endloop
  endfacet
  facet normal 0 0 1
    outer loop
      vertex 6.92819 116 6
      vertex 5.62915 116.75 6
      vertex 6.34682 115.13 6
    endloop
  endfacet
  facet normal -0 0 1
    outer loop
      vertex 5.15678 116.043 6
      vertex 6.34682 115.13 6
      vertex 5.62915 116.75 6
    endloop
  endfacet
  facet normal 0 0 1
    outer loop
      vertex 6.34682 115.13 6
      vertex 5.15678 116.043 6
      vertex 5.65685 114.343 6
    endloop
  endfacet
  facet normal -0 0 1
    outer loop
      vertex 4.59619 115.404 6
      vertex 5.65685 114.343 6
      vertex 5.15678 116.043 6
    endloop
  endfacet
  facet normal 0 0 1
    outer loop
      vertex 5.65685 114.343 6
      vertex 4.59619 115.404 6
      vertex 4.87009 113.653 6
    endloop
  endfacet
  facet normal -0 0 1
    outer loop
      vertex 3.95694 114.843 6
      vertex 4.87009 113.653 6
      vertex 4.59619 115.404 6
    endloop
  endfacet
  facet normal 0 0 1
    outer loop
      vertex 4.87009 113.653 6
      vertex 3.95694 114.843 6
      vertex 4 113.072 6
    endloop
  endfacet
  facet normal -0 0 1
    outer loop
      vertex 3.25 114.371 6
      vertex 4 113.072 6
      vertex 3.95694 114.843 6
    endloop
  endfacet
  facet normal 0 0 1
    outer loop
      vertex 3.25 114.371 6
      vertex 3.06146 112.609 6
      vertex 4 113.072 6
    endloop
  endfacet
  facet normal -0 0 1
    outer loop
      vertex 2.48744 113.995 6
      vertex 3.06146 112.609 6
      vertex 3.25 114.371 6
    endloop
  endfacet
  facet normal 0 0 1
    outer loop
      vertex 2.48744 113.995 6
      vertex 2.07054 112.273 6
      vertex 3.06146 112.609 6
    endloop
  endfacet
  facet normal -0 0 1
    outer loop
      vertex 1.68231 113.721 6
      vertex 2.07054 112.273 6
      vertex 2.48744 113.995 6
    endloop
  endfacet
  facet normal 0 0 1
    outer loop
      vertex 1.68231 113.721 6
      vertex 1.0442 112.068 6
      vertex 2.07054 112.273 6
    endloop
  endfacet
  facet normal -0 0 1
    outer loop
      vertex 0.848419 113.556 6
      vertex 1.0442 112.068 6
      vertex 1.68231 113.721 6
    endloop
  endfacet
  facet normal -0 0 1
    outer loop
      vertex 0 113.5 6
      vertex 1.0442 112.068 6
      vertex 0.848419 113.556 6
    endloop
  endfacet
  facet normal 0 0 1
    outer loop
      vertex 0 113.5 6
      vertex 0 112 6
      vertex 1.0442 112.068 6
    endloop
  endfacet
  facet normal 0 0 1
    outer loop
      vertex -0.848419 113.556 6
      vertex 0 112 6
      vertex 0 113.5 6
    endloop
  endfacet
  facet normal 0 0 1
    outer loop
      vertex -0.848419 113.556 6
      vertex -1.0442 112.068 6
      vertex 0 112 6
    endloop
  endfacet
  facet normal 0 0 1
    outer loop
      vertex -1.68231 113.721 6
      vertex -1.0442 112.068 6
      vertex -0.848419 113.556 6
    endloop
  endfacet
  facet normal 0 0 1
    outer loop
      vertex -1.68231 113.721 6
      vertex -2.07054 112.273 6
      vertex -1.0442 112.068 6
    endloop
  endfacet
  facet normal 0 0 1
    outer loop
      vertex -2.48744 113.995 6
      vertex -2.07054 112.273 6
      vertex -1.68231 113.721 6
    endloop
  endfacet
  facet normal 0 0 1
    outer loop
      vertex -2.48744 113.995 6
      vertex -3.06146 112.609 6
      vertex -2.07054 112.273 6
    endloop
  endfacet
  facet normal 0 0 1
    outer loop
      vertex -3.25 114.371 6
      vertex -3.06146 112.609 6
      vertex -2.48744 113.995 6
    endloop
  endfacet
  facet normal 0 0 1
    outer loop
      vertex -4 113.072 6
      vertex -3.25 114.371 6
      vertex -3.95694 114.843 6
    endloop
  endfacet
  facet normal 0 0 1
    outer loop
      vertex -3.25 114.371 6
      vertex -4 113.072 6
      vertex -3.06146 112.609 6
    endloop
  endfacet
  facet normal 0 0 1
    outer loop
      vertex -4.87009 113.653 6
      vertex -3.95694 114.843 6
      vertex -4.59619 115.404 6
    endloop
  endfacet
  facet normal 0 0 1
    outer loop
      vertex -3.95694 114.843 6
      vertex -4.87009 113.653 6
      vertex -4 113.072 6
    endloop
  endfacet
  facet normal 0 0 1
    outer loop
      vertex -5.65685 114.343 6
      vertex -4.59619 115.404 6
      vertex -5.15678 116.043 6
    endloop
  endfacet
  facet normal 0 0 1
    outer loop
      vertex -6.34682 115.13 6
      vertex -5.15678 116.043 6
      vertex -5.62915 116.75 6
    endloop
  endfacet
  facet normal 0 0 1
    outer loop
      vertex -4.59619 115.404 6
      vertex -5.65685 114.343 6
      vertex -4.87009 113.653 6
    endloop
  endfacet
  facet normal 0 0 1
    outer loop
      vertex -6.92819 116 6
      vertex -5.62915 116.75 6
      vertex -6.0052 117.513 6
    endloop
  endfacet
  facet normal 0 0 1
    outer loop
      vertex -7.39102 116.939 6
      vertex -6.0052 117.513 6
      vertex -6.2785 118.318 6
    endloop
  endfacet
  facet normal 0 0 1
    outer loop
      vertex -5.15678 116.043 6
      vertex -6.34682 115.13 6
      vertex -5.65685 114.343 6
    endloop
  endfacet
  facet normal 0 0 1
    outer loop
      vertex -7.7274 117.929 6
      vertex -6.2785 118.318 6
      vertex -6.44438 119.152 6
    endloop
  endfacet
  facet normal 0 0 1
    outer loop
      vertex -7.93155 118.956 6
      vertex -6.44438 119.152 6
      vertex -6.5 120 6
    endloop
  endfacet
  facet normal 0 0 1
    outer loop
      vertex -6.2785 121.682 6
      vertex -7.7274 122.071 6
      vertex -6.44438 120.848 6
    endloop
  endfacet
  facet normal 0 0 1
    outer loop
      vertex -5.62915 116.75 6
      vertex -6.92819 116 6
      vertex -6.34682 115.13 6
    endloop
  endfacet
  facet normal -0 0 1
    outer loop
      vertex -7.93155 121.044 6
      vertex -6.44438 120.848 6
      vertex -7.7274 122.071 6
    endloop
  endfacet
  facet normal 0 0 1
    outer loop
      vertex -6.0052 117.513 6
      vertex -7.39102 116.939 6
      vertex -6.92819 116 6
    endloop
  endfacet
  facet normal 0 0 1
    outer loop
      vertex -6.44438 120.848 6
      vertex -7.93155 121.044 6
      vertex -6.5 120 6
    endloop
  endfacet
  facet normal 0 0 1
    outer loop
      vertex -6.2785 118.318 6
      vertex -7.7274 117.929 6
      vertex -7.39102 116.939 6
    endloop
  endfacet
  facet normal 0 0 1
    outer loop
      vertex -8 120 6
      vertex -6.5 120 6
      vertex -7.93155 121.044 6
    endloop
  endfacet
  facet normal 0 0 1
    outer loop
      vertex -6.44438 119.152 6
      vertex -7.93155 118.956 6
      vertex -7.7274 117.929 6
    endloop
  endfacet
  facet normal 0 0 1
    outer loop
      vertex -6.5 120 6
      vertex -8 120 6
      vertex -7.93155 118.956 6
    endloop
  endfacet
  facet normal 0.19587 -0.98063 0
    outer loop
      vertex 1.0442 112.068 2
      vertex 2.07054 112.273 6
      vertex 1.0442 112.068 6
    endloop
  endfacet
  facet normal 0.19587 -0.98063 0
    outer loop
      vertex 2.07054 112.273 6
      vertex 1.0442 112.068 2
      vertex 2.07054 112.273 2
    endloop
  endfacet
  facet normal 0.321121 -0.947038 0
    outer loop
      vertex 2.07054 112.273 2
      vertex 3.06146 112.609 6
      vertex 2.07054 112.273 6
    endloop
  endfacet
  facet normal 0.321121 -0.947038 0
    outer loop
      vertex 3.06146 112.609 6
      vertex 2.07054 112.273 2
      vertex 3.06146 112.609 2
    endloop
  endfacet
  facet normal 0.442414 -0.896811 0
    outer loop
      vertex 3.06146 112.609 2
      vertex 4 113.072 6
      vertex 3.06146 112.609 6
    endloop
  endfacet
  facet normal 0.442414 -0.896811 0
    outer loop
      vertex 4 113.072 6
      vertex 3.06146 112.609 2
      vertex 4 113.072 2
    endloop
  endfacet
  facet normal 0.555322 -0.831635 0
    outer loop
      vertex 4 113.072 2
      vertex 4.87009 113.653 6
      vertex 4 113.072 6
    endloop
  endfacet
  facet normal 0.555322 -0.831635 0
    outer loop
      vertex 4.87009 113.653 6
      vertex 4 113.072 2
      vertex 4.87009 113.653 2
    endloop
  endfacet
  facet normal 0.659362 -0.751826 0
    outer loop
      vertex 4.87009 113.653 2
      vertex 5.65685 114.343 6
      vertex 4.87009 113.653 6
    endloop
  endfacet
  facet normal 0.659362 -0.751826 0
    outer loop
      vertex 5.65685 114.343 6
      vertex 4.87009 113.653 2
      vertex 5.65685 114.343 2
    endloop
  endfacet
  facet normal 0.751939 -0.659232 0
    outer loop
      vertex 5.65685 114.343 6
      vertex 6.34682 115.13 2
      vertex 6.34682 115.13 6
    endloop
  endfacet
  facet normal 0.751939 -0.659232 0
    outer loop
      vertex 6.34682 115.13 2
      vertex 5.65685 114.343 6
      vertex 5.65685 114.343 2
    endloop
  endfacet
  facet normal 0.831446 -0.555606 0
    outer loop
      vertex 6.34682 115.13 6
      vertex 6.92819 116 2
      vertex 6.92819 116 6
    endloop
  endfacet
  facet normal 0.831446 -0.555606 0
    outer loop
      vertex 6.92819 116 2
      vertex 6.34682 115.13 6
      vertex 6.34682 115.13 2
    endloop
  endfacet
  facet normal 0.896961 -0.442109 0
    outer loop
      vertex 6.92819 116 6
      vertex 7.39102 116.939 2
      vertex 7.39102 116.939 6
    endloop
  endfacet
  facet normal 0.896961 -0.442109 0
    outer loop
      vertex 7.39102 116.939 2
      vertex 6.92819 116 6
      vertex 6.92819 116 2
    endloop
  endfacet
  facet normal 0.946837 -0.321714 0
    outer loop
      vertex 7.39102 116.939 6
      vertex 7.7274 117.929 2
      vertex 7.7274 117.929 6
    endloop
  endfacet
  facet normal 0.946837 -0.321714 0
    outer loop
      vertex 7.7274 117.929 2
      vertex 7.39102 116.939 6
      vertex 7.39102 116.939 2
    endloop
  endfacet
  facet normal 0.98081 -0.194968 0
    outer loop
      vertex 7.7274 117.929 6
      vertex 7.93155 118.956 2
      vertex 7.93155 118.956 6
    endloop
  endfacet
  facet normal 0.98081 -0.194968 0
    outer loop
      vertex 7.93155 118.956 2
      vertex 7.7274 117.929 6
      vertex 7.7274 117.929 2
    endloop
  endfacet
  facet normal 0.997858 -0.0654247 0
    outer loop
      vertex 7.93155 118.956 6
      vertex 8 120 2
      vertex 8 120 6
    endloop
  endfacet
  facet normal 0.997858 -0.0654247 0
    outer loop
      vertex 8 120 2
      vertex 7.93155 118.956 6
      vertex 7.93155 118.956 2
    endloop
  endfacet
  facet normal 0.997858 0.0654247 0
    outer loop
      vertex 8 120 6
      vertex 7.93155 121.044 2
      vertex 7.93155 121.044 6
    endloop
  endfacet
  facet normal 0.997858 0.0654247 0
    outer loop
      vertex 7.93155 121.044 2
      vertex 8 120 6
      vertex 8 120 2
    endloop
  endfacet
  facet normal 0.98081 0.194968 0
    outer loop
      vertex 7.93155 121.044 6
      vertex 7.7274 122.071 2
      vertex 7.7274 122.071 6
    endloop
  endfacet
  facet normal 0.98081 0.194968 0
    outer loop
      vertex 7.7274 122.071 2
      vertex 7.93155 121.044 6
      vertex 7.93155 121.044 2
    endloop
  endfacet
  facet normal 0.946837 0.321714 0
    outer loop
      vertex 7.7274 122.071 6
      vertex 7.39102 123.061 2
      vertex 7.39102 123.061 6
    endloop
  endfacet
  facet normal 0.946837 0.321714 0
    outer loop
      vertex 7.39102 123.061 2
      vertex 7.7274 122.071 6
      vertex 7.7274 122.071 2
    endloop
  endfacet
  facet normal 0.896961 0.442109 0
    outer loop
      vertex 7.39102 123.061 6
      vertex 6.92819 124 2
      vertex 6.92819 124 6
    endloop
  endfacet
  facet normal 0.896961 0.442109 0
    outer loop
      vertex 6.92819 124 2
      vertex 7.39102 123.061 6
      vertex 7.39102 123.061 2
    endloop
  endfacet
  facet normal 0.831446 0.555606 0
    outer loop
      vertex 6.92819 124 6
      vertex 6.34682 124.87 2
      vertex 6.34682 124.87 6
    endloop
  endfacet
  facet normal 0.831446 0.555606 0
    outer loop
      vertex 6.34682 124.87 2
      vertex 6.92819 124 6
      vertex 6.92819 124 2
    endloop
  endfacet
  facet normal 0.751939 0.659232 0
    outer loop
      vertex 6.34682 124.87 6
      vertex 5.65685 125.657 2
      vertex 5.65685 125.657 6
    endloop
  endfacet
  facet normal 0.751939 0.659232 0
    outer loop
      vertex 5.65685 125.657 2
      vertex 6.34682 124.87 6
      vertex 6.34682 124.87 2
    endloop
  endfacet
  facet normal 0.659362 0.751826 -0
    outer loop
      vertex 5.65685 125.657 2
      vertex 4.87009 126.347 6
      vertex 5.65685 125.657 6
    endloop
  endfacet
  facet normal 0.659362 0.751826 0
    outer loop
      vertex 4.87009 126.347 6
      vertex 5.65685 125.657 2
      vertex 4.87009 126.347 2
    endloop
  endfacet
  facet normal 0.555322 0.831635 -0
    outer loop
      vertex 4.87009 126.347 2
      vertex 4 126.928 6
      vertex 4.87009 126.347 6
    endloop
  endfacet
  facet normal 0.555322 0.831635 0
    outer loop
      vertex 4 126.928 6
      vertex 4.87009 126.347 2
      vertex 4 126.928 2
    endloop
  endfacet
  facet normal 0.442414 0.896811 -0
    outer loop
      vertex 4 126.928 2
      vertex 3.06146 127.391 6
      vertex 4 126.928 6
    endloop
  endfacet
  facet normal 0.442414 0.896811 0
    outer loop
      vertex 3.06146 127.391 6
      vertex 4 126.928 2
      vertex 3.06146 127.391 2
    endloop
  endfacet
  facet normal 0.321121 0.947038 -0
    outer loop
      vertex 3.06146 127.391 2
      vertex 2.07054 127.727 6
      vertex 3.06146 127.391 6
    endloop
  endfacet
  facet normal 0.321121 0.947038 0
    outer loop
      vertex 2.07054 127.727 6
      vertex 3.06146 127.391 2
      vertex 2.07054 127.727 2
    endloop
  endfacet
  facet normal 0.19587 0.98063 -0
    outer loop
      vertex 2.07054 127.727 2
      vertex 1.0442 127.932 6
      vertex 2.07054 127.727 6
    endloop
  endfacet
  facet normal 0.19587 0.98063 0
    outer loop
      vertex 1.0442 127.932 6
      vertex 2.07054 127.727 2
      vertex 1.0442 127.932 2
    endloop
  endfacet
  facet normal 0.064984 0.997886 -0
    outer loop
      vertex 1.0442 127.932 2
      vertex 0 128 6
      vertex 1.0442 127.932 6
    endloop
  endfacet
  facet normal 0.064984 0.997886 0
    outer loop
      vertex 0 128 6
      vertex 1.0442 127.932 2
      vertex 0 128 2
    endloop
  endfacet
  facet normal -0.064984 0.997886 0
    outer loop
      vertex 0 128 2
      vertex -1.0442 127.932 6
      vertex 0 128 6
    endloop
  endfacet
  facet normal -0.064984 0.997886 0
    outer loop
      vertex -1.0442 127.932 6
      vertex 0 128 2
      vertex -1.0442 127.932 2
    endloop
  endfacet
  facet normal -0.19587 0.98063 0
    outer loop
      vertex -1.0442 127.932 2
      vertex -2.07054 127.727 6
      vertex -1.0442 127.932 6
    endloop
  endfacet
  facet normal -0.19587 0.98063 0
    outer loop
      vertex -2.07054 127.727 6
      vertex -1.0442 127.932 2
      vertex -2.07054 127.727 2
    endloop
  endfacet
  facet normal -0.321121 0.947038 0
    outer loop
      vertex -2.07054 127.727 2
      vertex -3.06146 127.391 6
      vertex -2.07054 127.727 6
    endloop
  endfacet
  facet normal -0.321121 0.947038 0
    outer loop
      vertex -3.06146 127.391 6
      vertex -2.07054 127.727 2
      vertex -3.06146 127.391 2
    endloop
  endfacet
  facet normal -0.442414 0.896811 0
    outer loop
      vertex -3.06146 127.391 2
      vertex -4 126.928 6
      vertex -3.06146 127.391 6
    endloop
  endfacet
  facet normal -0.442414 0.896811 0
    outer loop
      vertex -4 126.928 6
      vertex -3.06146 127.391 2
      vertex -4 126.928 2
    endloop
  endfacet
  facet normal -0.555322 0.831635 0
    outer loop
      vertex -4 126.928 2
      vertex -4.87009 126.347 6
      vertex -4 126.928 6
    endloop
  endfacet
  facet normal -0.555322 0.831635 0
    outer loop
      vertex -4.87009 126.347 6
      vertex -4 126.928 2
      vertex -4.87009 126.347 2
    endloop
  endfacet
  facet normal -0.659362 0.751826 0
    outer loop
      vertex -4.87009 126.347 2
      vertex -5.65685 125.657 6
      vertex -4.87009 126.347 6
    endloop
  endfacet
  facet normal -0.659362 0.751826 0
    outer loop
      vertex -5.65685 125.657 6
      vertex -4.87009 126.347 2
      vertex -5.65685 125.657 2
    endloop
  endfacet
  facet normal -0.751939 0.659232 0
    outer loop
      vertex -6.34682 124.87 2
      vertex -5.65685 125.657 6
      vertex -5.65685 125.657 2
    endloop
  endfacet
  facet normal -0.751939 0.659232 0
    outer loop
      vertex -5.65685 125.657 6
      vertex -6.34682 124.87 2
      vertex -6.34682 124.87 6
    endloop
  endfacet
  facet normal -0.831446 0.555606 0
    outer loop
      vertex -6.92819 124 2
      vertex -6.34682 124.87 6
      vertex -6.34682 124.87 2
    endloop
  endfacet
  facet normal -0.831446 0.555606 0
    outer loop
      vertex -6.34682 124.87 6
      vertex -6.92819 124 2
      vertex -6.92819 124 6
    endloop
  endfacet
  facet normal -0.896961 0.442109 0
    outer loop
      vertex -7.39102 123.061 2
      vertex -6.92819 124 6
      vertex -6.92819 124 2
    endloop
  endfacet
  facet normal -0.896961 0.442109 0
    outer loop
      vertex -6.92819 124 6
      vertex -7.39102 123.061 2
      vertex -7.39102 123.061 6
    endloop
  endfacet
  facet normal -0.946837 0.321714 0
    outer loop
      vertex -7.7274 122.071 2
      vertex -7.39102 123.061 6
      vertex -7.39102 123.061 2
    endloop
  endfacet
  facet normal -0.946837 0.321714 0
    outer loop
      vertex -7.39102 123.061 6
      vertex -7.7274 122.071 2
      vertex -7.7274 122.071 6
    endloop
  endfacet
  facet normal -0.98081 0.194968 0
    outer loop
      vertex -7.93155 121.044 2
      vertex -7.7274 122.071 6
      vertex -7.7274 122.071 2
    endloop
  endfacet
  facet normal -0.98081 0.194968 0
    outer loop
      vertex -7.7274 122.071 6
      vertex -7.93155 121.044 2
      vertex -7.93155 121.044 6
    endloop
  endfacet
  facet normal -0.997858 0.0654247 0
    outer loop
      vertex -8 120 2
      vertex -7.93155 121.044 6
      vertex -7.93155 121.044 2
    endloop
  endfacet
  facet normal -0.997858 0.0654247 0
    outer loop
      vertex -7.93155 121.044 6
      vertex -8 120 2
      vertex -8 120 6
    endloop
  endfacet
  facet normal -0.997858 -0.0654247 0
    outer loop
      vertex -7.93155 118.956 2
      vertex -8 120 6
      vertex -8 120 2
    endloop
  endfacet
  facet normal -0.997858 -0.0654247 0
    outer loop
      vertex -8 120 6
      vertex -7.93155 118.956 2
      vertex -7.93155 118.956 6
    endloop
  endfacet
  facet normal -0.98081 -0.194968 0
    outer loop
      vertex -7.7274 117.929 2
      vertex -7.93155 118.956 6
      vertex -7.93155 118.956 2
    endloop
  endfacet
  facet normal -0.98081 -0.194968 0
    outer loop
      vertex -7.93155 118.956 6
      vertex -7.7274 117.929 2
      vertex -7.7274 117.929 6
    endloop
  endfacet
  facet normal -0.946837 -0.321714 0
    outer loop
      vertex -7.39102 116.939 2
      vertex -7.7274 117.929 6
      vertex -7.7274 117.929 2
    endloop
  endfacet
  facet normal -0.946837 -0.321714 0
    outer loop
      vertex -7.7274 117.929 6
      vertex -7.39102 116.939 2
      vertex -7.39102 116.939 6
    endloop
  endfacet
  facet normal -0.896961 -0.442109 0
    outer loop
      vertex -6.92819 116 2
      vertex -7.39102 116.939 6
      vertex -7.39102 116.939 2
    endloop
  endfacet
  facet normal -0.896961 -0.442109 0
    outer loop
      vertex -7.39102 116.939 6
      vertex -6.92819 116 2
      vertex -6.92819 116 6
    endloop
  endfacet
  facet normal -0.831446 -0.555606 0
    outer loop
      vertex -6.34682 115.13 2
      vertex -6.92819 116 6
      vertex -6.92819 116 2
    endloop
  endfacet
  facet normal -0.831446 -0.555606 0
    outer loop
      vertex -6.92819 116 6
      vertex -6.34682 115.13 2
      vertex -6.34682 115.13 6
    endloop
  endfacet
  facet normal -0.751939 -0.659232 0
    outer loop
      vertex -5.65685 114.343 2
      vertex -6.34682 115.13 6
      vertex -6.34682 115.13 2
    endloop
  endfacet
  facet normal -0.751939 -0.659232 0
    outer loop
      vertex -6.34682 115.13 6
      vertex -5.65685 114.343 2
      vertex -5.65685 114.343 6
    endloop
  endfacet
  facet normal -0.659362 -0.751826 0
    outer loop
      vertex -5.65685 114.343 2
      vertex -4.87009 113.653 6
      vertex -5.65685 114.343 6
    endloop
  endfacet
  facet normal -0.659362 -0.751826 -0
    outer loop
      vertex -4.87009 113.653 6
      vertex -5.65685 114.343 2
      vertex -4.87009 113.653 2
    endloop
  endfacet
  facet normal -0.555322 -0.831635 0
    outer loop
      vertex -4.87009 113.653 2
      vertex -4 113.072 6
      vertex -4.87009 113.653 6
    endloop
  endfacet
  facet normal -0.555322 -0.831635 -0
    outer loop
      vertex -4 113.072 6
      vertex -4.87009 113.653 2
      vertex -4 113.072 2
    endloop
  endfacet
  facet normal -0.442414 -0.896811 0
    outer loop
      vertex -4 113.072 2
      vertex -3.06146 112.609 6
      vertex -4 113.072 6
    endloop
  endfacet
  facet normal -0.442414 -0.896811 -0
    outer loop
      vertex -3.06146 112.609 6
      vertex -4 113.072 2
      vertex -3.06146 112.609 2
    endloop
  endfacet
  facet normal -0.321121 -0.947038 0
    outer loop
      vertex -3.06146 112.609 2
      vertex -2.07054 112.273 6
      vertex -3.06146 112.609 6
    endloop
  endfacet
  facet normal -0.321121 -0.947038 -0
    outer loop
      vertex -2.07054 112.273 6
      vertex -3.06146 112.609 2
      vertex -2.07054 112.273 2
    endloop
  endfacet
  facet normal -0.19587 -0.98063 0
    outer loop
      vertex -2.07054 112.273 2
      vertex -1.0442 112.068 6
      vertex -2.07054 112.273 6
    endloop
  endfacet
  facet normal -0.19587 -0.98063 -0
    outer loop
      vertex -1.0442 112.068 6
      vertex -2.07054 112.273 2
      vertex -1.0442 112.068 2
    endloop
  endfacet
  facet normal -0.064984 -0.997886 0
    outer loop
      vertex -1.0442 112.068 2
      vertex 0 112 6
      vertex -1.0442 112.068 6
    endloop
  endfacet
  facet normal -0.064984 -0.997886 -0
    outer loop
      vertex 0 112 6
      vertex -1.0442 112.068 2
      vertex 0 112 2
    endloop
  endfacet
  facet normal 0.064984 -0.997886 0
    outer loop
      vertex 0 112 2
      vertex 1.0442 112.068 6
      vertex 0 112 6
    endloop
  endfacet
  facet normal 0.064984 -0.997886 0
    outer loop
      vertex 1.0442 112.068 6
      vertex 0 112 2
      vertex 1.0442 112.068 2
    endloop
  endfacet
  facet normal 0.194104 0.980981 -0
    outer loop
      vertex -0.848419 113.556 2
      vertex -1.68231 113.721 6
      vertex -0.848419 113.556 6
    endloop
  endfacet
  facet normal 0.194104 0.980981 0
    outer loop
      vertex -1.68231 113.721 6
      vertex -0.848419 113.556 2
      vertex -1.68231 113.721 2
    endloop
  endfacet
  facet normal 0.322172 0.946681 -0
    outer loop
      vertex -1.68231 113.721 2
      vertex -2.48744 113.995 6
      vertex -1.68231 113.721 6
    endloop
  endfacet
  facet normal 0.322172 0.946681 0
    outer loop
      vertex -2.48744 113.995 6
      vertex -1.68231 113.721 2
      vertex -2.48744 113.995 2
    endloop
  endfacet
  facet normal 0.442239 0.896897 -0
    outer loop
      vertex -2.48744 113.995 2
      vertex -3.25 114.371 6
      vertex -2.48744 113.995 6
    endloop
  endfacet
  facet normal 0.442239 0.896897 0
    outer loop
      vertex -3.25 114.371 6
      vertex -2.48744 113.995 2
      vertex -3.25 114.371 2
    endloop
  endfacet
  facet normal 0.555276 0.831666 -0
    outer loop
      vertex -3.25 114.371 2
      vertex -3.95694 114.843 6
      vertex -3.25 114.371 6
    endloop
  endfacet
  facet normal 0.555276 0.831666 0
    outer loop
      vertex -3.95694 114.843 6
      vertex -3.25 114.371 2
      vertex -3.95694 114.843 2
    endloop
  endfacet
  facet normal 0.659607 0.751611 -0
    outer loop
      vertex -3.95694 114.843 2
      vertex -4.59619 115.404 6
      vertex -3.95694 114.843 6
    endloop
  endfacet
  facet normal 0.659607 0.751611 0
    outer loop
      vertex -4.59619 115.404 6
      vertex -3.95694 114.843 2
      vertex -4.59619 115.404 2
    endloop
  endfacet
  facet normal 0.751722 0.65948 0
    outer loop
      vertex -4.59619 115.404 6
      vertex -5.15678 116.043 2
      vertex -5.15678 116.043 6
    endloop
  endfacet
  facet normal 0.751722 0.65948 0
    outer loop
      vertex -5.15678 116.043 2
      vertex -4.59619 115.404 6
      vertex -4.59619 115.404 2
    endloop
  endfacet
  facet normal 0.831487 0.555544 0
    outer loop
      vertex -5.15678 116.043 6
      vertex -5.62915 116.75 2
      vertex -5.62915 116.75 6
    endloop
  endfacet
  facet normal 0.831487 0.555544 0
    outer loop
      vertex -5.62915 116.75 2
      vertex -5.15678 116.043 6
      vertex -5.15678 116.043 2
    endloop
  endfacet
  facet normal 0.896975 0.442081 0
    outer loop
      vertex -5.62915 116.75 6
      vertex -6.0052 117.513 2
      vertex -6.0052 117.513 6
    endloop
  endfacet
  facet normal 0.896975 0.442081 0
    outer loop
      vertex -6.0052 117.513 2
      vertex -5.62915 116.75 6
      vertex -5.62915 116.75 2
    endloop
  endfacet
  facet normal 0.946916 0.321481 0
    outer loop
      vertex -6.0052 117.513 6
      vertex -6.2785 118.318 2
      vertex -6.2785 118.318 6
    endloop
  endfacet
  facet normal 0.946916 0.321481 0
    outer loop
      vertex -6.2785 118.318 2
      vertex -6.0052 117.513 6
      vertex -6.0052 117.513 2
    endloop
  endfacet
  facet normal 0.980788 0.195076 0
    outer loop
      vertex -6.2785 118.318 6
      vertex -6.44438 119.152 2
      vertex -6.44438 119.152 6
    endloop
  endfacet
  facet normal 0.980788 0.195076 0
    outer loop
      vertex -6.44438 119.152 2
      vertex -6.2785 118.318 6
      vertex -6.2785 118.318 2
    endloop
  endfacet
  facet normal 0.997856 0.065449 0
    outer loop
      vertex -6.44438 119.152 6
      vertex -6.5 120 2
      vertex -6.5 120 6
    endloop
  endfacet
  facet normal 0.997856 0.065449 0
    outer loop
      vertex -6.5 120 2
      vertex -6.44438 119.152 6
      vertex -6.44438 119.152 2
    endloop
  endfacet
  facet normal 0.997856 -0.065449 0
    outer loop
      vertex -6.5 120 6
      vertex -6.44438 120.848 2
      vertex -6.44438 120.848 6
    endloop
  endfacet
  facet normal 0.997856 -0.065449 0
    outer loop
      vertex -6.44438 120.848 2
      vertex -6.5 120 6
      vertex -6.5 120 2
    endloop
  endfacet
  facet normal 0.980788 -0.195076 0
    outer loop
      vertex -6.44438 120.848 6
      vertex -6.2785 121.682 2
      vertex -6.2785 121.682 6
    endloop
  endfacet
  facet normal 0.980788 -0.195076 0
    outer loop
      vertex -6.2785 121.682 2
      vertex -6.44438 120.848 6
      vertex -6.44438 120.848 2
    endloop
  endfacet
  facet normal 0.946916 -0.321481 0
    outer loop
      vertex -6.2785 121.682 6
      vertex -6.0052 122.487 2
      vertex -6.0052 122.487 6
    endloop
  endfacet
  facet normal 0.946916 -0.321481 0
    outer loop
      vertex -6.0052 122.487 2
      vertex -6.2785 121.682 6
      vertex -6.2785 121.682 2
    endloop
  endfacet
  facet normal 0.896975 -0.442081 0
    outer loop
      vertex -6.0052 122.487 6
      vertex -5.62915 123.25 2
      vertex -5.62915 123.25 6
    endloop
  endfacet
  facet normal 0.896975 -0.442081 0
    outer loop
      vertex -5.62915 123.25 2
      vertex -6.0052 122.487 6
      vertex -6.0052 122.487 2
    endloop
  endfacet
  facet normal 0.831487 -0.555544 0
    outer loop
      vertex -5.62915 123.25 6
      vertex -5.15678 123.957 2
      vertex -5.15678 123.957 6
    endloop
  endfacet
  facet normal 0.831487 -0.555544 0
    outer loop
      vertex -5.15678 123.957 2
      vertex -5.62915 123.25 6
      vertex -5.62915 123.25 2
    endloop
  endfacet
  facet normal 0.751722 -0.65948 0
    outer loop
      vertex -5.15678 123.957 6
      vertex -4.59619 124.596 2
      vertex -4.59619 124.596 6
    endloop
  endfacet
  facet normal 0.751722 -0.65948 0
    outer loop
      vertex -4.59619 124.596 2
      vertex -5.15678 123.957 6
      vertex -5.15678 123.957 2
    endloop
  endfacet
  facet normal 0.659607 -0.751611 0
    outer loop
      vertex -4.59619 124.596 2
      vertex -3.95694 125.157 6
      vertex -4.59619 124.596 6
    endloop
  endfacet
  facet normal 0.659607 -0.751611 0
    outer loop
      vertex -3.95694 125.157 6
      vertex -4.59619 124.596 2
      vertex -3.95694 125.157 2
    endloop
  endfacet
  facet normal 0.555276 -0.831666 0
    outer loop
      vertex -3.95694 125.157 2
      vertex -3.25 125.629 6
      vertex -3.95694 125.157 6
    endloop
  endfacet
  facet normal 0.555276 -0.831666 0
    outer loop
      vertex -3.25 125.629 6
      vertex -3.95694 125.157 2
      vertex -3.25 125.629 2
    endloop
  endfacet
  facet normal 0.442239 -0.896897 0
    outer loop
      vertex -3.25 125.629 2
      vertex -2.48744 126.005 6
      vertex -3.25 125.629 6
    endloop
  endfacet
  facet normal 0.442239 -0.896897 0
    outer loop
      vertex -2.48744 126.005 6
      vertex -3.25 125.629 2
      vertex -2.48744 126.005 2
    endloop
  endfacet
  facet normal 0.322172 -0.946681 0
    outer loop
      vertex -2.48744 126.005 2
      vertex -1.68231 126.279 6
      vertex -2.48744 126.005 6
    endloop
  endfacet
  facet normal 0.322172 -0.946681 0
    outer loop
      vertex -1.68231 126.279 6
      vertex -2.48744 126.005 2
      vertex -1.68231 126.279 2
    endloop
  endfacet
  facet normal 0.194104 -0.980981 0
    outer loop
      vertex -1.68231 126.279 2
      vertex -0.848419 126.444 6
      vertex -1.68231 126.279 6
    endloop
  endfacet
  facet normal 0.194104 -0.980981 0
    outer loop
      vertex -0.848419 126.444 6
      vertex -1.68231 126.279 2
      vertex -0.848419 126.444 2
    endloop
  endfacet
  facet normal 0.0658618 -0.997829 0
    outer loop
      vertex -0.848419 126.444 2
      vertex 0 126.5 6
      vertex -0.848419 126.444 6
    endloop
  endfacet
  facet normal 0.0658618 -0.997829 0
    outer loop
      vertex 0 126.5 6
      vertex -0.848419 126.444 2
      vertex 0 126.5 2
    endloop
  endfacet
  facet normal -0.0658618 -0.997829 0
    outer loop
      vertex 0 126.5 2
      vertex 0.848419 126.444 6
      vertex 0 126.5 6
    endloop
  endfacet
  facet normal -0.0658618 -0.997829 -0
    outer loop
      vertex 0.848419 126.444 6
      vertex 0 126.5 2
      vertex 0.848419 126.444 2
    endloop
  endfacet
  facet normal -0.194104 -0.980981 0
    outer loop
      vertex 0.848419 126.444 2
      vertex 1.68231 126.279 6
      vertex 0.848419 126.444 6
    endloop
  endfacet
  facet normal -0.194104 -0.980981 -0
    outer loop
      vertex 1.68231 126.279 6
      vertex 0.848419 126.444 2
      vertex 1.68231 126.279 2
    endloop
  endfacet
  facet normal -0.322172 -0.946681 0
    outer loop
      vertex 1.68231 126.279 2
      vertex 2.48744 126.005 6
      vertex 1.68231 126.279 6
    endloop
  endfacet
  facet normal -0.322172 -0.946681 -0
    outer loop
      vertex 2.48744 126.005 6
      vertex 1.68231 126.279 2
      vertex 2.48744 126.005 2
    endloop
  endfacet
  facet normal -0.442239 -0.896897 0
    outer loop
      vertex 2.48744 126.005 2
      vertex 3.25 125.629 6
      vertex 2.48744 126.005 6
    endloop
  endfacet
  facet normal -0.442239 -0.896897 -0
    outer loop
      vertex 3.25 125.629 6
      vertex 2.48744 126.005 2
      vertex 3.25 125.629 2
    endloop
  endfacet
  facet normal -0.555276 -0.831666 0
    outer loop
      vertex 3.25 125.629 2
      vertex 3.95694 125.157 6
      vertex 3.25 125.629 6
    endloop
  endfacet
  facet normal -0.555276 -0.831666 -0
    outer loop
      vertex 3.95694 125.157 6
      vertex 3.25 125.629 2
      vertex 3.95694 125.157 2
    endloop
  endfacet
  facet normal -0.659607 -0.751611 0
    outer loop
      vertex 3.95694 125.157 2
      vertex 4.59619 124.596 6
      vertex 3.95694 125.157 6
    endloop
  endfacet
  facet normal -0.659607 -0.751611 -0
    outer loop
      vertex 4.59619 124.596 6
      vertex 3.95694 125.157 2
      vertex 4.59619 124.596 2
    endloop
  endfacet
  facet normal -0.751722 -0.65948 0
    outer loop
      vertex 5.15678 123.957 2
      vertex 4.59619 124.596 6
      vertex 4.59619 124.596 2
    endloop
  endfacet
  facet normal -0.751722 -0.65948 0
    outer loop
      vertex 4.59619 124.596 6
      vertex 5.15678 123.957 2
      vertex 5.15678 123.957 6
    endloop
  endfacet
  facet normal -0.831487 -0.555544 0
    outer loop
      vertex 5.62915 123.25 2
      vertex 5.15678 123.957 6
      vertex 5.15678 123.957 2
    endloop
  endfacet
  facet normal -0.831487 -0.555544 0
    outer loop
      vertex 5.15678 123.957 6
      vertex 5.62915 123.25 2
      vertex 5.62915 123.25 6
    endloop
  endfacet
  facet normal -0.896975 -0.442081 0
    outer loop
      vertex 6.0052 122.487 2
      vertex 5.62915 123.25 6
      vertex 5.62915 123.25 2
    endloop
  endfacet
  facet normal -0.896975 -0.442081 0
    outer loop
      vertex 5.62915 123.25 6
      vertex 6.0052 122.487 2
      vertex 6.0052 122.487 6
    endloop
  endfacet
  facet normal -0.946916 -0.321481 0
    outer loop
      vertex 6.2785 121.682 2
      vertex 6.0052 122.487 6
      vertex 6.0052 122.487 2
    endloop
  endfacet
  facet normal -0.946916 -0.321481 0
    outer loop
      vertex 6.0052 122.487 6
      vertex 6.2785 121.682 2
      vertex 6.2785 121.682 6
    endloop
  endfacet
  facet normal -0.980788 -0.195076 0
    outer loop
      vertex 6.44438 120.848 2
      vertex 6.2785 121.682 6
      vertex 6.2785 121.682 2
    endloop
  endfacet
  facet normal -0.980788 -0.195076 0
    outer loop
      vertex 6.2785 121.682 6
      vertex 6.44438 120.848 2
      vertex 6.44438 120.848 6
    endloop
  endfacet
  facet normal -0.997856 -0.065449 0
    outer loop
      vertex 6.5 120 2
      vertex 6.44438 120.848 6
      vertex 6.44438 120.848 2
    endloop
  endfacet
  facet normal -0.997856 -0.065449 0
    outer loop
      vertex 6.44438 120.848 6
      vertex 6.5 120 2
      vertex 6.5 120 6
    endloop
  endfacet
  facet normal -0.997856 0.065449 0
    outer loop
      vertex 6.44438 119.152 2
      vertex 6.5 120 6
      vertex 6.5 120 2
    endloop
  endfacet
  facet normal -0.997856 0.065449 0
    outer loop
      vertex 6.5 120 6
      vertex 6.44438 119.152 2
      vertex 6.44438 119.152 6
    endloop
  endfacet
  facet normal -0.980788 0.195076 0
    outer loop
      vertex 6.2785 118.318 2
      vertex 6.44438 119.152 6
      vertex 6.44438 119.152 2
    endloop
  endfacet
  facet normal -0.980788 0.195076 0
    outer loop
      vertex 6.44438 119.152 6
      vertex 6.2785 118.318 2
      vertex 6.2785 118.318 6
    endloop
  endfacet
  facet normal -0.946916 0.321481 0
    outer loop
      vertex 6.0052 117.513 2
      vertex 6.2785 118.318 6
      vertex 6.2785 118.318 2
    endloop
  endfacet
  facet normal -0.946916 0.321481 0
    outer loop
      vertex 6.2785 118.318 6
      vertex 6.0052 117.513 2
      vertex 6.0052 117.513 6
    endloop
  endfacet
  facet normal -0.896975 0.442081 0
    outer loop
      vertex 5.62915 116.75 2
      vertex 6.0052 117.513 6
      vertex 6.0052 117.513 2
    endloop
  endfacet
  facet normal -0.896975 0.442081 0
    outer loop
      vertex 6.0052 117.513 6
      vertex 5.62915 116.75 2
      vertex 5.62915 116.75 6
    endloop
  endfacet
  facet normal -0.831487 0.555544 0
    outer loop
      vertex 5.15678 116.043 2
      vertex 5.62915 116.75 6
      vertex 5.62915 116.75 2
    endloop
  endfacet
  facet normal -0.831487 0.555544 0
    outer loop
      vertex 5.62915 116.75 6
      vertex 5.15678 116.043 2
      vertex 5.15678 116.043 6
    endloop
  endfacet
  facet normal -0.751722 0.65948 0
    outer loop
      vertex 4.59619 115.404 2
      vertex 5.15678 116.043 6
      vertex 5.15678 116.043 2
    endloop
  endfacet
  facet normal -0.751722 0.65948 0
    outer loop
      vertex 5.15678 116.043 6
      vertex 4.59619 115.404 2
      vertex 4.59619 115.404 6
    endloop
  endfacet
  facet normal -0.659607 0.751611 0
    outer loop
      vertex 4.59619 115.404 2
      vertex 3.95694 114.843 6
      vertex 4.59619 115.404 6
    endloop
  endfacet
  facet normal -0.659607 0.751611 0
    outer loop
      vertex 3.95694 114.843 6
      vertex 4.59619 115.404 2
      vertex 3.95694 114.843 2
    endloop
  endfacet
  facet normal -0.555276 0.831666 0
    outer loop
      vertex 3.95694 114.843 2
      vertex 3.25 114.371 6
      vertex 3.95694 114.843 6
    endloop
  endfacet
  facet normal -0.555276 0.831666 0
    outer loop
      vertex 3.25 114.371 6
      vertex 3.95694 114.843 2
      vertex 3.25 114.371 2
    endloop
  endfacet
  facet normal -0.442239 0.896897 0
    outer loop
      vertex 3.25 114.371 2
      vertex 2.48744 113.995 6
      vertex 3.25 114.371 6
    endloop
  endfacet
  facet normal -0.442239 0.896897 0
    outer loop
      vertex 2.48744 113.995 6
      vertex 3.25 114.371 2
      vertex 2.48744 113.995 2
    endloop
  endfacet
  facet normal -0.322172 0.946681 0
    outer loop
      vertex 2.48744 113.995 2
      vertex 1.68231 113.721 6
      vertex 2.48744 113.995 6
    endloop
  endfacet
  facet normal -0.322172 0.946681 0
    outer loop
      vertex 1.68231 113.721 6
      vertex 2.48744 113.995 2
      vertex 1.68231 113.721 2
    endloop
  endfacet
  facet normal -0.194104 0.980981 0
    outer loop
      vertex 1.68231 113.721 2
      vertex 0.848419 113.556 6
      vertex 1.68231 113.721 6
    endloop
  endfacet
  facet normal -0.194104 0.980981 0
    outer loop
      vertex 0.848419 113.556 6
      vertex 1.68231 113.721 2
      vertex 0.848419 113.556 2
    endloop
  endfacet
  facet normal -0.0658618 0.997829 0
    outer loop
      vertex 0.848419 113.556 2
      vertex 0 113.5 6
      vertex 0.848419 113.556 6
    endloop
  endfacet
  facet normal -0.0658618 0.997829 0
    outer loop
      vertex 0 113.5 6
      vertex 0.848419 113.556 2
      vertex 0 113.5 2
    endloop
  endfacet
  facet normal 0.0658618 0.997829 -0
    outer loop
      vertex 0 113.5 2
      vertex -0.848419 113.556 6
      vertex 0 113.5 6
    endloop
  endfacet
  facet normal 0.0658618 0.997829 0
    outer loop
      vertex -0.848419 113.556 6
      vertex 0 113.5 2
      vertex -0.848419 113.556 2
    endloop
  endfacet
  facet normal 0 0 1
    outer loop
      vertex 7.93459 150 6
      vertex 8 149.5 6
      vertex 8.26047 149.979 6
    endloop
  endfacet
  facet normal -0 0 1
    outer loop
      vertex -7.93459 150 6
      vertex 8 149.5 6
      vertex 7.93459 150 6
    endloop
  endfacet
  facet normal 0 0 1
    outer loop
      vertex -7.93459 150 6
      vertex -8 149.5 6
      vertex 8 149.5 6
    endloop
  endfacet
  facet normal -0 0 1
    outer loop
      vertex -8.51653 149.928 6
      vertex -8 149.5 6
      vertex -8.26047 149.979 6
    endloop
  endfacet
  facet normal -0 0 1
    outer loop
      vertex -8.26047 149.979 6
      vertex -8 149.5 6
      vertex -7.93459 150 6
    endloop
  endfacet
  facet normal 0 0 1
    outer loop
      vertex 8 149.5 6
      vertex 9.5 149.31 6
      vertex 9.41118 149.411 6
    endloop
  endfacet
  facet normal -0 0 1
    outer loop
      vertex 8 149.5 6
      vertex 9.41118 149.411 6
      vertex 9.21492 149.583 6
    endloop
  endfacet
  facet normal 0 0 1
    outer loop
      vertex 8 149.5 6
      vertex 9.21492 149.583 6
      vertex 8.99783 149.728 6
    endloop
  endfacet
  facet normal 0 0 1
    outer loop
      vertex 8 149.5 6
      vertex 8.99783 149.728 6
      vertex 8.76373 149.844 6
    endloop
  endfacet
  facet normal 0 0 1
    outer loop
      vertex 8 149.5 6
      vertex 8.76373 149.844 6
      vertex 8.51653 149.928 6
    endloop
  endfacet
  facet normal 0 0 1
    outer loop
      vertex 8 149.5 6
      vertex 8.51653 149.928 6
      vertex 8.26047 149.979 6
    endloop
  endfacet
  facet normal 0 0 1
    outer loop
      vertex 9.5 149.31 6
      vertex 8 149.5 6
      vertex 8 134.5 6
    endloop
  endfacet
  facet normal 0 0 1
    outer loop
      vertex 9.5 149.31 6
      vertex 8 134.5 6
      vertex 9.5 133 6
    endloop
  endfacet
  facet normal 0 0 1
    outer loop
      vertex 6 133 6
      vertex 8 134.5 6
      vertex 6 134.5 6
    endloop
  endfacet
  facet normal 0 0 1
    outer loop
      vertex 8 134.5 6
      vertex 6 133 6
      vertex 9.5 133 6
    endloop
  endfacet
  facet normal -0 0 1
    outer loop
      vertex -8 134.5 6
      vertex -6 133 6
      vertex -6 134.5 6
    endloop
  endfacet
  facet normal -0 0 1
    outer loop
      vertex -8.76373 149.844 6
      vertex -8 149.5 6
      vertex -8.51653 149.928 6
    endloop
  endfacet
  facet normal -0 0 1
    outer loop
      vertex -8.99783 149.728 6
      vertex -8 149.5 6
      vertex -8.76373 149.844 6
    endloop
  endfacet
  facet normal -0 0 1
    outer loop
      vertex -9.21492 149.583 6
      vertex -8 149.5 6
      vertex -8.99783 149.728 6
    endloop
  endfacet
  facet normal 0 0 1
    outer loop
      vertex -9.41118 149.411 6
      vertex -8 149.5 6
      vertex -9.21492 149.583 6
    endloop
  endfacet
  facet normal 0 0 1
    outer loop
      vertex -8 149.5 6
      vertex -9.41118 149.411 6
      vertex -9.5 149.31 6
    endloop
  endfacet
  facet normal 0 0 1
    outer loop
      vertex -8 149.5 6
      vertex -9.5 149.31 6
      vertex -8 134.5 6
    endloop
  endfacet
  facet normal 0 0 1
    outer loop
      vertex -8 134.5 6
      vertex -9.5 133 6
      vertex -6 133 6
    endloop
  endfacet
  facet normal 0 0 1
    outer loop
      vertex -9.5 133 6
      vertex -8 134.5 6
      vertex -9.5 149.31 6
    endloop
  endfacet
  facet normal -1 0 0
    outer loop
      vertex -9.5 133 2
      vertex -9.5 149.31 6
      vertex -9.5 149.31 2
    endloop
  endfacet
  facet normal -1 -0 0
    outer loop
      vertex -9.5 149.31 6
      vertex -9.5 133 2
      vertex -9.5 133 6
    endloop
  endfacet
  facet normal 0 -1 0
    outer loop
      vertex -9.5 133 2
      vertex -6 133 6
      vertex -9.5 133 6
    endloop
  endfacet
  facet normal 0 -1 -0
    outer loop
      vertex -6 133 6
      vertex -9.5 133 2
      vertex -6 133 2
    endloop
  endfacet
  facet normal 1 -0 0
    outer loop
      vertex -6 133 6
      vertex -6 134.5 2
      vertex -6 134.5 6
    endloop
  endfacet
  facet normal 1 0 0
    outer loop
      vertex -6 134.5 2
      vertex -6 133 6
      vertex -6 133 2
    endloop
  endfacet
  facet normal 0 1 -0
    outer loop
      vertex -6 134.5 2
      vertex -8 134.5 6
      vertex -6 134.5 6
    endloop
  endfacet
  facet normal 0 1 0
    outer loop
      vertex -8 134.5 6
      vertex -6 134.5 2
      vertex -8 134.5 2
    endloop
  endfacet
  facet normal 1 -0 0
    outer loop
      vertex -8 134.5 6
      vertex -8 149.5 2
      vertex -8 149.5 6
    endloop
  endfacet
  facet normal 1 0 0
    outer loop
      vertex -8 149.5 2
      vertex -8 134.5 6
      vertex -8 134.5 2
    endloop
  endfacet
  facet normal 0 -1 0
    outer loop
      vertex -8 149.5 2
      vertex 8 149.5 6
      vertex -8 149.5 6
    endloop
  endfacet
  facet normal 0 -1 -0
    outer loop
      vertex 8 149.5 6
      vertex -8 149.5 2
      vertex 8 149.5 2
    endloop
  endfacet
  facet normal -1 0 0
    outer loop
      vertex 8 134.5 2
      vertex 8 149.5 6
      vertex 8 149.5 2
    endloop
  endfacet
  facet normal -1 -0 0
    outer loop
      vertex 8 149.5 6
      vertex 8 134.5 2
      vertex 8 134.5 6
    endloop
  endfacet
  facet normal 0 1 -0
    outer loop
      vertex 8 134.5 2
      vertex 6 134.5 6
      vertex 8 134.5 6
    endloop
  endfacet
  facet normal 0 1 0
    outer loop
      vertex 6 134.5 6
      vertex 8 134.5 2
      vertex 6 134.5 2
    endloop
  endfacet
  facet normal -1 0 0
    outer loop
      vertex 6 133 2
      vertex 6 134.5 6
      vertex 6 134.5 2
    endloop
  endfacet
  facet normal -1 -0 0
    outer loop
      vertex 6 134.5 6
      vertex 6 133 2
      vertex 6 133 6
    endloop
  endfacet
  facet normal 0 -1 0
    outer loop
      vertex 6 133 2
      vertex 9.5 133 6
      vertex 6 133 6
    endloop
  endfacet
  facet normal 0 -1 -0
    outer loop
      vertex 9.5 133 6
      vertex 6 133 2
      vertex 9.5 133 2
    endloop
  endfacet
  facet normal 1 -0 0
    outer loop
      vertex 9.5 133 6
      vertex 9.5 149.31 2
      vertex 9.5 149.31 6
    endloop
  endfacet
  facet normal 1 0 0
    outer loop
      vertex 9.5 149.31 2
      vertex 9.5 133 6
      vertex 9.5 133 2
    endloop
  endfacet
  facet normal -0.555551 -0.831483 0
    outer loop
      vertex -14.15 8.47224 1.79
      vertex -13.9651 8.3487 14.8
      vertex -14.15 8.47224 14.8
    endloop
  endfacet
  facet normal -0.555551 -0.831483 -0
    outer loop
      vertex -13.9651 8.3487 14.8
      vertex -14.15 8.47224 1.79
      vertex -13.9651 8.3487 1.79
    endloop
  endfacet
  facet normal 0.321403 0.946943 -0
    outer loop
      vertex -15.44 5.35793 1.79
      vertex -15.6506 5.42941 14.8
      vertex -15.44 5.35793 14.8
    endloop
  endfacet
  facet normal 0.321403 0.946943 0
    outer loop
      vertex -15.6506 5.42941 14.8
      vertex -15.44 5.35793 1.79
      vertex -15.6506 5.42941 1.79
    endloop
  endfacet
  facet normal 0.321403 -0.946943 0
    outer loop
      vertex -15.6506 8.57059 1.79
      vertex -15.44 8.64207 14.8
      vertex -15.6506 8.57059 14.8
    endloop
  endfacet
  facet normal 0.321403 -0.946943 0
    outer loop
      vertex -15.44 8.64207 14.8
      vertex -15.6506 8.57059 1.79
      vertex -15.44 8.64207 1.79
    endloop
  endfacet
  facet normal 0.896789 -0.442459 0
    outer loop
      vertex -16.5706 7.65056 14.8
      vertex -16.4722 7.85 1.79
      vertex -16.4722 7.85 14.8
    endloop
  endfacet
  facet normal 0.896789 -0.442459 0
    outer loop
      vertex -16.4722 7.85 1.79
      vertex -16.5706 7.65056 14.8
      vertex -16.5706 7.65056 1.79
    endloop
  endfacet
  facet normal 0.442349 0.896843 -0
    outer loop
      vertex -15.6506 5.42941 1.79
      vertex -15.85 5.52776 14.8
      vertex -15.6506 5.42941 14.8
    endloop
  endfacet
  facet normal 0.442349 0.896843 0
    outer loop
      vertex -15.85 5.52776 14.8
      vertex -15.6506 5.42941 1.79
      vertex -15.85 5.52776 1.79
    endloop
  endfacet
  facet normal -0.896789 -0.442459 0
    outer loop
      vertex -13.4294 7.65056 1.79
      vertex -13.5278 7.85 14.8
      vertex -13.5278 7.85 1.79
    endloop
  endfacet
  facet normal -0.896789 -0.442459 0
    outer loop
      vertex -13.5278 7.85 14.8
      vertex -13.4294 7.65056 1.79
      vertex -13.4294 7.65056 14.8
    endloop
  endfacet
  facet normal -0.98077 -0.195165 0
    outer loop
      vertex -13.3145 7.22189 1.79
      vertex -13.3579 7.43999 14.8
      vertex -13.3579 7.43999 1.79
    endloop
  endfacet
  facet normal -0.98077 -0.195165 0
    outer loop
      vertex -13.3579 7.43999 14.8
      vertex -13.3145 7.22189 1.79
      vertex -13.3145 7.22189 14.8
    endloop
  endfacet
  facet normal -0.831552 -0.555447 0
    outer loop
      vertex -13.5278 7.85 1.79
      vertex -13.6513 8.03489 14.8
      vertex -13.6513 8.03489 1.79
    endloop
  endfacet
  facet normal -0.831552 -0.555447 0
    outer loop
      vertex -13.6513 8.03489 14.8
      vertex -13.5278 7.85 1.79
      vertex -13.5278 7.85 14.8
    endloop
  endfacet
  facet normal -0.321403 -0.946943 0
    outer loop
      vertex -14.56 8.64207 1.79
      vertex -14.3494 8.57059 14.8
      vertex -14.56 8.64207 14.8
    endloop
  endfacet
  facet normal -0.321403 -0.946943 -0
    outer loop
      vertex -14.3494 8.57059 14.8
      vertex -14.56 8.64207 1.79
      vertex -14.3494 8.57059 1.79
    endloop
  endfacet
  facet normal -0.0653848 -0.99786 0
    outer loop
      vertex -15 8.7 1.79
      vertex -14.7781 8.68546 14.8
      vertex -15 8.7 14.8
    endloop
  endfacet
  facet normal -0.0653848 -0.99786 -0
    outer loop
      vertex -14.7781 8.68546 14.8
      vertex -15 8.7 1.79
      vertex -14.7781 8.68546 1.79
    endloop
  endfacet
  facet normal 0.751888 -0.659291 0
    outer loop
      vertex -16.3487 8.03489 14.8
      vertex -16.2021 8.20208 1.79
      vertex -16.2021 8.20208 14.8
    endloop
  endfacet
  facet normal 0.751888 -0.659291 0
    outer loop
      vertex -16.2021 8.20208 1.79
      vertex -16.3487 8.03489 14.8
      vertex -16.3487 8.03489 1.79
    endloop
  endfacet
  facet normal 0.195122 -0.980779 0
    outer loop
      vertex -15.44 8.64207 1.79
      vertex -15.2219 8.68546 14.8
      vertex -15.44 8.64207 14.8
    endloop
  endfacet
  facet normal 0.195122 -0.980779 0
    outer loop
      vertex -15.2219 8.68546 14.8
      vertex -15.44 8.64207 1.79
      vertex -15.2219 8.68546 1.79
    endloop
  endfacet
  facet normal 0.659319 -0.751863 0
    outer loop
      vertex -16.2021 8.20208 1.79
      vertex -16.0349 8.3487 14.8
      vertex -16.2021 8.20208 14.8
    endloop
  endfacet
  facet normal 0.659319 -0.751863 0
    outer loop
      vertex -16.0349 8.3487 14.8
      vertex -16.2021 8.20208 1.79
      vertex -16.0349 8.3487 1.79
    endloop
  endfacet
  facet normal -0.997872 -0.0652086 0
    outer loop
      vertex -13.3 7 1.79
      vertex -13.3145 7.22189 14.8
      vertex -13.3145 7.22189 1.79
    endloop
  endfacet
  facet normal -0.997872 -0.0652086 0
    outer loop
      vertex -13.3145 7.22189 14.8
      vertex -13.3 7 1.79
      vertex -13.3 7 14.8
    endloop
  endfacet
  facet normal -0.321403 0.946943 0
    outer loop
      vertex -14.3494 5.42941 1.79
      vertex -14.56 5.35793 14.8
      vertex -14.3494 5.42941 14.8
    endloop
  endfacet
  facet normal -0.321403 0.946943 0
    outer loop
      vertex -14.56 5.35793 14.8
      vertex -14.3494 5.42941 1.79
      vertex -14.56 5.35793 1.79
    endloop
  endfacet
  facet normal -0.831552 0.555447 0
    outer loop
      vertex -13.6513 5.96511 1.79
      vertex -13.5278 6.15 14.8
      vertex -13.5278 6.15 1.79
    endloop
  endfacet
  facet normal -0.831552 0.555447 0
    outer loop
      vertex -13.5278 6.15 14.8
      vertex -13.6513 5.96511 1.79
      vertex -13.6513 5.96511 14.8
    endloop
  endfacet
  facet normal 0.195122 0.980779 -0
    outer loop
      vertex -15.2219 5.31454 1.79
      vertex -15.44 5.35793 14.8
      vertex -15.2219 5.31454 14.8
    endloop
  endfacet
  facet normal 0.195122 0.980779 0
    outer loop
      vertex -15.44 5.35793 14.8
      vertex -15.2219 5.31454 1.79
      vertex -15.44 5.35793 1.79
    endloop
  endfacet
  facet normal 0.659319 0.751863 -0
    outer loop
      vertex -16.0349 5.6513 1.79
      vertex -16.2021 5.79792 14.8
      vertex -16.0349 5.6513 14.8
    endloop
  endfacet
  facet normal 0.659319 0.751863 0
    outer loop
      vertex -16.2021 5.79792 14.8
      vertex -16.0349 5.6513 1.79
      vertex -16.2021 5.79792 1.79
    endloop
  endfacet
  facet normal 0.751888 0.659291 0
    outer loop
      vertex -16.2021 5.79792 14.8
      vertex -16.3487 5.96511 1.79
      vertex -16.3487 5.96511 14.8
    endloop
  endfacet
  facet normal 0.751888 0.659291 0
    outer loop
      vertex -16.3487 5.96511 1.79
      vertex -16.2021 5.79792 14.8
      vertex -16.2021 5.79792 1.79
    endloop
  endfacet
  facet normal -0.946901 -0.321525 0
    outer loop
      vertex -13.3579 7.43999 1.79
      vertex -13.4294 7.65056 14.8
      vertex -13.4294 7.65056 1.79
    endloop
  endfacet
  facet normal -0.946901 -0.321525 0
    outer loop
      vertex -13.4294 7.65056 14.8
      vertex -13.3579 7.43999 1.79
      vertex -13.3579 7.43999 14.8
    endloop
  endfacet
  facet normal -0.751888 -0.659291 0
    outer loop
      vertex -13.6513 8.03489 1.79
      vertex -13.7979 8.20208 14.8
      vertex -13.7979 8.20208 1.79
    endloop
  endfacet
  facet normal -0.751888 -0.659291 0
    outer loop
      vertex -13.7979 8.20208 14.8
      vertex -13.6513 8.03489 1.79
      vertex -13.6513 8.03489 14.8
    endloop
  endfacet
  facet normal -0.659319 -0.751863 0
    outer loop
      vertex -13.9651 8.3487 1.79
      vertex -13.7979 8.20208 14.8
      vertex -13.9651 8.3487 14.8
    endloop
  endfacet
  facet normal -0.659319 -0.751863 -0
    outer loop
      vertex -13.7979 8.20208 14.8
      vertex -13.9651 8.3487 1.79
      vertex -13.7979 8.20208 1.79
    endloop
  endfacet
  facet normal -0.442349 -0.896843 0
    outer loop
      vertex -14.3494 8.57059 1.79
      vertex -14.15 8.47224 14.8
      vertex -14.3494 8.57059 14.8
    endloop
  endfacet
  facet normal -0.442349 -0.896843 -0
    outer loop
      vertex -14.15 8.47224 14.8
      vertex -14.3494 8.57059 1.79
      vertex -14.15 8.47224 1.79
    endloop
  endfacet
  facet normal -0.195122 -0.980779 0
    outer loop
      vertex -14.7781 8.68546 1.79
      vertex -14.56 8.64207 14.8
      vertex -14.7781 8.68546 14.8
    endloop
  endfacet
  facet normal -0.195122 -0.980779 -0
    outer loop
      vertex -14.56 8.64207 14.8
      vertex -14.7781 8.68546 1.79
      vertex -14.56 8.64207 1.79
    endloop
  endfacet
  facet normal 0.997872 -0.0652086 0
    outer loop
      vertex -16.7 7 14.8
      vertex -16.6855 7.22189 1.79
      vertex -16.6855 7.22189 14.8
    endloop
  endfacet
  facet normal 0.997872 -0.0652086 0
    outer loop
      vertex -16.6855 7.22189 1.79
      vertex -16.7 7 14.8
      vertex -16.7 7 1.79
    endloop
  endfacet
  facet normal 0.946901 -0.321525 0
    outer loop
      vertex -16.6421 7.43999 14.8
      vertex -16.5706 7.65056 1.79
      vertex -16.5706 7.65056 14.8
    endloop
  endfacet
  facet normal 0.946901 -0.321525 0
    outer loop
      vertex -16.5706 7.65056 1.79
      vertex -16.6421 7.43999 14.8
      vertex -16.6421 7.43999 1.79
    endloop
  endfacet
  facet normal 0.831552 -0.555447 0
    outer loop
      vertex -16.4722 7.85 14.8
      vertex -16.3487 8.03489 1.79
      vertex -16.3487 8.03489 14.8
    endloop
  endfacet
  facet normal 0.831552 -0.555447 0
    outer loop
      vertex -16.3487 8.03489 1.79
      vertex -16.4722 7.85 14.8
      vertex -16.4722 7.85 1.79
    endloop
  endfacet
  facet normal 0.0653848 -0.99786 0
    outer loop
      vertex -15.2219 8.68546 1.79
      vertex -15 8.7 14.8
      vertex -15.2219 8.68546 14.8
    endloop
  endfacet
  facet normal 0.0653848 -0.99786 0
    outer loop
      vertex -15 8.7 14.8
      vertex -15.2219 8.68546 1.79
      vertex -15 8.7 1.79
    endloop
  endfacet
  facet normal 0.555551 -0.831483 0
    outer loop
      vertex -16.0349 8.3487 1.79
      vertex -15.85 8.47224 14.8
      vertex -16.0349 8.3487 14.8
    endloop
  endfacet
  facet normal 0.555551 -0.831483 0
    outer loop
      vertex -15.85 8.47224 14.8
      vertex -16.0349 8.3487 1.79
      vertex -15.85 8.47224 1.79
    endloop
  endfacet
  facet normal 0.442349 -0.896843 0
    outer loop
      vertex -15.85 8.47224 1.79
      vertex -15.6506 8.57059 14.8
      vertex -15.85 8.47224 14.8
    endloop
  endfacet
  facet normal 0.442349 -0.896843 0
    outer loop
      vertex -15.6506 8.57059 14.8
      vertex -15.85 8.47224 1.79
      vertex -15.6506 8.57059 1.79
    endloop
  endfacet
  facet normal -0.98077 0.195165 0
    outer loop
      vertex -13.3579 6.56001 1.79
      vertex -13.3145 6.77811 14.8
      vertex -13.3145 6.77811 1.79
    endloop
  endfacet
  facet normal -0.98077 0.195165 0
    outer loop
      vertex -13.3145 6.77811 14.8
      vertex -13.3579 6.56001 1.79
      vertex -13.3579 6.56001 14.8
    endloop
  endfacet
  facet normal -0.0653848 0.99786 0
    outer loop
      vertex -14.7781 5.31454 1.79
      vertex -15 5.3 14.8
      vertex -14.7781 5.31454 14.8
    endloop
  endfacet
  facet normal -0.0653848 0.99786 0
    outer loop
      vertex -15 5.3 14.8
      vertex -14.7781 5.31454 1.79
      vertex -15 5.3 1.79
    endloop
  endfacet
  facet normal -0.195122 0.980779 0
    outer loop
      vertex -14.56 5.35793 1.79
      vertex -14.7781 5.31454 14.8
      vertex -14.56 5.35793 14.8
    endloop
  endfacet
  facet normal -0.195122 0.980779 0
    outer loop
      vertex -14.7781 5.31454 14.8
      vertex -14.56 5.35793 1.79
      vertex -14.7781 5.31454 1.79
    endloop
  endfacet
  facet normal -0.659319 0.751863 0
    outer loop
      vertex -13.7979 5.79792 1.79
      vertex -13.9651 5.6513 14.8
      vertex -13.7979 5.79792 14.8
    endloop
  endfacet
  facet normal -0.659319 0.751863 0
    outer loop
      vertex -13.9651 5.6513 14.8
      vertex -13.7979 5.79792 1.79
      vertex -13.9651 5.6513 1.79
    endloop
  endfacet
  facet normal -0.442349 0.896843 0
    outer loop
      vertex -14.15 5.52776 1.79
      vertex -14.3494 5.42941 14.8
      vertex -14.15 5.52776 14.8
    endloop
  endfacet
  facet normal -0.442349 0.896843 0
    outer loop
      vertex -14.3494 5.42941 14.8
      vertex -14.15 5.52776 1.79
      vertex -14.3494 5.42941 1.79
    endloop
  endfacet
  facet normal -0.946901 0.321525 0
    outer loop
      vertex -13.4294 6.34944 1.79
      vertex -13.3579 6.56001 14.8
      vertex -13.3579 6.56001 1.79
    endloop
  endfacet
  facet normal -0.946901 0.321525 0
    outer loop
      vertex -13.3579 6.56001 14.8
      vertex -13.4294 6.34944 1.79
      vertex -13.4294 6.34944 14.8
    endloop
  endfacet
  facet normal 0.0653848 0.99786 -0
    outer loop
      vertex -15 5.3 1.79
      vertex -15.2219 5.31454 14.8
      vertex -15 5.3 14.8
    endloop
  endfacet
  facet normal 0.0653848 0.99786 0
    outer loop
      vertex -15.2219 5.31454 14.8
      vertex -15 5.3 1.79
      vertex -15.2219 5.31454 1.79
    endloop
  endfacet
  facet normal 0.555551 0.831483 -0
    outer loop
      vertex -15.85 5.52776 1.79
      vertex -16.0349 5.6513 14.8
      vertex -15.85 5.52776 14.8
    endloop
  endfacet
  facet normal 0.555551 0.831483 0
    outer loop
      vertex -16.0349 5.6513 14.8
      vertex -15.85 5.52776 1.79
      vertex -16.0349 5.6513 1.79
    endloop
  endfacet
  facet normal 0.946901 0.321525 0
    outer loop
      vertex -16.5706 6.34944 14.8
      vertex -16.6421 6.56001 1.79
      vertex -16.6421 6.56001 14.8
    endloop
  endfacet
  facet normal 0.946901 0.321525 0
    outer loop
      vertex -16.6421 6.56001 1.79
      vertex -16.5706 6.34944 14.8
      vertex -16.5706 6.34944 1.79
    endloop
  endfacet
  facet normal 0.997872 0.0652086 0
    outer loop
      vertex -16.6855 6.77811 14.8
      vertex -16.7 7 1.79
      vertex -16.7 7 14.8
    endloop
  endfacet
  facet normal 0.997872 0.0652086 0
    outer loop
      vertex -16.7 7 1.79
      vertex -16.6855 6.77811 14.8
      vertex -16.6855 6.77811 1.79
    endloop
  endfacet
  facet normal 0.896789 0.442459 0
    outer loop
      vertex -16.4722 6.15 14.8
      vertex -16.5706 6.34944 1.79
      vertex -16.5706 6.34944 14.8
    endloop
  endfacet
  facet normal 0.896789 0.442459 0
    outer loop
      vertex -16.5706 6.34944 1.79
      vertex -16.4722 6.15 14.8
      vertex -16.4722 6.15 1.79
    endloop
  endfacet
  facet normal 0.98077 -0.195165 0
    outer loop
      vertex -16.6855 7.22189 14.8
      vertex -16.6421 7.43999 1.79
      vertex -16.6421 7.43999 14.8
    endloop
  endfacet
  facet normal 0.98077 -0.195165 0
    outer loop
      vertex -16.6421 7.43999 1.79
      vertex -16.6855 7.22189 14.8
      vertex -16.6855 7.22189 1.79
    endloop
  endfacet
  facet normal -0.997872 0.0652086 0
    outer loop
      vertex -13.3145 6.77811 1.79
      vertex -13.3 7 14.8
      vertex -13.3 7 1.79
    endloop
  endfacet
  facet normal -0.997872 0.0652086 0
    outer loop
      vertex -13.3 7 14.8
      vertex -13.3145 6.77811 1.79
      vertex -13.3145 6.77811 14.8
    endloop
  endfacet
  facet normal -0.751888 0.659291 0
    outer loop
      vertex -13.7979 5.79792 1.79
      vertex -13.6513 5.96511 14.8
      vertex -13.6513 5.96511 1.79
    endloop
  endfacet
  facet normal -0.751888 0.659291 0
    outer loop
      vertex -13.6513 5.96511 14.8
      vertex -13.7979 5.79792 1.79
      vertex -13.7979 5.79792 14.8
    endloop
  endfacet
  facet normal -0.555551 0.831483 0
    outer loop
      vertex -13.9651 5.6513 1.79
      vertex -14.15 5.52776 14.8
      vertex -13.9651 5.6513 14.8
    endloop
  endfacet
  facet normal -0.555551 0.831483 0
    outer loop
      vertex -14.15 5.52776 14.8
      vertex -13.9651 5.6513 1.79
      vertex -14.15 5.52776 1.79
    endloop
  endfacet
  facet normal -0.896789 0.442459 0
    outer loop
      vertex -13.5278 6.15 1.79
      vertex -13.4294 6.34944 14.8
      vertex -13.4294 6.34944 1.79
    endloop
  endfacet
  facet normal -0.896789 0.442459 0
    outer loop
      vertex -13.4294 6.34944 14.8
      vertex -13.5278 6.15 1.79
      vertex -13.5278 6.15 14.8
    endloop
  endfacet
  facet normal 0.98077 0.195165 0
    outer loop
      vertex -16.6421 6.56001 14.8
      vertex -16.6855 6.77811 1.79
      vertex -16.6855 6.77811 14.8
    endloop
  endfacet
  facet normal 0.98077 0.195165 0
    outer loop
      vertex -16.6855 6.77811 1.79
      vertex -16.6421 6.56001 14.8
      vertex -16.6421 6.56001 1.79
    endloop
  endfacet
  facet normal 0.831552 0.555447 0
    outer loop
      vertex -16.3487 5.96511 14.8
      vertex -16.4722 6.15 1.79
      vertex -16.4722 6.15 14.8
    endloop
  endfacet
  facet normal 0.831552 0.555447 0
    outer loop
      vertex -16.4722 6.15 1.79
      vertex -16.3487 5.96511 14.8
      vertex -16.3487 5.96511 1.79
    endloop
  endfacet
  facet normal -0.555536 -0.831493 0
    outer loop
      vertex -13.375 9.81458 0
      vertex -13.0215 9.5784 1.79
      vertex -13.375 9.81458 1.79
    endloop
  endfacet
  facet normal -0.555536 -0.831493 -0
    outer loop
      vertex -13.0215 9.5784 1.79
      vertex -13.375 9.81458 0
      vertex -13.0215 9.5784 0
    endloop
  endfacet
  facet normal 0.321586 -0.94688 0
    outer loop
      vertex -16.2437 10.0026 0
      vertex -15.8412 10.1393 1.79
      vertex -16.2437 10.0026 1.79
    endloop
  endfacet
  facet normal 0.321586 -0.94688 0
    outer loop
      vertex -15.8412 10.1393 1.79
      vertex -16.2437 10.0026 0
      vertex -15.8412 10.1393 0
    endloop
  endfacet
  facet normal 0.896897 -0.442239 0
    outer loop
      vertex -18.0026 8.24372 1.79
      vertex -17.8146 8.625 0
      vertex -17.8146 8.625 1.79
    endloop
  endfacet
  facet normal 0.896897 -0.442239 0
    outer loop
      vertex -17.8146 8.625 0
      vertex -18.0026 8.24372 1.79
      vertex -18.0026 8.24372 0
    endloop
  endfacet
  facet normal 0.442277 0.896879 -0
    outer loop
      vertex -16.2437 3.99739 0
      vertex -16.625 4.18542 1.79
      vertex -16.2437 3.99739 1.79
    endloop
  endfacet
  facet normal 0.442277 0.896879 0
    outer loop
      vertex -16.625 4.18542 1.79
      vertex -16.2437 3.99739 0
      vertex -16.625 4.18542 0
    endloop
  endfacet
  facet normal -0.896897 -0.442239 0
    outer loop
      vertex -11.9974 8.24372 0
      vertex -12.1854 8.625 1.79
      vertex -12.1854 8.625 0
    endloop
  endfacet
  facet normal -0.896897 -0.442239 0
    outer loop
      vertex -12.1854 8.625 1.79
      vertex -11.9974 8.24372 0
      vertex -11.9974 8.24372 1.79
    endloop
  endfacet
  facet normal -0.831449 -0.555601 0
    outer loop
      vertex -12.1854 8.625 0
      vertex -12.4216 8.97847 1.79
      vertex -12.4216 8.97847 0
    endloop
  endfacet
  facet normal -0.831449 -0.555601 0
    outer loop
      vertex -12.4216 8.97847 1.79
      vertex -12.1854 8.625 0
      vertex -12.1854 8.625 1.79
    endloop
  endfacet
  facet normal -0.442258 -0.896888 0
    outer loop
      vertex -13.7563 10.0026 0
      vertex -13.375 9.81458 1.79
      vertex -13.7563 10.0026 1.79
    endloop
  endfacet
  facet normal -0.442258 -0.896888 -0
    outer loop
      vertex -13.375 9.81458 1.79
      vertex -13.7563 10.0026 0
      vertex -13.375 9.81458 0
    endloop
  endfacet
  facet normal -0.0653948 -0.997859 0
    outer loop
      vertex -15 10.25 0
      vertex -14.5758 10.2222 1.79
      vertex -15 10.25 1.79
    endloop
  endfacet
  facet normal -0.0653948 -0.997859 -0
    outer loop
      vertex -14.5758 10.2222 1.79
      vertex -15 10.25 0
      vertex -14.5758 10.2222 0
    endloop
  endfacet
  facet normal 0.99786 -0.0653933 0
    outer loop
      vertex -18.25 7 1.79
      vertex -18.2222 7.42421 0
      vertex -18.2222 7.42421 1.79
    endloop
  endfacet
  facet normal 0.99786 -0.0653933 0
    outer loop
      vertex -18.2222 7.42421 0
      vertex -18.25 7 1.79
      vertex -18.25 7 0
    endloop
  endfacet
  facet normal 0.751849 -0.659335 0
    outer loop
      vertex -17.5784 8.97847 1.79
      vertex -17.2981 9.2981 0
      vertex -17.2981 9.2981 1.79
    endloop
  endfacet
  facet normal 0.751849 -0.659335 0
    outer loop
      vertex -17.2981 9.2981 0
      vertex -17.5784 8.97847 1.79
      vertex -17.5784 8.97847 0
    endloop
  endfacet
  facet normal 0.0653948 -0.997859 0
    outer loop
      vertex -15.4242 10.2222 0
      vertex -15 10.25 1.79
      vertex -15.4242 10.2222 1.79
    endloop
  endfacet
  facet normal 0.0653948 -0.997859 0
    outer loop
      vertex -15 10.25 1.79
      vertex -15.4242 10.2222 0
      vertex -15 10.25 0
    endloop
  endfacet
  facet normal 0.65937 -0.751818 0
    outer loop
      vertex -17.2981 9.2981 0
      vertex -16.9785 9.5784 1.79
      vertex -17.2981 9.2981 1.79
    endloop
  endfacet
  facet normal 0.65937 -0.751818 0
    outer loop
      vertex -16.9785 9.5784 1.79
      vertex -17.2981 9.2981 0
      vertex -16.9785 9.5784 0
    endloop
  endfacet
  facet normal -0.99786 -0.0653933 0
    outer loop
      vertex -11.75 7 0
      vertex -11.7778 7.42421 1.79
      vertex -11.7778 7.42421 0
    endloop
  endfacet
  facet normal -0.99786 -0.0653933 0
    outer loop
      vertex -11.7778 7.42421 1.79
      vertex -11.75 7 0
      vertex -11.75 7 1.79
    endloop
  endfacet
  facet normal -0.0653948 0.997859 0
    outer loop
      vertex -14.5758 3.7778 0
      vertex -15 3.75 1.79
      vertex -14.5758 3.7778 1.79
    endloop
  endfacet
  facet normal -0.0653948 0.997859 0
    outer loop
      vertex -15 3.75 1.79
      vertex -14.5758 3.7778 0
      vertex -15 3.75 0
    endloop
  endfacet
  facet normal -0.831449 0.555601 0
    outer loop
      vertex -12.4216 5.02153 0
      vertex -12.1854 5.375 1.79
      vertex -12.1854 5.375 0
    endloop
  endfacet
  facet normal -0.831449 0.555601 0
    outer loop
      vertex -12.1854 5.375 1.79
      vertex -12.4216 5.02153 0
      vertex -12.4216 5.02153 1.79
    endloop
  endfacet
  facet normal -0.946895 0.321543 0
    outer loop
      vertex -11.9974 5.75628 0
      vertex -11.8607 6.15884 1.79
      vertex -11.8607 6.15884 0
    endloop
  endfacet
  facet normal -0.946895 0.321543 0
    outer loop
      vertex -11.8607 6.15884 1.79
      vertex -11.9974 5.75628 0
      vertex -11.9974 5.75628 1.79
    endloop
  endfacet
  facet normal 0.0653948 0.997859 -0
    outer loop
      vertex -15 3.75 0
      vertex -15.4242 3.7778 1.79
      vertex -15 3.75 1.79
    endloop
  endfacet
  facet normal 0.0653948 0.997859 0
    outer loop
      vertex -15.4242 3.7778 1.79
      vertex -15 3.75 0
      vertex -15.4242 3.7778 0
    endloop
  endfacet
  facet normal 0.65937 0.751818 -0
    outer loop
      vertex -16.9785 4.4216 0
      vertex -17.2981 4.7019 1.79
      vertex -16.9785 4.4216 1.79
    endloop
  endfacet
  facet normal 0.65937 0.751818 0
    outer loop
      vertex -17.2981 4.7019 1.79
      vertex -16.9785 4.4216 0
      vertex -17.2981 4.7019 0
    endloop
  endfacet
  facet normal 0.99786 0.0653933 0
    outer loop
      vertex -18.2222 6.57579 1.79
      vertex -18.25 7 0
      vertex -18.25 7 1.79
    endloop
  endfacet
  facet normal 0.99786 0.0653933 0
    outer loop
      vertex -18.25 7 0
      vertex -18.2222 6.57579 1.79
      vertex -18.2222 6.57579 0
    endloop
  endfacet
  facet normal -0.946895 -0.321543 0
    outer loop
      vertex -11.8607 7.84116 0
      vertex -11.9974 8.24372 1.79
      vertex -11.9974 8.24372 0
    endloop
  endfacet
  facet normal -0.946895 -0.321543 0
    outer loop
      vertex -11.9974 8.24372 1.79
      vertex -11.8607 7.84116 0
      vertex -11.8607 7.84116 1.79
    endloop
  endfacet
  facet normal -0.751849 -0.659335 0
    outer loop
      vertex -12.4216 8.97847 0
      vertex -12.7019 9.2981 1.79
      vertex -12.7019 9.2981 0
    endloop
  endfacet
  facet normal -0.751849 -0.659335 0
    outer loop
      vertex -12.7019 9.2981 1.79
      vertex -12.4216 8.97847 0
      vertex -12.4216 8.97847 1.79
    endloop
  endfacet
  facet normal -0.65937 -0.751818 0
    outer loop
      vertex -13.0215 9.5784 0
      vertex -12.7019 9.2981 1.79
      vertex -13.0215 9.5784 1.79
    endloop
  endfacet
  facet normal -0.65937 -0.751818 -0
    outer loop
      vertex -12.7019 9.2981 1.79
      vertex -13.0215 9.5784 0
      vertex -12.7019 9.2981 0
    endloop
  endfacet
  facet normal -0.321586 -0.94688 0
    outer loop
      vertex -14.1588 10.1393 0
      vertex -13.7563 10.0026 1.79
      vertex -14.1588 10.1393 1.79
    endloop
  endfacet
  facet normal -0.321586 -0.94688 -0
    outer loop
      vertex -13.7563 10.0026 1.79
      vertex -14.1588 10.1393 0
      vertex -13.7563 10.0026 0
    endloop
  endfacet
  facet normal -0.194985 -0.980806 0
    outer loop
      vertex -14.5758 10.2222 0
      vertex -14.1588 10.1393 1.79
      vertex -14.5758 10.2222 1.79
    endloop
  endfacet
  facet normal -0.194985 -0.980806 -0
    outer loop
      vertex -14.1588 10.1393 1.79
      vertex -14.5758 10.2222 0
      vertex -14.1588 10.1393 0
    endloop
  endfacet
  facet normal 0 0 -1
    outer loop
      vertex -13.3 7 1.79
      vertex -11.75 7 1.79
      vertex -11.7778 6.57579 1.79
    endloop
  endfacet
  facet normal 0 0 -1
    outer loop
      vertex -13.3145 6.77811 1.79
      vertex -11.7778 6.57579 1.79
      vertex -11.8607 6.15884 1.79
    endloop
  endfacet
  facet normal 0 0 -1
    outer loop
      vertex -11.75 7 1.79
      vertex -13.3 7 1.79
      vertex -11.7778 7.42421 1.79
    endloop
  endfacet
  facet normal 0 0 -1
    outer loop
      vertex -13.3579 6.56001 1.79
      vertex -11.8607 6.15884 1.79
      vertex -11.9974 5.75628 1.79
    endloop
  endfacet
  facet normal 0 0 -1
    outer loop
      vertex -13.3145 7.22189 1.79
      vertex -11.7778 7.42421 1.79
      vertex -13.3 7 1.79
    endloop
  endfacet
  facet normal 0 0 -1
    outer loop
      vertex -13.4294 6.34944 1.79
      vertex -11.9974 5.75628 1.79
      vertex -12.1854 5.375 1.79
    endloop
  endfacet
  facet normal -0 0 -1
    outer loop
      vertex -11.7778 7.42421 1.79
      vertex -13.3145 7.22189 1.79
      vertex -11.8607 7.84116 1.79
    endloop
  endfacet
  facet normal 0 0 -1
    outer loop
      vertex -13.5278 6.15 1.79
      vertex -12.1854 5.375 1.79
      vertex -12.4216 5.02153 1.79
    endloop
  endfacet
  facet normal 0 0 -1
    outer loop
      vertex -13.3579 7.43999 1.79
      vertex -11.8607 7.84116 1.79
      vertex -13.3145 7.22189 1.79
    endloop
  endfacet
  facet normal 0 0 -1
    outer loop
      vertex -13.6513 5.96511 1.79
      vertex -12.4216 5.02153 1.79
      vertex -12.7019 4.7019 1.79
    endloop
  endfacet
  facet normal -0 0 -1
    outer loop
      vertex -11.8607 7.84116 1.79
      vertex -13.3579 7.43999 1.79
      vertex -11.9974 8.24372 1.79
    endloop
  endfacet
  facet normal 0 0 -1
    outer loop
      vertex -13.7979 5.79792 1.79
      vertex -12.7019 4.7019 1.79
      vertex -13.0215 4.4216 1.79
    endloop
  endfacet
  facet normal 0 0 -1
    outer loop
      vertex -13.4294 7.65056 1.79
      vertex -11.9974 8.24372 1.79
      vertex -13.3579 7.43999 1.79
    endloop
  endfacet
  facet normal -0 0 -1
    outer loop
      vertex -11.9974 8.24372 1.79
      vertex -13.4294 7.65056 1.79
      vertex -12.1854 8.625 1.79
    endloop
  endfacet
  facet normal 0 0 -1
    outer loop
      vertex -11.7778 6.57579 1.79
      vertex -13.3145 6.77811 1.79
      vertex -13.3 7 1.79
    endloop
  endfacet
  facet normal 0 0 -1
    outer loop
      vertex -11.8607 6.15884 1.79
      vertex -13.3579 6.56001 1.79
      vertex -13.3145 6.77811 1.79
    endloop
  endfacet
  facet normal 0 0 -1
    outer loop
      vertex -13.9651 5.6513 1.79
      vertex -13.0215 4.4216 1.79
      vertex -13.375 4.18542 1.79
    endloop
  endfacet
  facet normal 0 0 -1
    outer loop
      vertex -11.9974 5.75628 1.79
      vertex -13.4294 6.34944 1.79
      vertex -13.3579 6.56001 1.79
    endloop
  endfacet
  facet normal 0 0 -1
    outer loop
      vertex -12.1854 5.375 1.79
      vertex -13.5278 6.15 1.79
      vertex -13.4294 6.34944 1.79
    endloop
  endfacet
  facet normal 0 0 -1
    outer loop
      vertex -12.4216 5.02153 1.79
      vertex -13.6513 5.96511 1.79
      vertex -13.5278 6.15 1.79
    endloop
  endfacet
  facet normal 0 0 -1
    outer loop
      vertex -14.15 5.52776 1.79
      vertex -13.375 4.18542 1.79
      vertex -13.7563 3.99739 1.79
    endloop
  endfacet
  facet normal 0 0 -1
    outer loop
      vertex -12.7019 4.7019 1.79
      vertex -13.7979 5.79792 1.79
      vertex -13.6513 5.96511 1.79
    endloop
  endfacet
  facet normal 0 0 -1
    outer loop
      vertex -13.0215 4.4216 1.79
      vertex -13.9651 5.6513 1.79
      vertex -13.7979 5.79792 1.79
    endloop
  endfacet
  facet normal 0 0 -1
    outer loop
      vertex -13.375 4.18542 1.79
      vertex -14.15 5.52776 1.79
      vertex -13.9651 5.6513 1.79
    endloop
  endfacet
  facet normal 0 0 -1
    outer loop
      vertex -14.3494 5.42941 1.79
      vertex -13.7563 3.99739 1.79
      vertex -14.1588 3.86074 1.79
    endloop
  endfacet
  facet normal 0 0 -1
    outer loop
      vertex -13.7563 3.99739 1.79
      vertex -14.3494 5.42941 1.79
      vertex -14.15 5.52776 1.79
    endloop
  endfacet
  facet normal 0 0 -1
    outer loop
      vertex -14.1588 3.86074 1.79
      vertex -14.56 5.35793 1.79
      vertex -14.3494 5.42941 1.79
    endloop
  endfacet
  facet normal 0 0 -1
    outer loop
      vertex -14.5758 3.7778 1.79
      vertex -14.56 5.35793 1.79
      vertex -14.1588 3.86074 1.79
    endloop
  endfacet
  facet normal 0 0 -1
    outer loop
      vertex -14.5758 3.7778 1.79
      vertex -14.7781 5.31454 1.79
      vertex -14.56 5.35793 1.79
    endloop
  endfacet
  facet normal 0 0 -1
    outer loop
      vertex -15 3.75 1.79
      vertex -14.7781 5.31454 1.79
      vertex -14.5758 3.7778 1.79
    endloop
  endfacet
  facet normal 0 0 -1
    outer loop
      vertex -15 3.75 1.79
      vertex -15 5.3 1.79
      vertex -14.7781 5.31454 1.79
    endloop
  endfacet
  facet normal 0 0 -1
    outer loop
      vertex -15 3.75 1.79
      vertex -15.2219 5.31454 1.79
      vertex -15 5.3 1.79
    endloop
  endfacet
  facet normal 0 0 -1
    outer loop
      vertex -15.4242 3.7778 1.79
      vertex -15.2219 5.31454 1.79
      vertex -15 3.75 1.79
    endloop
  endfacet
  facet normal 0 0 -1
    outer loop
      vertex -15.4242 3.7778 1.79
      vertex -15.44 5.35793 1.79
      vertex -15.2219 5.31454 1.79
    endloop
  endfacet
  facet normal 0 0 -1
    outer loop
      vertex -15.8412 3.86074 1.79
      vertex -15.44 5.35793 1.79
      vertex -15.4242 3.7778 1.79
    endloop
  endfacet
  facet normal -0 0 -1
    outer loop
      vertex -15.44 5.35793 1.79
      vertex -15.8412 3.86074 1.79
      vertex -15.6506 5.42941 1.79
    endloop
  endfacet
  facet normal 0 0 -1
    outer loop
      vertex -16.2437 3.99739 1.79
      vertex -15.6506 5.42941 1.79
      vertex -15.8412 3.86074 1.79
    endloop
  endfacet
  facet normal -0 0 -1
    outer loop
      vertex -15.6506 5.42941 1.79
      vertex -16.2437 3.99739 1.79
      vertex -15.85 5.52776 1.79
    endloop
  endfacet
  facet normal 0 0 -1
    outer loop
      vertex -16.625 4.18542 1.79
      vertex -15.85 5.52776 1.79
      vertex -16.2437 3.99739 1.79
    endloop
  endfacet
  facet normal -0 0 -1
    outer loop
      vertex -15.85 5.52776 1.79
      vertex -16.625 4.18542 1.79
      vertex -16.0349 5.6513 1.79
    endloop
  endfacet
  facet normal 0 0 -1
    outer loop
      vertex -16.9785 4.4216 1.79
      vertex -16.0349 5.6513 1.79
      vertex -16.625 4.18542 1.79
    endloop
  endfacet
  facet normal -0 0 -1
    outer loop
      vertex -16.0349 5.6513 1.79
      vertex -16.9785 4.4216 1.79
      vertex -16.2021 5.79792 1.79
    endloop
  endfacet
  facet normal 0 0 -1
    outer loop
      vertex -17.2981 4.7019 1.79
      vertex -16.2021 5.79792 1.79
      vertex -16.9785 4.4216 1.79
    endloop
  endfacet
  facet normal -0 0 -1
    outer loop
      vertex -16.2021 5.79792 1.79
      vertex -17.2981 4.7019 1.79
      vertex -16.3487 5.96511 1.79
    endloop
  endfacet
  facet normal 0 0 -1
    outer loop
      vertex -17.5784 5.02153 1.79
      vertex -16.3487 5.96511 1.79
      vertex -17.2981 4.7019 1.79
    endloop
  endfacet
  facet normal -0 0 -1
    outer loop
      vertex -16.3487 5.96511 1.79
      vertex -17.5784 5.02153 1.79
      vertex -16.4722 6.15 1.79
    endloop
  endfacet
  facet normal 0 0 -1
    outer loop
      vertex -17.8146 5.375 1.79
      vertex -16.4722 6.15 1.79
      vertex -17.5784 5.02153 1.79
    endloop
  endfacet
  facet normal -0 0 -1
    outer loop
      vertex -16.4722 6.15 1.79
      vertex -17.8146 5.375 1.79
      vertex -16.5706 6.34944 1.79
    endloop
  endfacet
  facet normal 0 0 -1
    outer loop
      vertex -13.5278 7.85 1.79
      vertex -12.1854 8.625 1.79
      vertex -13.4294 7.65056 1.79
    endloop
  endfacet
  facet normal -0 0 -1
    outer loop
      vertex -12.1854 8.625 1.79
      vertex -13.5278 7.85 1.79
      vertex -12.4216 8.97847 1.79
    endloop
  endfacet
  facet normal 0 0 -1
    outer loop
      vertex -13.6513 8.03489 1.79
      vertex -12.4216 8.97847 1.79
      vertex -13.5278 7.85 1.79
    endloop
  endfacet
  facet normal -0 0 -1
    outer loop
      vertex -12.4216 8.97847 1.79
      vertex -13.6513 8.03489 1.79
      vertex -12.7019 9.2981 1.79
    endloop
  endfacet
  facet normal 0 0 -1
    outer loop
      vertex -13.7979 8.20208 1.79
      vertex -12.7019 9.2981 1.79
      vertex -13.6513 8.03489 1.79
    endloop
  endfacet
  facet normal -0 0 -1
    outer loop
      vertex -12.7019 9.2981 1.79
      vertex -13.7979 8.20208 1.79
      vertex -13.0215 9.5784 1.79
    endloop
  endfacet
  facet normal 0 0 -1
    outer loop
      vertex -13.9651 8.3487 1.79
      vertex -13.0215 9.5784 1.79
      vertex -13.7979 8.20208 1.79
    endloop
  endfacet
  facet normal -0 0 -1
    outer loop
      vertex -13.0215 9.5784 1.79
      vertex -13.9651 8.3487 1.79
      vertex -13.375 9.81458 1.79
    endloop
  endfacet
  facet normal 0 0 -1
    outer loop
      vertex -14.15 8.47224 1.79
      vertex -13.375 9.81458 1.79
      vertex -13.9651 8.3487 1.79
    endloop
  endfacet
  facet normal -0 0 -1
    outer loop
      vertex -13.375 9.81458 1.79
      vertex -14.15 8.47224 1.79
      vertex -13.7563 10.0026 1.79
    endloop
  endfacet
  facet normal 0 0 -1
    outer loop
      vertex -14.3494 8.57059 1.79
      vertex -13.7563 10.0026 1.79
      vertex -14.15 8.47224 1.79
    endloop
  endfacet
  facet normal -0 0 -1
    outer loop
      vertex -13.7563 10.0026 1.79
      vertex -14.3494 8.57059 1.79
      vertex -14.1588 10.1393 1.79
    endloop
  endfacet
  facet normal 0 0 -1
    outer loop
      vertex -14.56 8.64207 1.79
      vertex -14.1588 10.1393 1.79
      vertex -14.3494 8.57059 1.79
    endloop
  endfacet
  facet normal 0 0 -1
    outer loop
      vertex -14.56 8.64207 1.79
      vertex -14.5758 10.2222 1.79
      vertex -14.1588 10.1393 1.79
    endloop
  endfacet
  facet normal 0 0 -1
    outer loop
      vertex -14.7781 8.68546 1.79
      vertex -14.5758 10.2222 1.79
      vertex -14.56 8.64207 1.79
    endloop
  endfacet
  facet normal 0 0 -1
    outer loop
      vertex -15 8.7 1.79
      vertex -14.5758 10.2222 1.79
      vertex -14.7781 8.68546 1.79
    endloop
  endfacet
  facet normal 0 0 -1
    outer loop
      vertex -15 8.7 1.79
      vertex -15 10.25 1.79
      vertex -14.5758 10.2222 1.79
    endloop
  endfacet
  facet normal 0 0 -1
    outer loop
      vertex -15.2219 8.68546 1.79
      vertex -15 10.25 1.79
      vertex -15 8.7 1.79
    endloop
  endfacet
  facet normal 0 0 -1
    outer loop
      vertex -15.2219 8.68546 1.79
      vertex -15.4242 10.2222 1.79
      vertex -15 10.25 1.79
    endloop
  endfacet
  facet normal 0 0 -1
    outer loop
      vertex -15.44 8.64207 1.79
      vertex -15.4242 10.2222 1.79
      vertex -15.2219 8.68546 1.79
    endloop
  endfacet
  facet normal 0 0 -1
    outer loop
      vertex -15.8412 10.1393 1.79
      vertex -15.44 8.64207 1.79
      vertex -15.6506 8.57059 1.79
    endloop
  endfacet
  facet normal 0 0 -1
    outer loop
      vertex -15.44 8.64207 1.79
      vertex -15.8412 10.1393 1.79
      vertex -15.4242 10.2222 1.79
    endloop
  endfacet
  facet normal 0 0 -1
    outer loop
      vertex -16.2437 10.0026 1.79
      vertex -15.6506 8.57059 1.79
      vertex -15.85 8.47224 1.79
    endloop
  endfacet
  facet normal 0 0 -1
    outer loop
      vertex -16.625 9.81458 1.79
      vertex -15.85 8.47224 1.79
      vertex -16.0349 8.3487 1.79
    endloop
  endfacet
  facet normal 0 0 -1
    outer loop
      vertex -16.9785 9.5784 1.79
      vertex -16.0349 8.3487 1.79
      vertex -16.2021 8.20208 1.79
    endloop
  endfacet
  facet normal 0 0 -1
    outer loop
      vertex -15.6506 8.57059 1.79
      vertex -16.2437 10.0026 1.79
      vertex -15.8412 10.1393 1.79
    endloop
  endfacet
  facet normal 0 0 -1
    outer loop
      vertex -17.2981 9.2981 1.79
      vertex -16.2021 8.20208 1.79
      vertex -16.3487 8.03489 1.79
    endloop
  endfacet
  facet normal 0 0 -1
    outer loop
      vertex -17.5784 8.97847 1.79
      vertex -16.3487 8.03489 1.79
      vertex -16.4722 7.85 1.79
    endloop
  endfacet
  facet normal 0 0 -1
    outer loop
      vertex -17.8146 8.625 1.79
      vertex -16.4722 7.85 1.79
      vertex -16.5706 7.65056 1.79
    endloop
  endfacet
  facet normal 0 0 -1
    outer loop
      vertex -15.85 8.47224 1.79
      vertex -16.625 9.81458 1.79
      vertex -16.2437 10.0026 1.79
    endloop
  endfacet
  facet normal 0 0 -1
    outer loop
      vertex -18.0026 8.24372 1.79
      vertex -16.5706 7.65056 1.79
      vertex -16.6421 7.43999 1.79
    endloop
  endfacet
  facet normal 0 0 -1
    outer loop
      vertex -18.1393 7.84116 1.79
      vertex -16.6421 7.43999 1.79
      vertex -16.6855 7.22189 1.79
    endloop
  endfacet
  facet normal 0 0 -1
    outer loop
      vertex -18.2222 7.42421 1.79
      vertex -16.6855 7.22189 1.79
      vertex -16.7 7 1.79
    endloop
  endfacet
  facet normal 0 0 -1
    outer loop
      vertex -18.0026 5.75628 1.79
      vertex -16.5706 6.34944 1.79
      vertex -17.8146 5.375 1.79
    endloop
  endfacet
  facet normal 0 0 -1
    outer loop
      vertex -16.0349 8.3487 1.79
      vertex -16.9785 9.5784 1.79
      vertex -16.625 9.81458 1.79
    endloop
  endfacet
  facet normal -0 0 -1
    outer loop
      vertex -16.5706 6.34944 1.79
      vertex -18.0026 5.75628 1.79
      vertex -16.6421 6.56001 1.79
    endloop
  endfacet
  facet normal 0 0 -1
    outer loop
      vertex -16.2021 8.20208 1.79
      vertex -17.2981 9.2981 1.79
      vertex -16.9785 9.5784 1.79
    endloop
  endfacet
  facet normal 0 0 -1
    outer loop
      vertex -18.1393 6.15884 1.79
      vertex -16.6421 6.56001 1.79
      vertex -18.0026 5.75628 1.79
    endloop
  endfacet
  facet normal 0 0 -1
    outer loop
      vertex -16.3487 8.03489 1.79
      vertex -17.5784 8.97847 1.79
      vertex -17.2981 9.2981 1.79
    endloop
  endfacet
  facet normal -0 0 -1
    outer loop
      vertex -16.6421 6.56001 1.79
      vertex -18.1393 6.15884 1.79
      vertex -16.6855 6.77811 1.79
    endloop
  endfacet
  facet normal 0 0 -1
    outer loop
      vertex -16.4722 7.85 1.79
      vertex -17.8146 8.625 1.79
      vertex -17.5784 8.97847 1.79
    endloop
  endfacet
  facet normal 0 0 -1
    outer loop
      vertex -18.2222 6.57579 1.79
      vertex -16.6855 6.77811 1.79
      vertex -18.1393 6.15884 1.79
    endloop
  endfacet
  facet normal 0 0 -1
    outer loop
      vertex -16.5706 7.65056 1.79
      vertex -18.0026 8.24372 1.79
      vertex -17.8146 8.625 1.79
    endloop
  endfacet
  facet normal -0 0 -1
    outer loop
      vertex -16.6855 6.77811 1.79
      vertex -18.2222 6.57579 1.79
      vertex -16.7 7 1.79
    endloop
  endfacet
  facet normal 0 0 -1
    outer loop
      vertex -16.6421 7.43999 1.79
      vertex -18.1393 7.84116 1.79
      vertex -18.0026 8.24372 1.79
    endloop
  endfacet
  facet normal 0 0 -1
    outer loop
      vertex -18.25 7 1.79
      vertex -16.7 7 1.79
      vertex -18.2222 6.57579 1.79
    endloop
  endfacet
  facet normal 0 0 -1
    outer loop
      vertex -16.6855 7.22189 1.79
      vertex -18.2222 7.42421 1.79
      vertex -18.1393 7.84116 1.79
    endloop
  endfacet
  facet normal 0 0 -1
    outer loop
      vertex -16.7 7 1.79
      vertex -18.25 7 1.79
      vertex -18.2222 7.42421 1.79
    endloop
  endfacet
  facet normal 0.946895 -0.321543 0
    outer loop
      vertex -18.1393 7.84116 1.79
      vertex -18.0026 8.24372 0
      vertex -18.0026 8.24372 1.79
    endloop
  endfacet
  facet normal 0.946895 -0.321543 0
    outer loop
      vertex -18.0026 8.24372 0
      vertex -18.1393 7.84116 1.79
      vertex -18.1393 7.84116 0
    endloop
  endfacet
  facet normal 0.980802 -0.195008 0
    outer loop
      vertex -18.2222 7.42421 1.79
      vertex -18.1393 7.84116 0
      vertex -18.1393 7.84116 1.79
    endloop
  endfacet
  facet normal 0.980802 -0.195008 0
    outer loop
      vertex -18.1393 7.84116 0
      vertex -18.2222 7.42421 1.79
      vertex -18.2222 7.42421 0
    endloop
  endfacet
  facet normal 0.831449 -0.555601 0
    outer loop
      vertex -17.8146 8.625 1.79
      vertex -17.5784 8.97847 0
      vertex -17.5784 8.97847 1.79
    endloop
  endfacet
  facet normal 0.831449 -0.555601 0
    outer loop
      vertex -17.5784 8.97847 0
      vertex -17.8146 8.625 1.79
      vertex -17.8146 8.625 0
    endloop
  endfacet
  facet normal 0.194985 -0.980806 0
    outer loop
      vertex -15.8412 10.1393 0
      vertex -15.4242 10.2222 1.79
      vertex -15.8412 10.1393 1.79
    endloop
  endfacet
  facet normal 0.194985 -0.980806 0
    outer loop
      vertex -15.4242 10.2222 1.79
      vertex -15.8412 10.1393 0
      vertex -15.4242 10.2222 0
    endloop
  endfacet
  facet normal 0.555536 -0.831493 0
    outer loop
      vertex -16.9785 9.5784 0
      vertex -16.625 9.81458 1.79
      vertex -16.9785 9.5784 1.79
    endloop
  endfacet
  facet normal 0.555536 -0.831493 0
    outer loop
      vertex -16.625 9.81458 1.79
      vertex -16.9785 9.5784 0
      vertex -16.625 9.81458 0
    endloop
  endfacet
  facet normal 0.442258 -0.896888 0
    outer loop
      vertex -16.625 9.81458 0
      vertex -16.2437 10.0026 1.79
      vertex -16.625 9.81458 1.79
    endloop
  endfacet
  facet normal 0.442258 -0.896888 0
    outer loop
      vertex -16.2437 10.0026 1.79
      vertex -16.625 9.81458 0
      vertex -16.2437 10.0026 0
    endloop
  endfacet
  facet normal -0.99786 0.0653933 0
    outer loop
      vertex -11.7778 6.57579 0
      vertex -11.75 7 1.79
      vertex -11.75 7 0
    endloop
  endfacet
  facet normal -0.99786 0.0653933 0
    outer loop
      vertex -11.75 7 1.79
      vertex -11.7778 6.57579 0
      vertex -11.7778 6.57579 1.79
    endloop
  endfacet
  facet normal -0.195076 0.980788 0
    outer loop
      vertex -14.1588 3.86074 0
      vertex -14.5758 3.7778 1.79
      vertex -14.1588 3.86074 1.79
    endloop
  endfacet
  facet normal -0.195076 0.980788 0
    outer loop
      vertex -14.5758 3.7778 1.79
      vertex -14.1588 3.86074 0
      vertex -14.5758 3.7778 0
    endloop
  endfacet
  facet normal -0.65937 0.751818 0
    outer loop
      vertex -12.7019 4.7019 0
      vertex -13.0215 4.4216 1.79
      vertex -12.7019 4.7019 1.79
    endloop
  endfacet
  facet normal -0.65937 0.751818 0
    outer loop
      vertex -13.0215 4.4216 1.79
      vertex -12.7019 4.7019 0
      vertex -13.0215 4.4216 0
    endloop
  endfacet
  facet normal -0.442277 0.896879 0
    outer loop
      vertex -13.375 4.18542 0
      vertex -13.7563 3.99739 1.79
      vertex -13.375 4.18542 1.79
    endloop
  endfacet
  facet normal -0.442277 0.896879 0
    outer loop
      vertex -13.7563 3.99739 1.79
      vertex -13.375 4.18542 0
      vertex -13.7563 3.99739 0
    endloop
  endfacet
  facet normal 0.321481 0.946916 -0
    outer loop
      vertex -15.8412 3.86074 0
      vertex -16.2437 3.99739 1.79
      vertex -15.8412 3.86074 1.79
    endloop
  endfacet
  facet normal 0.321481 0.946916 0
    outer loop
      vertex -16.2437 3.99739 1.79
      vertex -15.8412 3.86074 0
      vertex -16.2437 3.99739 0
    endloop
  endfacet
  facet normal 0.555536 0.831493 -0
    outer loop
      vertex -16.625 4.18542 0
      vertex -16.9785 4.4216 1.79
      vertex -16.625 4.18542 1.79
    endloop
  endfacet
  facet normal 0.555536 0.831493 0
    outer loop
      vertex -16.9785 4.4216 1.79
      vertex -16.625 4.18542 0
      vertex -16.9785 4.4216 0
    endloop
  endfacet
  facet normal 0.980802 0.195008 0
    outer loop
      vertex -18.1393 6.15884 1.79
      vertex -18.2222 6.57579 0
      vertex -18.2222 6.57579 1.79
    endloop
  endfacet
  facet normal 0.980802 0.195008 0
    outer loop
      vertex -18.2222 6.57579 0
      vertex -18.1393 6.15884 1.79
      vertex -18.1393 6.15884 0
    endloop
  endfacet
  facet normal 0.751849 0.659335 0
    outer loop
      vertex -17.2981 4.7019 1.79
      vertex -17.5784 5.02153 0
      vertex -17.5784 5.02153 1.79
    endloop
  endfacet
  facet normal 0.751849 0.659335 0
    outer loop
      vertex -17.5784 5.02153 0
      vertex -17.2981 4.7019 1.79
      vertex -17.2981 4.7019 0
    endloop
  endfacet
  facet normal 0.896897 0.442239 0
    outer loop
      vertex -17.8146 5.375 1.79
      vertex -18.0026 5.75628 0
      vertex -18.0026 5.75628 1.79
    endloop
  endfacet
  facet normal 0.896897 0.442239 0
    outer loop
      vertex -18.0026 5.75628 0
      vertex -17.8146 5.375 1.79
      vertex -17.8146 5.375 0
    endloop
  endfacet
  facet normal -0.980802 -0.195008 0
    outer loop
      vertex -11.7778 7.42421 0
      vertex -11.8607 7.84116 1.79
      vertex -11.8607 7.84116 0
    endloop
  endfacet
  facet normal -0.980802 -0.195008 0
    outer loop
      vertex -11.8607 7.84116 1.79
      vertex -11.7778 7.42421 0
      vertex -11.7778 7.42421 1.79
    endloop
  endfacet
  facet normal -0.980802 0.195008 0
    outer loop
      vertex -11.8607 6.15884 0
      vertex -11.7778 6.57579 1.79
      vertex -11.7778 6.57579 0
    endloop
  endfacet
  facet normal -0.980802 0.195008 0
    outer loop
      vertex -11.7778 6.57579 1.79
      vertex -11.8607 6.15884 0
      vertex -11.8607 6.15884 1.79
    endloop
  endfacet
  facet normal -0.896897 0.442239 0
    outer loop
      vertex -12.1854 5.375 0
      vertex -11.9974 5.75628 1.79
      vertex -11.9974 5.75628 0
    endloop
  endfacet
  facet normal -0.896897 0.442239 0
    outer loop
      vertex -11.9974 5.75628 1.79
      vertex -12.1854 5.375 0
      vertex -12.1854 5.375 1.79
    endloop
  endfacet
  facet normal -0.321481 0.946916 0
    outer loop
      vertex -13.7563 3.99739 0
      vertex -14.1588 3.86074 1.79
      vertex -13.7563 3.99739 1.79
    endloop
  endfacet
  facet normal -0.321481 0.946916 0
    outer loop
      vertex -14.1588 3.86074 1.79
      vertex -13.7563 3.99739 0
      vertex -14.1588 3.86074 0
    endloop
  endfacet
  facet normal -0.751849 0.659335 0
    outer loop
      vertex -12.7019 4.7019 0
      vertex -12.4216 5.02153 1.79
      vertex -12.4216 5.02153 0
    endloop
  endfacet
  facet normal -0.751849 0.659335 0
    outer loop
      vertex -12.4216 5.02153 1.79
      vertex -12.7019 4.7019 0
      vertex -12.7019 4.7019 1.79
    endloop
  endfacet
  facet normal -0.555536 0.831493 0
    outer loop
      vertex -13.0215 4.4216 0
      vertex -13.375 4.18542 1.79
      vertex -13.0215 4.4216 1.79
    endloop
  endfacet
  facet normal -0.555536 0.831493 0
    outer loop
      vertex -13.375 4.18542 1.79
      vertex -13.0215 4.4216 0
      vertex -13.375 4.18542 0
    endloop
  endfacet
  facet normal 0.195076 0.980788 -0
    outer loop
      vertex -15.4242 3.7778 0
      vertex -15.8412 3.86074 1.79
      vertex -15.4242 3.7778 1.79
    endloop
  endfacet
  facet normal 0.195076 0.980788 0
    outer loop
      vertex -15.8412 3.86074 1.79
      vertex -15.4242 3.7778 0
      vertex -15.8412 3.86074 0
    endloop
  endfacet
  facet normal 0.946895 0.321543 0
    outer loop
      vertex -18.0026 5.75628 1.79
      vertex -18.1393 6.15884 0
      vertex -18.1393 6.15884 1.79
    endloop
  endfacet
  facet normal 0.946895 0.321543 0
    outer loop
      vertex -18.1393 6.15884 0
      vertex -18.0026 5.75628 1.79
      vertex -18.0026 5.75628 0
    endloop
  endfacet
  facet normal 0.831449 0.555601 0
    outer loop
      vertex -17.5784 5.02153 1.79
      vertex -17.8146 5.375 0
      vertex -17.8146 5.375 1.79
    endloop
  endfacet
  facet normal 0.831449 0.555601 0
    outer loop
      vertex -17.8146 5.375 0
      vertex -17.5784 5.02153 1.79
      vertex -17.5784 5.02153 0
    endloop
  endfacet
  facet normal -0.555551 -0.831483 0
    outer loop
      vertex 15.85 8.47224 1.79
      vertex 16.0349 8.3487 14.8
      vertex 15.85 8.47224 14.8
    endloop
  endfacet
  facet normal -0.555551 -0.831483 -0
    outer loop
      vertex 16.0349 8.3487 14.8
      vertex 15.85 8.47224 1.79
      vertex 16.0349 8.3487 1.79
    endloop
  endfacet
  facet normal 0.321403 0.946943 -0
    outer loop
      vertex 14.56 5.35793 1.79
      vertex 14.3494 5.42941 14.8
      vertex 14.56 5.35793 14.8
    endloop
  endfacet
  facet normal 0.321403 0.946943 0
    outer loop
      vertex 14.3494 5.42941 14.8
      vertex 14.56 5.35793 1.79
      vertex 14.3494 5.42941 1.79
    endloop
  endfacet
  facet normal 0.321403 -0.946943 0
    outer loop
      vertex 14.3494 8.57059 1.79
      vertex 14.56 8.64207 14.8
      vertex 14.3494 8.57059 14.8
    endloop
  endfacet
  facet normal 0.321403 -0.946943 0
    outer loop
      vertex 14.56 8.64207 14.8
      vertex 14.3494 8.57059 1.79
      vertex 14.56 8.64207 1.79
    endloop
  endfacet
  facet normal 0.896789 -0.442459 0
    outer loop
      vertex 13.4294 7.65056 14.8
      vertex 13.5278 7.85 1.79
      vertex 13.5278 7.85 14.8
    endloop
  endfacet
  facet normal 0.896789 -0.442459 0
    outer loop
      vertex 13.5278 7.85 1.79
      vertex 13.4294 7.65056 14.8
      vertex 13.4294 7.65056 1.79
    endloop
  endfacet
  facet normal 0.442349 0.896843 -0
    outer loop
      vertex 14.3494 5.42941 1.79
      vertex 14.15 5.52776 14.8
      vertex 14.3494 5.42941 14.8
    endloop
  endfacet
  facet normal 0.442349 0.896843 0
    outer loop
      vertex 14.15 5.52776 14.8
      vertex 14.3494 5.42941 1.79
      vertex 14.15 5.52776 1.79
    endloop
  endfacet
  facet normal -0.896789 -0.442459 0
    outer loop
      vertex 16.5706 7.65056 1.79
      vertex 16.4722 7.85 14.8
      vertex 16.4722 7.85 1.79
    endloop
  endfacet
  facet normal -0.896789 -0.442459 0
    outer loop
      vertex 16.4722 7.85 14.8
      vertex 16.5706 7.65056 1.79
      vertex 16.5706 7.65056 14.8
    endloop
  endfacet
  facet normal -0.98077 -0.195165 0
    outer loop
      vertex 16.6855 7.22189 1.79
      vertex 16.6421 7.43999 14.8
      vertex 16.6421 7.43999 1.79
    endloop
  endfacet
  facet normal -0.98077 -0.195165 0
    outer loop
      vertex 16.6421 7.43999 14.8
      vertex 16.6855 7.22189 1.79
      vertex 16.6855 7.22189 14.8
    endloop
  endfacet
  facet normal -0.831552 -0.555447 0
    outer loop
      vertex 16.4722 7.85 1.79
      vertex 16.3487 8.03489 14.8
      vertex 16.3487 8.03489 1.79
    endloop
  endfacet
  facet normal -0.831552 -0.555447 0
    outer loop
      vertex 16.3487 8.03489 14.8
      vertex 16.4722 7.85 1.79
      vertex 16.4722 7.85 14.8
    endloop
  endfacet
  facet normal -0.321403 -0.946943 0
    outer loop
      vertex 15.44 8.64207 1.79
      vertex 15.6506 8.57059 14.8
      vertex 15.44 8.64207 14.8
    endloop
  endfacet
  facet normal -0.321403 -0.946943 -0
    outer loop
      vertex 15.6506 8.57059 14.8
      vertex 15.44 8.64207 1.79
      vertex 15.6506 8.57059 1.79
    endloop
  endfacet
  facet normal -0.0653848 -0.99786 0
    outer loop
      vertex 15 8.7 1.79
      vertex 15.2219 8.68546 14.8
      vertex 15 8.7 14.8
    endloop
  endfacet
  facet normal -0.0653848 -0.99786 -0
    outer loop
      vertex 15.2219 8.68546 14.8
      vertex 15 8.7 1.79
      vertex 15.2219 8.68546 1.79
    endloop
  endfacet
  facet normal 0.751888 -0.659291 0
    outer loop
      vertex 13.6513 8.03489 14.8
      vertex 13.7979 8.20208 1.79
      vertex 13.7979 8.20208 14.8
    endloop
  endfacet
  facet normal 0.751888 -0.659291 0
    outer loop
      vertex 13.7979 8.20208 1.79
      vertex 13.6513 8.03489 14.8
      vertex 13.6513 8.03489 1.79
    endloop
  endfacet
  facet normal 0.195122 -0.980779 0
    outer loop
      vertex 14.56 8.64207 1.79
      vertex 14.7781 8.68546 14.8
      vertex 14.56 8.64207 14.8
    endloop
  endfacet
  facet normal 0.195122 -0.980779 0
    outer loop
      vertex 14.7781 8.68546 14.8
      vertex 14.56 8.64207 1.79
      vertex 14.7781 8.68546 1.79
    endloop
  endfacet
  facet normal 0.659319 -0.751863 0
    outer loop
      vertex 13.7979 8.20208 1.79
      vertex 13.9651 8.3487 14.8
      vertex 13.7979 8.20208 14.8
    endloop
  endfacet
  facet normal 0.659319 -0.751863 0
    outer loop
      vertex 13.9651 8.3487 14.8
      vertex 13.7979 8.20208 1.79
      vertex 13.9651 8.3487 1.79
    endloop
  endfacet
  facet normal -0.997872 -0.0652086 0
    outer loop
      vertex 16.7 7 1.79
      vertex 16.6855 7.22189 14.8
      vertex 16.6855 7.22189 1.79
    endloop
  endfacet
  facet normal -0.997872 -0.0652086 0
    outer loop
      vertex 16.6855 7.22189 14.8
      vertex 16.7 7 1.79
      vertex 16.7 7 14.8
    endloop
  endfacet
  facet normal -0.321403 0.946943 0
    outer loop
      vertex 15.6506 5.42941 1.79
      vertex 15.44 5.35793 14.8
      vertex 15.6506 5.42941 14.8
    endloop
  endfacet
  facet normal -0.321403 0.946943 0
    outer loop
      vertex 15.44 5.35793 14.8
      vertex 15.6506 5.42941 1.79
      vertex 15.44 5.35793 1.79
    endloop
  endfacet
  facet normal -0.831552 0.555447 0
    outer loop
      vertex 16.3487 5.96511 1.79
      vertex 16.4722 6.15 14.8
      vertex 16.4722 6.15 1.79
    endloop
  endfacet
  facet normal -0.831552 0.555447 0
    outer loop
      vertex 16.4722 6.15 14.8
      vertex 16.3487 5.96511 1.79
      vertex 16.3487 5.96511 14.8
    endloop
  endfacet
  facet normal 0.195122 0.980779 -0
    outer loop
      vertex 14.7781 5.31454 1.79
      vertex 14.56 5.35793 14.8
      vertex 14.7781 5.31454 14.8
    endloop
  endfacet
  facet normal 0.195122 0.980779 0
    outer loop
      vertex 14.56 5.35793 14.8
      vertex 14.7781 5.31454 1.79
      vertex 14.56 5.35793 1.79
    endloop
  endfacet
  facet normal 0.659319 0.751863 -0
    outer loop
      vertex 13.9651 5.6513 1.79
      vertex 13.7979 5.79792 14.8
      vertex 13.9651 5.6513 14.8
    endloop
  endfacet
  facet normal 0.659319 0.751863 0
    outer loop
      vertex 13.7979 5.79792 14.8
      vertex 13.9651 5.6513 1.79
      vertex 13.7979 5.79792 1.79
    endloop
  endfacet
  facet normal -0.946901 -0.321525 0
    outer loop
      vertex 16.6421 7.43999 1.79
      vertex 16.5706 7.65056 14.8
      vertex 16.5706 7.65056 1.79
    endloop
  endfacet
  facet normal -0.946901 -0.321525 0
    outer loop
      vertex 16.5706 7.65056 14.8
      vertex 16.6421 7.43999 1.79
      vertex 16.6421 7.43999 14.8
    endloop
  endfacet
  facet normal -0.751888 -0.659291 0
    outer loop
      vertex 16.3487 8.03489 1.79
      vertex 16.2021 8.20208 14.8
      vertex 16.2021 8.20208 1.79
    endloop
  endfacet
  facet normal -0.751888 -0.659291 0
    outer loop
      vertex 16.2021 8.20208 14.8
      vertex 16.3487 8.03489 1.79
      vertex 16.3487 8.03489 14.8
    endloop
  endfacet
  facet normal -0.659319 -0.751863 0
    outer loop
      vertex 16.0349 8.3487 1.79
      vertex 16.2021 8.20208 14.8
      vertex 16.0349 8.3487 14.8
    endloop
  endfacet
  facet normal -0.659319 -0.751863 -0
    outer loop
      vertex 16.2021 8.20208 14.8
      vertex 16.0349 8.3487 1.79
      vertex 16.2021 8.20208 1.79
    endloop
  endfacet
  facet normal -0.442349 -0.896843 0
    outer loop
      vertex 15.6506 8.57059 1.79
      vertex 15.85 8.47224 14.8
      vertex 15.6506 8.57059 14.8
    endloop
  endfacet
  facet normal -0.442349 -0.896843 -0
    outer loop
      vertex 15.85 8.47224 14.8
      vertex 15.6506 8.57059 1.79
      vertex 15.85 8.47224 1.79
    endloop
  endfacet
  facet normal -0.195122 -0.980779 0
    outer loop
      vertex 15.2219 8.68546 1.79
      vertex 15.44 8.64207 14.8
      vertex 15.2219 8.68546 14.8
    endloop
  endfacet
  facet normal -0.195122 -0.980779 -0
    outer loop
      vertex 15.44 8.64207 14.8
      vertex 15.2219 8.68546 1.79
      vertex 15.44 8.64207 1.79
    endloop
  endfacet
  facet normal 0.997872 -0.0652086 0
    outer loop
      vertex 13.3 7 14.8
      vertex 13.3145 7.22189 1.79
      vertex 13.3145 7.22189 14.8
    endloop
  endfacet
  facet normal 0.997872 -0.0652086 0
    outer loop
      vertex 13.3145 7.22189 1.79
      vertex 13.3 7 14.8
      vertex 13.3 7 1.79
    endloop
  endfacet
  facet normal 0.946901 -0.321525 0
    outer loop
      vertex 13.3579 7.43999 14.8
      vertex 13.4294 7.65056 1.79
      vertex 13.4294 7.65056 14.8
    endloop
  endfacet
  facet normal 0.946901 -0.321525 0
    outer loop
      vertex 13.4294 7.65056 1.79
      vertex 13.3579 7.43999 14.8
      vertex 13.3579 7.43999 1.79
    endloop
  endfacet
  facet normal 0.831552 -0.555447 0
    outer loop
      vertex 13.5278 7.85 14.8
      vertex 13.6513 8.03489 1.79
      vertex 13.6513 8.03489 14.8
    endloop
  endfacet
  facet normal 0.831552 -0.555447 0
    outer loop
      vertex 13.6513 8.03489 1.79
      vertex 13.5278 7.85 14.8
      vertex 13.5278 7.85 1.79
    endloop
  endfacet
  facet normal 0.0653848 -0.99786 0
    outer loop
      vertex 14.7781 8.68546 1.79
      vertex 15 8.7 14.8
      vertex 14.7781 8.68546 14.8
    endloop
  endfacet
  facet normal 0.0653848 -0.99786 0
    outer loop
      vertex 15 8.7 14.8
      vertex 14.7781 8.68546 1.79
      vertex 15 8.7 1.79
    endloop
  endfacet
  facet normal 0.555551 -0.831483 0
    outer loop
      vertex 13.9651 8.3487 1.79
      vertex 14.15 8.47224 14.8
      vertex 13.9651 8.3487 14.8
    endloop
  endfacet
  facet normal 0.555551 -0.831483 0
    outer loop
      vertex 14.15 8.47224 14.8
      vertex 13.9651 8.3487 1.79
      vertex 14.15 8.47224 1.79
    endloop
  endfacet
  facet normal 0.442349 -0.896843 0
    outer loop
      vertex 14.15 8.47224 1.79
      vertex 14.3494 8.57059 14.8
      vertex 14.15 8.47224 14.8
    endloop
  endfacet
  facet normal 0.442349 -0.896843 0
    outer loop
      vertex 14.3494 8.57059 14.8
      vertex 14.15 8.47224 1.79
      vertex 14.3494 8.57059 1.79
    endloop
  endfacet
  facet normal -0.98077 0.195165 0
    outer loop
      vertex 16.6421 6.56001 1.79
      vertex 16.6855 6.77811 14.8
      vertex 16.6855 6.77811 1.79
    endloop
  endfacet
  facet normal -0.98077 0.195165 0
    outer loop
      vertex 16.6855 6.77811 14.8
      vertex 16.6421 6.56001 1.79
      vertex 16.6421 6.56001 14.8
    endloop
  endfacet
  facet normal -0.0653848 0.99786 0
    outer loop
      vertex 15.2219 5.31454 1.79
      vertex 15 5.3 14.8
      vertex 15.2219 5.31454 14.8
    endloop
  endfacet
  facet normal -0.0653848 0.99786 0
    outer loop
      vertex 15 5.3 14.8
      vertex 15.2219 5.31454 1.79
      vertex 15 5.3 1.79
    endloop
  endfacet
  facet normal -0.195122 0.980779 0
    outer loop
      vertex 15.44 5.35793 1.79
      vertex 15.2219 5.31454 14.8
      vertex 15.44 5.35793 14.8
    endloop
  endfacet
  facet normal -0.195122 0.980779 0
    outer loop
      vertex 15.2219 5.31454 14.8
      vertex 15.44 5.35793 1.79
      vertex 15.2219 5.31454 1.79
    endloop
  endfacet
  facet normal -0.659319 0.751863 0
    outer loop
      vertex 16.2021 5.79792 1.79
      vertex 16.0349 5.6513 14.8
      vertex 16.2021 5.79792 14.8
    endloop
  endfacet
  facet normal -0.659319 0.751863 0
    outer loop
      vertex 16.0349 5.6513 14.8
      vertex 16.2021 5.79792 1.79
      vertex 16.0349 5.6513 1.79
    endloop
  endfacet
  facet normal -0.442349 0.896843 0
    outer loop
      vertex 15.85 5.52776 1.79
      vertex 15.6506 5.42941 14.8
      vertex 15.85 5.52776 14.8
    endloop
  endfacet
  facet normal -0.442349 0.896843 0
    outer loop
      vertex 15.6506 5.42941 14.8
      vertex 15.85 5.52776 1.79
      vertex 15.6506 5.42941 1.79
    endloop
  endfacet
  facet normal -0.946901 0.321525 0
    outer loop
      vertex 16.5706 6.34944 1.79
      vertex 16.6421 6.56001 14.8
      vertex 16.6421 6.56001 1.79
    endloop
  endfacet
  facet normal -0.946901 0.321525 0
    outer loop
      vertex 16.6421 6.56001 14.8
      vertex 16.5706 6.34944 1.79
      vertex 16.5706 6.34944 14.8
    endloop
  endfacet
  facet normal 0.0653848 0.99786 -0
    outer loop
      vertex 15 5.3 1.79
      vertex 14.7781 5.31454 14.8
      vertex 15 5.3 14.8
    endloop
  endfacet
  facet normal 0.0653848 0.99786 0
    outer loop
      vertex 14.7781 5.31454 14.8
      vertex 15 5.3 1.79
      vertex 14.7781 5.31454 1.79
    endloop
  endfacet
  facet normal 0.555551 0.831483 -0
    outer loop
      vertex 14.15 5.52776 1.79
      vertex 13.9651 5.6513 14.8
      vertex 14.15 5.52776 14.8
    endloop
  endfacet
  facet normal 0.555551 0.831483 0
    outer loop
      vertex 13.9651 5.6513 14.8
      vertex 14.15 5.52776 1.79
      vertex 13.9651 5.6513 1.79
    endloop
  endfacet
  facet normal 0.946901 0.321525 0
    outer loop
      vertex 13.4294 6.34944 14.8
      vertex 13.3579 6.56001 1.79
      vertex 13.3579 6.56001 14.8
    endloop
  endfacet
  facet normal 0.946901 0.321525 0
    outer loop
      vertex 13.3579 6.56001 1.79
      vertex 13.4294 6.34944 14.8
      vertex 13.4294 6.34944 1.79
    endloop
  endfacet
  facet normal 0.997872 0.0652086 0
    outer loop
      vertex 13.3145 6.77811 14.8
      vertex 13.3 7 1.79
      vertex 13.3 7 14.8
    endloop
  endfacet
  facet normal 0.997872 0.0652086 0
    outer loop
      vertex 13.3 7 1.79
      vertex 13.3145 6.77811 14.8
      vertex 13.3145 6.77811 1.79
    endloop
  endfacet
  facet normal 0.751888 0.659291 0
    outer loop
      vertex 13.7979 5.79792 14.8
      vertex 13.6513 5.96511 1.79
      vertex 13.6513 5.96511 14.8
    endloop
  endfacet
  facet normal 0.751888 0.659291 0
    outer loop
      vertex 13.6513 5.96511 1.79
      vertex 13.7979 5.79792 14.8
      vertex 13.7979 5.79792 1.79
    endloop
  endfacet
  facet normal 0.896789 0.442459 0
    outer loop
      vertex 13.5278 6.15 14.8
      vertex 13.4294 6.34944 1.79
      vertex 13.4294 6.34944 14.8
    endloop
  endfacet
  facet normal 0.896789 0.442459 0
    outer loop
      vertex 13.4294 6.34944 1.79
      vertex 13.5278 6.15 14.8
      vertex 13.5278 6.15 1.79
    endloop
  endfacet
  facet normal 0.98077 -0.195165 0
    outer loop
      vertex 13.3145 7.22189 14.8
      vertex 13.3579 7.43999 1.79
      vertex 13.3579 7.43999 14.8
    endloop
  endfacet
  facet normal 0.98077 -0.195165 0
    outer loop
      vertex 13.3579 7.43999 1.79
      vertex 13.3145 7.22189 14.8
      vertex 13.3145 7.22189 1.79
    endloop
  endfacet
  facet normal -0.997872 0.0652086 0
    outer loop
      vertex 16.6855 6.77811 1.79
      vertex 16.7 7 14.8
      vertex 16.7 7 1.79
    endloop
  endfacet
  facet normal -0.997872 0.0652086 0
    outer loop
      vertex 16.7 7 14.8
      vertex 16.6855 6.77811 1.79
      vertex 16.6855 6.77811 14.8
    endloop
  endfacet
  facet normal -0.751888 0.659291 0
    outer loop
      vertex 16.2021 5.79792 1.79
      vertex 16.3487 5.96511 14.8
      vertex 16.3487 5.96511 1.79
    endloop
  endfacet
  facet normal -0.751888 0.659291 0
    outer loop
      vertex 16.3487 5.96511 14.8
      vertex 16.2021 5.79792 1.79
      vertex 16.2021 5.79792 14.8
    endloop
  endfacet
  facet normal -0.555551 0.831483 0
    outer loop
      vertex 16.0349 5.6513 1.79
      vertex 15.85 5.52776 14.8
      vertex 16.0349 5.6513 14.8
    endloop
  endfacet
  facet normal -0.555551 0.831483 0
    outer loop
      vertex 15.85 5.52776 14.8
      vertex 16.0349 5.6513 1.79
      vertex 15.85 5.52776 1.79
    endloop
  endfacet
  facet normal -0.896789 0.442459 0
    outer loop
      vertex 16.4722 6.15 1.79
      vertex 16.5706 6.34944 14.8
      vertex 16.5706 6.34944 1.79
    endloop
  endfacet
  facet normal -0.896789 0.442459 0
    outer loop
      vertex 16.5706 6.34944 14.8
      vertex 16.4722 6.15 1.79
      vertex 16.4722 6.15 14.8
    endloop
  endfacet
  facet normal 0.98077 0.195165 0
    outer loop
      vertex 13.3579 6.56001 14.8
      vertex 13.3145 6.77811 1.79
      vertex 13.3145 6.77811 14.8
    endloop
  endfacet
  facet normal 0.98077 0.195165 0
    outer loop
      vertex 13.3145 6.77811 1.79
      vertex 13.3579 6.56001 14.8
      vertex 13.3579 6.56001 1.79
    endloop
  endfacet
  facet normal 0.831552 0.555447 0
    outer loop
      vertex 13.6513 5.96511 14.8
      vertex 13.5278 6.15 1.79
      vertex 13.5278 6.15 14.8
    endloop
  endfacet
  facet normal 0.831552 0.555447 0
    outer loop
      vertex 13.5278 6.15 1.79
      vertex 13.6513 5.96511 14.8
      vertex 13.6513 5.96511 1.79
    endloop
  endfacet
  facet normal -0.555536 -0.831493 0
    outer loop
      vertex 16.625 9.81458 0
      vertex 16.9785 9.5784 1.79
      vertex 16.625 9.81458 1.79
    endloop
  endfacet
  facet normal -0.555536 -0.831493 -0
    outer loop
      vertex 16.9785 9.5784 1.79
      vertex 16.625 9.81458 0
      vertex 16.9785 9.5784 0
    endloop
  endfacet
  facet normal 0.321586 -0.94688 0
    outer loop
      vertex 13.7563 10.0026 0
      vertex 14.1588 10.1393 1.79
      vertex 13.7563 10.0026 1.79
    endloop
  endfacet
  facet normal 0.321586 -0.94688 0
    outer loop
      vertex 14.1588 10.1393 1.79
      vertex 13.7563 10.0026 0
      vertex 14.1588 10.1393 0
    endloop
  endfacet
  facet normal 0.896897 -0.442239 0
    outer loop
      vertex 11.9974 8.24372 1.79
      vertex 12.1854 8.625 0
      vertex 12.1854 8.625 1.79
    endloop
  endfacet
  facet normal 0.896897 -0.442239 0
    outer loop
      vertex 12.1854 8.625 0
      vertex 11.9974 8.24372 1.79
      vertex 11.9974 8.24372 0
    endloop
  endfacet
  facet normal 0.442277 0.896879 -0
    outer loop
      vertex 13.7563 3.99739 0
      vertex 13.375 4.18542 1.79
      vertex 13.7563 3.99739 1.79
    endloop
  endfacet
  facet normal 0.442277 0.896879 0
    outer loop
      vertex 13.375 4.18542 1.79
      vertex 13.7563 3.99739 0
      vertex 13.375 4.18542 0
    endloop
  endfacet
  facet normal -0.896897 -0.442239 0
    outer loop
      vertex 18.0026 8.24372 0
      vertex 17.8146 8.625 1.79
      vertex 17.8146 8.625 0
    endloop
  endfacet
  facet normal -0.896897 -0.442239 0
    outer loop
      vertex 17.8146 8.625 1.79
      vertex 18.0026 8.24372 0
      vertex 18.0026 8.24372 1.79
    endloop
  endfacet
  facet normal -0.831449 -0.555601 0
    outer loop
      vertex 17.8146 8.625 0
      vertex 17.5784 8.97847 1.79
      vertex 17.5784 8.97847 0
    endloop
  endfacet
  facet normal -0.831449 -0.555601 0
    outer loop
      vertex 17.5784 8.97847 1.79
      vertex 17.8146 8.625 0
      vertex 17.8146 8.625 1.79
    endloop
  endfacet
  facet normal -0.442258 -0.896888 0
    outer loop
      vertex 16.2437 10.0026 0
      vertex 16.625 9.81458 1.79
      vertex 16.2437 10.0026 1.79
    endloop
  endfacet
  facet normal -0.442258 -0.896888 -0
    outer loop
      vertex 16.625 9.81458 1.79
      vertex 16.2437 10.0026 0
      vertex 16.625 9.81458 0
    endloop
  endfacet
  facet normal -0.0653948 -0.997859 0
    outer loop
      vertex 15 10.25 0
      vertex 15.4242 10.2222 1.79
      vertex 15 10.25 1.79
    endloop
  endfacet
  facet normal -0.0653948 -0.997859 -0
    outer loop
      vertex 15.4242 10.2222 1.79
      vertex 15 10.25 0
      vertex 15.4242 10.2222 0
    endloop
  endfacet
  facet normal 0.99786 -0.0653933 0
    outer loop
      vertex 11.75 7 1.79
      vertex 11.7778 7.42421 0
      vertex 11.7778 7.42421 1.79
    endloop
  endfacet
  facet normal 0.99786 -0.0653933 0
    outer loop
      vertex 11.7778 7.42421 0
      vertex 11.75 7 1.79
      vertex 11.75 7 0
    endloop
  endfacet
  facet normal 0.751849 -0.659335 0
    outer loop
      vertex 12.4216 8.97847 1.79
      vertex 12.7019 9.2981 0
      vertex 12.7019 9.2981 1.79
    endloop
  endfacet
  facet normal 0.751849 -0.659335 0
    outer loop
      vertex 12.7019 9.2981 0
      vertex 12.4216 8.97847 1.79
      vertex 12.4216 8.97847 0
    endloop
  endfacet
  facet normal 0.0653948 -0.997859 0
    outer loop
      vertex 14.5758 10.2222 0
      vertex 15 10.25 1.79
      vertex 14.5758 10.2222 1.79
    endloop
  endfacet
  facet normal 0.0653948 -0.997859 0
    outer loop
      vertex 15 10.25 1.79
      vertex 14.5758 10.2222 0
      vertex 15 10.25 0
    endloop
  endfacet
  facet normal 0.65937 -0.751818 0
    outer loop
      vertex 12.7019 9.2981 0
      vertex 13.0215 9.5784 1.79
      vertex 12.7019 9.2981 1.79
    endloop
  endfacet
  facet normal 0.65937 -0.751818 0
    outer loop
      vertex 13.0215 9.5784 1.79
      vertex 12.7019 9.2981 0
      vertex 13.0215 9.5784 0
    endloop
  endfacet
  facet normal -0.99786 -0.0653933 0
    outer loop
      vertex 18.25 7 0
      vertex 18.2222 7.42421 1.79
      vertex 18.2222 7.42421 0
    endloop
  endfacet
  facet normal -0.99786 -0.0653933 0
    outer loop
      vertex 18.2222 7.42421 1.79
      vertex 18.25 7 0
      vertex 18.25 7 1.79
    endloop
  endfacet
  facet normal -0.0653948 0.997859 0
    outer loop
      vertex 15.4242 3.7778 0
      vertex 15 3.75 1.79
      vertex 15.4242 3.7778 1.79
    endloop
  endfacet
  facet normal -0.0653948 0.997859 0
    outer loop
      vertex 15 3.75 1.79
      vertex 15.4242 3.7778 0
      vertex 15 3.75 0
    endloop
  endfacet
  facet normal -0.831449 0.555601 0
    outer loop
      vertex 17.5784 5.02153 0
      vertex 17.8146 5.375 1.79
      vertex 17.8146 5.375 0
    endloop
  endfacet
  facet normal -0.831449 0.555601 0
    outer loop
      vertex 17.8146 5.375 1.79
      vertex 17.5784 5.02153 0
      vertex 17.5784 5.02153 1.79
    endloop
  endfacet
  facet normal -0.946895 0.321543 0
    outer loop
      vertex 18.0026 5.75628 0
      vertex 18.1393 6.15884 1.79
      vertex 18.1393 6.15884 0
    endloop
  endfacet
  facet normal -0.946895 0.321543 0
    outer loop
      vertex 18.1393 6.15884 1.79
      vertex 18.0026 5.75628 0
      vertex 18.0026 5.75628 1.79
    endloop
  endfacet
  facet normal 0.0653948 0.997859 -0
    outer loop
      vertex 15 3.75 0
      vertex 14.5758 3.7778 1.79
      vertex 15 3.75 1.79
    endloop
  endfacet
  facet normal 0.0653948 0.997859 0
    outer loop
      vertex 14.5758 3.7778 1.79
      vertex 15 3.75 0
      vertex 14.5758 3.7778 0
    endloop
  endfacet
  facet normal 0.65937 0.751818 -0
    outer loop
      vertex 13.0215 4.4216 0
      vertex 12.7019 4.7019 1.79
      vertex 13.0215 4.4216 1.79
    endloop
  endfacet
  facet normal 0.65937 0.751818 0
    outer loop
      vertex 12.7019 4.7019 1.79
      vertex 13.0215 4.4216 0
      vertex 12.7019 4.7019 0
    endloop
  endfacet
  facet normal 0.99786 0.0653933 0
    outer loop
      vertex 11.7778 6.57579 1.79
      vertex 11.75 7 0
      vertex 11.75 7 1.79
    endloop
  endfacet
  facet normal 0.99786 0.0653933 0
    outer loop
      vertex 11.75 7 0
      vertex 11.7778 6.57579 1.79
      vertex 11.7778 6.57579 0
    endloop
  endfacet
  facet normal -0.946895 -0.321543 0
    outer loop
      vertex 18.1393 7.84116 0
      vertex 18.0026 8.24372 1.79
      vertex 18.0026 8.24372 0
    endloop
  endfacet
  facet normal -0.946895 -0.321543 0
    outer loop
      vertex 18.0026 8.24372 1.79
      vertex 18.1393 7.84116 0
      vertex 18.1393 7.84116 1.79
    endloop
  endfacet
  facet normal -0.751849 -0.659335 0
    outer loop
      vertex 17.5784 8.97847 0
      vertex 17.2981 9.2981 1.79
      vertex 17.2981 9.2981 0
    endloop
  endfacet
  facet normal -0.751849 -0.659335 0
    outer loop
      vertex 17.2981 9.2981 1.79
      vertex 17.5784 8.97847 0
      vertex 17.5784 8.97847 1.79
    endloop
  endfacet
  facet normal -0.65937 -0.751818 0
    outer loop
      vertex 16.9785 9.5784 0
      vertex 17.2981 9.2981 1.79
      vertex 16.9785 9.5784 1.79
    endloop
  endfacet
  facet normal -0.65937 -0.751818 -0
    outer loop
      vertex 17.2981 9.2981 1.79
      vertex 16.9785 9.5784 0
      vertex 17.2981 9.2981 0
    endloop
  endfacet
  facet normal -0.321586 -0.94688 0
    outer loop
      vertex 15.8412 10.1393 0
      vertex 16.2437 10.0026 1.79
      vertex 15.8412 10.1393 1.79
    endloop
  endfacet
  facet normal -0.321586 -0.94688 -0
    outer loop
      vertex 16.2437 10.0026 1.79
      vertex 15.8412 10.1393 0
      vertex 16.2437 10.0026 0
    endloop
  endfacet
  facet normal -0.194985 -0.980806 0
    outer loop
      vertex 15.4242 10.2222 0
      vertex 15.8412 10.1393 1.79
      vertex 15.4242 10.2222 1.79
    endloop
  endfacet
  facet normal -0.194985 -0.980806 -0
    outer loop
      vertex 15.8412 10.1393 1.79
      vertex 15.4242 10.2222 0
      vertex 15.8412 10.1393 0
    endloop
  endfacet
  facet normal 0 0 -1
    outer loop
      vertex 16.7 7 1.79
      vertex 18.25 7 1.79
      vertex 18.2222 6.57579 1.79
    endloop
  endfacet
  facet normal 0 0 -1
    outer loop
      vertex 16.6855 6.77811 1.79
      vertex 18.2222 6.57579 1.79
      vertex 18.1393 6.15884 1.79
    endloop
  endfacet
  facet normal 0 0 -1
    outer loop
      vertex 18.25 7 1.79
      vertex 16.7 7 1.79
      vertex 18.2222 7.42421 1.79
    endloop
  endfacet
  facet normal 0 0 -1
    outer loop
      vertex 16.6421 6.56001 1.79
      vertex 18.1393 6.15884 1.79
      vertex 18.0026 5.75628 1.79
    endloop
  endfacet
  facet normal 0 0 -1
    outer loop
      vertex 16.6855 7.22189 1.79
      vertex 18.2222 7.42421 1.79
      vertex 16.7 7 1.79
    endloop
  endfacet
  facet normal 0 0 -1
    outer loop
      vertex 16.5706 6.34944 1.79
      vertex 18.0026 5.75628 1.79
      vertex 17.8146 5.375 1.79
    endloop
  endfacet
  facet normal -0 0 -1
    outer loop
      vertex 18.2222 7.42421 1.79
      vertex 16.6855 7.22189 1.79
      vertex 18.1393 7.84116 1.79
    endloop
  endfacet
  facet normal 0 0 -1
    outer loop
      vertex 16.4722 6.15 1.79
      vertex 17.8146 5.375 1.79
      vertex 17.5784 5.02153 1.79
    endloop
  endfacet
  facet normal 0 0 -1
    outer loop
      vertex 16.6421 7.43999 1.79
      vertex 18.1393 7.84116 1.79
      vertex 16.6855 7.22189 1.79
    endloop
  endfacet
  facet normal 0 0 -1
    outer loop
      vertex 16.3487 5.96511 1.79
      vertex 17.5784 5.02153 1.79
      vertex 17.2981 4.7019 1.79
    endloop
  endfacet
  facet normal -0 0 -1
    outer loop
      vertex 18.1393 7.84116 1.79
      vertex 16.6421 7.43999 1.79
      vertex 18.0026 8.24372 1.79
    endloop
  endfacet
  facet normal 0 0 -1
    outer loop
      vertex 16.2021 5.79792 1.79
      vertex 17.2981 4.7019 1.79
      vertex 16.9785 4.4216 1.79
    endloop
  endfacet
  facet normal 0 0 -1
    outer loop
      vertex 16.5706 7.65056 1.79
      vertex 18.0026 8.24372 1.79
      vertex 16.6421 7.43999 1.79
    endloop
  endfacet
  facet normal -0 0 -1
    outer loop
      vertex 18.0026 8.24372 1.79
      vertex 16.5706 7.65056 1.79
      vertex 17.8146 8.625 1.79
    endloop
  endfacet
  facet normal 0 0 -1
    outer loop
      vertex 18.2222 6.57579 1.79
      vertex 16.6855 6.77811 1.79
      vertex 16.7 7 1.79
    endloop
  endfacet
  facet normal 0 0 -1
    outer loop
      vertex 18.1393 6.15884 1.79
      vertex 16.6421 6.56001 1.79
      vertex 16.6855 6.77811 1.79
    endloop
  endfacet
  facet normal 0 0 -1
    outer loop
      vertex 16.0349 5.6513 1.79
      vertex 16.9785 4.4216 1.79
      vertex 16.625 4.18542 1.79
    endloop
  endfacet
  facet normal 0 0 -1
    outer loop
      vertex 18.0026 5.75628 1.79
      vertex 16.5706 6.34944 1.79
      vertex 16.6421 6.56001 1.79
    endloop
  endfacet
  facet normal 0 0 -1
    outer loop
      vertex 17.8146 5.375 1.79
      vertex 16.4722 6.15 1.79
      vertex 16.5706 6.34944 1.79
    endloop
  endfacet
  facet normal 0 0 -1
    outer loop
      vertex 17.5784 5.02153 1.79
      vertex 16.3487 5.96511 1.79
      vertex 16.4722 6.15 1.79
    endloop
  endfacet
  facet normal 0 0 -1
    outer loop
      vertex 15.85 5.52776 1.79
      vertex 16.625 4.18542 1.79
      vertex 16.2437 3.99739 1.79
    endloop
  endfacet
  facet normal 0 0 -1
    outer loop
      vertex 17.2981 4.7019 1.79
      vertex 16.2021 5.79792 1.79
      vertex 16.3487 5.96511 1.79
    endloop
  endfacet
  facet normal 0 0 -1
    outer loop
      vertex 16.9785 4.4216 1.79
      vertex 16.0349 5.6513 1.79
      vertex 16.2021 5.79792 1.79
    endloop
  endfacet
  facet normal 0 0 -1
    outer loop
      vertex 16.625 4.18542 1.79
      vertex 15.85 5.52776 1.79
      vertex 16.0349 5.6513 1.79
    endloop
  endfacet
  facet normal 0 0 -1
    outer loop
      vertex 15.6506 5.42941 1.79
      vertex 16.2437 3.99739 1.79
      vertex 15.8412 3.86074 1.79
    endloop
  endfacet
  facet normal 0 0 -1
    outer loop
      vertex 16.2437 3.99739 1.79
      vertex 15.6506 5.42941 1.79
      vertex 15.85 5.52776 1.79
    endloop
  endfacet
  facet normal 0 0 -1
    outer loop
      vertex 15.8412 3.86074 1.79
      vertex 15.44 5.35793 1.79
      vertex 15.6506 5.42941 1.79
    endloop
  endfacet
  facet normal 0 0 -1
    outer loop
      vertex 15.4242 3.7778 1.79
      vertex 15.44 5.35793 1.79
      vertex 15.8412 3.86074 1.79
    endloop
  endfacet
  facet normal 0 0 -1
    outer loop
      vertex 15.4242 3.7778 1.79
      vertex 15.2219 5.31454 1.79
      vertex 15.44 5.35793 1.79
    endloop
  endfacet
  facet normal 0 0 -1
    outer loop
      vertex 15 3.75 1.79
      vertex 15.2219 5.31454 1.79
      vertex 15.4242 3.7778 1.79
    endloop
  endfacet
  facet normal 0 0 -1
    outer loop
      vertex 15 3.75 1.79
      vertex 15 5.3 1.79
      vertex 15.2219 5.31454 1.79
    endloop
  endfacet
  facet normal 0 0 -1
    outer loop
      vertex 15 3.75 1.79
      vertex 14.7781 5.31454 1.79
      vertex 15 5.3 1.79
    endloop
  endfacet
  facet normal 0 0 -1
    outer loop
      vertex 14.5758 3.7778 1.79
      vertex 14.7781 5.31454 1.79
      vertex 15 3.75 1.79
    endloop
  endfacet
  facet normal 0 0 -1
    outer loop
      vertex 14.5758 3.7778 1.79
      vertex 14.56 5.35793 1.79
      vertex 14.7781 5.31454 1.79
    endloop
  endfacet
  facet normal 0 0 -1
    outer loop
      vertex 14.1588 3.86074 1.79
      vertex 14.56 5.35793 1.79
      vertex 14.5758 3.7778 1.79
    endloop
  endfacet
  facet normal -0 0 -1
    outer loop
      vertex 14.56 5.35793 1.79
      vertex 14.1588 3.86074 1.79
      vertex 14.3494 5.42941 1.79
    endloop
  endfacet
  facet normal 0 0 -1
    outer loop
      vertex 13.7563 3.99739 1.79
      vertex 14.3494 5.42941 1.79
      vertex 14.1588 3.86074 1.79
    endloop
  endfacet
  facet normal -0 0 -1
    outer loop
      vertex 14.3494 5.42941 1.79
      vertex 13.7563 3.99739 1.79
      vertex 14.15 5.52776 1.79
    endloop
  endfacet
  facet normal 0 0 -1
    outer loop
      vertex 13.375 4.18542 1.79
      vertex 14.15 5.52776 1.79
      vertex 13.7563 3.99739 1.79
    endloop
  endfacet
  facet normal -0 0 -1
    outer loop
      vertex 14.15 5.52776 1.79
      vertex 13.375 4.18542 1.79
      vertex 13.9651 5.6513 1.79
    endloop
  endfacet
  facet normal 0 0 -1
    outer loop
      vertex 13.0215 4.4216 1.79
      vertex 13.9651 5.6513 1.79
      vertex 13.375 4.18542 1.79
    endloop
  endfacet
  facet normal -0 0 -1
    outer loop
      vertex 13.9651 5.6513 1.79
      vertex 13.0215 4.4216 1.79
      vertex 13.7979 5.79792 1.79
    endloop
  endfacet
  facet normal 0 0 -1
    outer loop
      vertex 12.7019 4.7019 1.79
      vertex 13.7979 5.79792 1.79
      vertex 13.0215 4.4216 1.79
    endloop
  endfacet
  facet normal -0 0 -1
    outer loop
      vertex 13.7979 5.79792 1.79
      vertex 12.7019 4.7019 1.79
      vertex 13.6513 5.96511 1.79
    endloop
  endfacet
  facet normal 0 0 -1
    outer loop
      vertex 12.4216 5.02153 1.79
      vertex 13.6513 5.96511 1.79
      vertex 12.7019 4.7019 1.79
    endloop
  endfacet
  facet normal -0 0 -1
    outer loop
      vertex 13.6513 5.96511 1.79
      vertex 12.4216 5.02153 1.79
      vertex 13.5278 6.15 1.79
    endloop
  endfacet
  facet normal 0 0 -1
    outer loop
      vertex 12.1854 5.375 1.79
      vertex 13.5278 6.15 1.79
      vertex 12.4216 5.02153 1.79
    endloop
  endfacet
  facet normal -0 0 -1
    outer loop
      vertex 13.5278 6.15 1.79
      vertex 12.1854 5.375 1.79
      vertex 13.4294 6.34944 1.79
    endloop
  endfacet
  facet normal 0 0 -1
    outer loop
      vertex 16.4722 7.85 1.79
      vertex 17.8146 8.625 1.79
      vertex 16.5706 7.65056 1.79
    endloop
  endfacet
  facet normal -0 0 -1
    outer loop
      vertex 17.8146 8.625 1.79
      vertex 16.4722 7.85 1.79
      vertex 17.5784 8.97847 1.79
    endloop
  endfacet
  facet normal 0 0 -1
    outer loop
      vertex 16.3487 8.03489 1.79
      vertex 17.5784 8.97847 1.79
      vertex 16.4722 7.85 1.79
    endloop
  endfacet
  facet normal -0 0 -1
    outer loop
      vertex 17.5784 8.97847 1.79
      vertex 16.3487 8.03489 1.79
      vertex 17.2981 9.2981 1.79
    endloop
  endfacet
  facet normal 0 0 -1
    outer loop
      vertex 16.2021 8.20208 1.79
      vertex 17.2981 9.2981 1.79
      vertex 16.3487 8.03489 1.79
    endloop
  endfacet
  facet normal -0 0 -1
    outer loop
      vertex 17.2981 9.2981 1.79
      vertex 16.2021 8.20208 1.79
      vertex 16.9785 9.5784 1.79
    endloop
  endfacet
  facet normal 0 0 -1
    outer loop
      vertex 16.0349 8.3487 1.79
      vertex 16.9785 9.5784 1.79
      vertex 16.2021 8.20208 1.79
    endloop
  endfacet
  facet normal -0 0 -1
    outer loop
      vertex 16.9785 9.5784 1.79
      vertex 16.0349 8.3487 1.79
      vertex 16.625 9.81458 1.79
    endloop
  endfacet
  facet normal 0 0 -1
    outer loop
      vertex 15.85 8.47224 1.79
      vertex 16.625 9.81458 1.79
      vertex 16.0349 8.3487 1.79
    endloop
  endfacet
  facet normal -0 0 -1
    outer loop
      vertex 16.625 9.81458 1.79
      vertex 15.85 8.47224 1.79
      vertex 16.2437 10.0026 1.79
    endloop
  endfacet
  facet normal 0 0 -1
    outer loop
      vertex 15.6506 8.57059 1.79
      vertex 16.2437 10.0026 1.79
      vertex 15.85 8.47224 1.79
    endloop
  endfacet
  facet normal -0 0 -1
    outer loop
      vertex 16.2437 10.0026 1.79
      vertex 15.6506 8.57059 1.79
      vertex 15.8412 10.1393 1.79
    endloop
  endfacet
  facet normal 0 0 -1
    outer loop
      vertex 15.44 8.64207 1.79
      vertex 15.8412 10.1393 1.79
      vertex 15.6506 8.57059 1.79
    endloop
  endfacet
  facet normal 0 0 -1
    outer loop
      vertex 15.44 8.64207 1.79
      vertex 15.4242 10.2222 1.79
      vertex 15.8412 10.1393 1.79
    endloop
  endfacet
  facet normal 0 0 -1
    outer loop
      vertex 15.2219 8.68546 1.79
      vertex 15.4242 10.2222 1.79
      vertex 15.44 8.64207 1.79
    endloop
  endfacet
  facet normal 0 0 -1
    outer loop
      vertex 15 8.7 1.79
      vertex 15.4242 10.2222 1.79
      vertex 15.2219 8.68546 1.79
    endloop
  endfacet
  facet normal 0 0 -1
    outer loop
      vertex 15 8.7 1.79
      vertex 15 10.25 1.79
      vertex 15.4242 10.2222 1.79
    endloop
  endfacet
  facet normal 0 0 -1
    outer loop
      vertex 14.7781 8.68546 1.79
      vertex 15 10.25 1.79
      vertex 15 8.7 1.79
    endloop
  endfacet
  facet normal 0 0 -1
    outer loop
      vertex 14.7781 8.68546 1.79
      vertex 14.5758 10.2222 1.79
      vertex 15 10.25 1.79
    endloop
  endfacet
  facet normal 0 0 -1
    outer loop
      vertex 14.56 8.64207 1.79
      vertex 14.5758 10.2222 1.79
      vertex 14.7781 8.68546 1.79
    endloop
  endfacet
  facet normal 0 0 -1
    outer loop
      vertex 14.1588 10.1393 1.79
      vertex 14.56 8.64207 1.79
      vertex 14.3494 8.57059 1.79
    endloop
  endfacet
  facet normal 0 0 -1
    outer loop
      vertex 14.56 8.64207 1.79
      vertex 14.1588 10.1393 1.79
      vertex 14.5758 10.2222 1.79
    endloop
  endfacet
  facet normal 0 0 -1
    outer loop
      vertex 13.7563 10.0026 1.79
      vertex 14.3494 8.57059 1.79
      vertex 14.15 8.47224 1.79
    endloop
  endfacet
  facet normal 0 0 -1
    outer loop
      vertex 13.375 9.81458 1.79
      vertex 14.15 8.47224 1.79
      vertex 13.9651 8.3487 1.79
    endloop
  endfacet
  facet normal 0 0 -1
    outer loop
      vertex 13.0215 9.5784 1.79
      vertex 13.9651 8.3487 1.79
      vertex 13.7979 8.20208 1.79
    endloop
  endfacet
  facet normal 0 0 -1
    outer loop
      vertex 14.3494 8.57059 1.79
      vertex 13.7563 10.0026 1.79
      vertex 14.1588 10.1393 1.79
    endloop
  endfacet
  facet normal 0 0 -1
    outer loop
      vertex 12.7019 9.2981 1.79
      vertex 13.7979 8.20208 1.79
      vertex 13.6513 8.03489 1.79
    endloop
  endfacet
  facet normal 0 0 -1
    outer loop
      vertex 12.4216 8.97847 1.79
      vertex 13.6513 8.03489 1.79
      vertex 13.5278 7.85 1.79
    endloop
  endfacet
  facet normal 0 0 -1
    outer loop
      vertex 12.1854 8.625 1.79
      vertex 13.5278 7.85 1.79
      vertex 13.4294 7.65056 1.79
    endloop
  endfacet
  facet normal 0 0 -1
    outer loop
      vertex 14.15 8.47224 1.79
      vertex 13.375 9.81458 1.79
      vertex 13.7563 10.0026 1.79
    endloop
  endfacet
  facet normal 0 0 -1
    outer loop
      vertex 11.9974 8.24372 1.79
      vertex 13.4294 7.65056 1.79
      vertex 13.3579 7.43999 1.79
    endloop
  endfacet
  facet normal 0 0 -1
    outer loop
      vertex 11.8607 7.84116 1.79
      vertex 13.3579 7.43999 1.79
      vertex 13.3145 7.22189 1.79
    endloop
  endfacet
  facet normal 0 0 -1
    outer loop
      vertex 11.7778 7.42421 1.79
      vertex 13.3145 7.22189 1.79
      vertex 13.3 7 1.79
    endloop
  endfacet
  facet normal 0 0 -1
    outer loop
      vertex 11.9974 5.75628 1.79
      vertex 13.4294 6.34944 1.79
      vertex 12.1854 5.375 1.79
    endloop
  endfacet
  facet normal 0 0 -1
    outer loop
      vertex 13.9651 8.3487 1.79
      vertex 13.0215 9.5784 1.79
      vertex 13.375 9.81458 1.79
    endloop
  endfacet
  facet normal -0 0 -1
    outer loop
      vertex 13.4294 6.34944 1.79
      vertex 11.9974 5.75628 1.79
      vertex 13.3579 6.56001 1.79
    endloop
  endfacet
  facet normal 0 0 -1
    outer loop
      vertex 13.7979 8.20208 1.79
      vertex 12.7019 9.2981 1.79
      vertex 13.0215 9.5784 1.79
    endloop
  endfacet
  facet normal 0 0 -1
    outer loop
      vertex 11.8607 6.15884 1.79
      vertex 13.3579 6.56001 1.79
      vertex 11.9974 5.75628 1.79
    endloop
  endfacet
  facet normal 0 0 -1
    outer loop
      vertex 13.6513 8.03489 1.79
      vertex 12.4216 8.97847 1.79
      vertex 12.7019 9.2981 1.79
    endloop
  endfacet
  facet normal -0 0 -1
    outer loop
      vertex 13.3579 6.56001 1.79
      vertex 11.8607 6.15884 1.79
      vertex 13.3145 6.77811 1.79
    endloop
  endfacet
  facet normal 0 0 -1
    outer loop
      vertex 13.5278 7.85 1.79
      vertex 12.1854 8.625 1.79
      vertex 12.4216 8.97847 1.79
    endloop
  endfacet
  facet normal 0 0 -1
    outer loop
      vertex 11.7778 6.57579 1.79
      vertex 13.3145 6.77811 1.79
      vertex 11.8607 6.15884 1.79
    endloop
  endfacet
  facet normal 0 0 -1
    outer loop
      vertex 13.4294 7.65056 1.79
      vertex 11.9974 8.24372 1.79
      vertex 12.1854 8.625 1.79
    endloop
  endfacet
  facet normal -0 0 -1
    outer loop
      vertex 13.3145 6.77811 1.79
      vertex 11.7778 6.57579 1.79
      vertex 13.3 7 1.79
    endloop
  endfacet
  facet normal 0 0 -1
    outer loop
      vertex 13.3579 7.43999 1.79
      vertex 11.8607 7.84116 1.79
      vertex 11.9974 8.24372 1.79
    endloop
  endfacet
  facet normal 0 0 -1
    outer loop
      vertex 11.75 7 1.79
      vertex 13.3 7 1.79
      vertex 11.7778 6.57579 1.79
    endloop
  endfacet
  facet normal 0 0 -1
    outer loop
      vertex 13.3145 7.22189 1.79
      vertex 11.7778 7.42421 1.79
      vertex 11.8607 7.84116 1.79
    endloop
  endfacet
  facet normal 0 0 -1
    outer loop
      vertex 13.3 7 1.79
      vertex 11.75 7 1.79
      vertex 11.7778 7.42421 1.79
    endloop
  endfacet
  facet normal 0.946895 -0.321543 0
    outer loop
      vertex 11.8607 7.84116 1.79
      vertex 11.9974 8.24372 0
      vertex 11.9974 8.24372 1.79
    endloop
  endfacet
  facet normal 0.946895 -0.321543 0
    outer loop
      vertex 11.9974 8.24372 0
      vertex 11.8607 7.84116 1.79
      vertex 11.8607 7.84116 0
    endloop
  endfacet
  facet normal 0.980802 -0.195008 0
    outer loop
      vertex 11.7778 7.42421 1.79
      vertex 11.8607 7.84116 0
      vertex 11.8607 7.84116 1.79
    endloop
  endfacet
  facet normal 0.980802 -0.195008 0
    outer loop
      vertex 11.8607 7.84116 0
      vertex 11.7778 7.42421 1.79
      vertex 11.7778 7.42421 0
    endloop
  endfacet
  facet normal 0.831449 -0.555601 0
    outer loop
      vertex 12.1854 8.625 1.79
      vertex 12.4216 8.97847 0
      vertex 12.4216 8.97847 1.79
    endloop
  endfacet
  facet normal 0.831449 -0.555601 0
    outer loop
      vertex 12.4216 8.97847 0
      vertex 12.1854 8.625 1.79
      vertex 12.1854 8.625 0
    endloop
  endfacet
  facet normal 0.194985 -0.980806 0
    outer loop
      vertex 14.1588 10.1393 0
      vertex 14.5758 10.2222 1.79
      vertex 14.1588 10.1393 1.79
    endloop
  endfacet
  facet normal 0.194985 -0.980806 0
    outer loop
      vertex 14.5758 10.2222 1.79
      vertex 14.1588 10.1393 0
      vertex 14.5758 10.2222 0
    endloop
  endfacet
  facet normal 0.555536 -0.831493 0
    outer loop
      vertex 13.0215 9.5784 0
      vertex 13.375 9.81458 1.79
      vertex 13.0215 9.5784 1.79
    endloop
  endfacet
  facet normal 0.555536 -0.831493 0
    outer loop
      vertex 13.375 9.81458 1.79
      vertex 13.0215 9.5784 0
      vertex 13.375 9.81458 0
    endloop
  endfacet
  facet normal 0.442258 -0.896888 0
    outer loop
      vertex 13.375 9.81458 0
      vertex 13.7563 10.0026 1.79
      vertex 13.375 9.81458 1.79
    endloop
  endfacet
  facet normal 0.442258 -0.896888 0
    outer loop
      vertex 13.7563 10.0026 1.79
      vertex 13.375 9.81458 0
      vertex 13.7563 10.0026 0
    endloop
  endfacet
  facet normal -0.99786 0.0653933 0
    outer loop
      vertex 18.2222 6.57579 0
      vertex 18.25 7 1.79
      vertex 18.25 7 0
    endloop
  endfacet
  facet normal -0.99786 0.0653933 0
    outer loop
      vertex 18.25 7 1.79
      vertex 18.2222 6.57579 0
      vertex 18.2222 6.57579 1.79
    endloop
  endfacet
  facet normal -0.195076 0.980788 0
    outer loop
      vertex 15.8412 3.86074 0
      vertex 15.4242 3.7778 1.79
      vertex 15.8412 3.86074 1.79
    endloop
  endfacet
  facet normal -0.195076 0.980788 0
    outer loop
      vertex 15.4242 3.7778 1.79
      vertex 15.8412 3.86074 0
      vertex 15.4242 3.7778 0
    endloop
  endfacet
  facet normal -0.65937 0.751818 0
    outer loop
      vertex 17.2981 4.7019 0
      vertex 16.9785 4.4216 1.79
      vertex 17.2981 4.7019 1.79
    endloop
  endfacet
  facet normal -0.65937 0.751818 0
    outer loop
      vertex 16.9785 4.4216 1.79
      vertex 17.2981 4.7019 0
      vertex 16.9785 4.4216 0
    endloop
  endfacet
  facet normal -0.442277 0.896879 0
    outer loop
      vertex 16.625 4.18542 0
      vertex 16.2437 3.99739 1.79
      vertex 16.625 4.18542 1.79
    endloop
  endfacet
  facet normal -0.442277 0.896879 0
    outer loop
      vertex 16.2437 3.99739 1.79
      vertex 16.625 4.18542 0
      vertex 16.2437 3.99739 0
    endloop
  endfacet
  facet normal 0.321481 0.946916 -0
    outer loop
      vertex 14.1588 3.86074 0
      vertex 13.7563 3.99739 1.79
      vertex 14.1588 3.86074 1.79
    endloop
  endfacet
  facet normal 0.321481 0.946916 0
    outer loop
      vertex 13.7563 3.99739 1.79
      vertex 14.1588 3.86074 0
      vertex 13.7563 3.99739 0
    endloop
  endfacet
  facet normal 0.555536 0.831493 -0
    outer loop
      vertex 13.375 4.18542 0
      vertex 13.0215 4.4216 1.79
      vertex 13.375 4.18542 1.79
    endloop
  endfacet
  facet normal 0.555536 0.831493 0
    outer loop
      vertex 13.0215 4.4216 1.79
      vertex 13.375 4.18542 0
      vertex 13.0215 4.4216 0
    endloop
  endfacet
  facet normal 0.980802 0.195008 0
    outer loop
      vertex 11.8607 6.15884 1.79
      vertex 11.7778 6.57579 0
      vertex 11.7778 6.57579 1.79
    endloop
  endfacet
  facet normal 0.980802 0.195008 0
    outer loop
      vertex 11.7778 6.57579 0
      vertex 11.8607 6.15884 1.79
      vertex 11.8607 6.15884 0
    endloop
  endfacet
  facet normal 0.751849 0.659335 0
    outer loop
      vertex 12.7019 4.7019 1.79
      vertex 12.4216 5.02153 0
      vertex 12.4216 5.02153 1.79
    endloop
  endfacet
  facet normal 0.751849 0.659335 0
    outer loop
      vertex 12.4216 5.02153 0
      vertex 12.7019 4.7019 1.79
      vertex 12.7019 4.7019 0
    endloop
  endfacet
  facet normal 0.896897 0.442239 0
    outer loop
      vertex 12.1854 5.375 1.79
      vertex 11.9974 5.75628 0
      vertex 11.9974 5.75628 1.79
    endloop
  endfacet
  facet normal 0.896897 0.442239 0
    outer loop
      vertex 11.9974 5.75628 0
      vertex 12.1854 5.375 1.79
      vertex 12.1854 5.375 0
    endloop
  endfacet
  facet normal -0.980802 -0.195008 0
    outer loop
      vertex 18.2222 7.42421 0
      vertex 18.1393 7.84116 1.79
      vertex 18.1393 7.84116 0
    endloop
  endfacet
  facet normal -0.980802 -0.195008 0
    outer loop
      vertex 18.1393 7.84116 1.79
      vertex 18.2222 7.42421 0
      vertex 18.2222 7.42421 1.79
    endloop
  endfacet
  facet normal -0.980802 0.195008 0
    outer loop
      vertex 18.1393 6.15884 0
      vertex 18.2222 6.57579 1.79
      vertex 18.2222 6.57579 0
    endloop
  endfacet
  facet normal -0.980802 0.195008 0
    outer loop
      vertex 18.2222 6.57579 1.79
      vertex 18.1393 6.15884 0
      vertex 18.1393 6.15884 1.79
    endloop
  endfacet
  facet normal -0.896897 0.442239 0
    outer loop
      vertex 17.8146 5.375 0
      vertex 18.0026 5.75628 1.79
      vertex 18.0026 5.75628 0
    endloop
  endfacet
  facet normal -0.896897 0.442239 0
    outer loop
      vertex 18.0026 5.75628 1.79
      vertex 17.8146 5.375 0
      vertex 17.8146 5.375 1.79
    endloop
  endfacet
  facet normal -0.321481 0.946916 0
    outer loop
      vertex 16.2437 3.99739 0
      vertex 15.8412 3.86074 1.79
      vertex 16.2437 3.99739 1.79
    endloop
  endfacet
  facet normal -0.321481 0.946916 0
    outer loop
      vertex 15.8412 3.86074 1.79
      vertex 16.2437 3.99739 0
      vertex 15.8412 3.86074 0
    endloop
  endfacet
  facet normal -0.751849 0.659335 0
    outer loop
      vertex 17.2981 4.7019 0
      vertex 17.5784 5.02153 1.79
      vertex 17.5784 5.02153 0
    endloop
  endfacet
  facet normal -0.751849 0.659335 0
    outer loop
      vertex 17.5784 5.02153 1.79
      vertex 17.2981 4.7019 0
      vertex 17.2981 4.7019 1.79
    endloop
  endfacet
  facet normal -0.555536 0.831493 0
    outer loop
      vertex 16.9785 4.4216 0
      vertex 16.625 4.18542 1.79
      vertex 16.9785 4.4216 1.79
    endloop
  endfacet
  facet normal -0.555536 0.831493 0
    outer loop
      vertex 16.625 4.18542 1.79
      vertex 16.9785 4.4216 0
      vertex 16.625 4.18542 0
    endloop
  endfacet
  facet normal 0.195076 0.980788 -0
    outer loop
      vertex 14.5758 3.7778 0
      vertex 14.1588 3.86074 1.79
      vertex 14.5758 3.7778 1.79
    endloop
  endfacet
  facet normal 0.195076 0.980788 0
    outer loop
      vertex 14.1588 3.86074 1.79
      vertex 14.5758 3.7778 0
      vertex 14.1588 3.86074 0
    endloop
  endfacet
  facet normal 0.946895 0.321543 0
    outer loop
      vertex 11.9974 5.75628 1.79
      vertex 11.8607 6.15884 0
      vertex 11.8607 6.15884 1.79
    endloop
  endfacet
  facet normal 0.946895 0.321543 0
    outer loop
      vertex 11.8607 6.15884 0
      vertex 11.9974 5.75628 1.79
      vertex 11.9974 5.75628 0
    endloop
  endfacet
  facet normal 0.831449 0.555601 0
    outer loop
      vertex 12.4216 5.02153 1.79
      vertex 12.1854 5.375 0
      vertex 12.1854 5.375 1.79
    endloop
  endfacet
  facet normal 0.831449 0.555601 0
    outer loop
      vertex 12.1854 5.375 0
      vertex 12.4216 5.02153 1.79
      vertex 12.4216 5.02153 0
    endloop
  endfacet
  facet normal -0.553869 -0.832604 0
    outer loop
      vertex -14.15 125.472 1.79
      vertex -13.9651 125.349 14.8
      vertex -14.15 125.472 14.8
    endloop
  endfacet
  facet normal -0.553869 -0.832604 -0
    outer loop
      vertex -13.9651 125.349 14.8
      vertex -14.15 125.472 1.79
      vertex -13.9651 125.349 1.79
    endloop
  endfacet
  facet normal 0.947101 -0.320937 0
    outer loop
      vertex -16.6421 124.44 14.8
      vertex -16.5706 124.651 1.79
      vertex -16.5706 124.651 14.8
    endloop
  endfacet
  facet normal 0.947101 -0.320937 0
    outer loop
      vertex -16.5706 124.651 1.79
      vertex -16.6421 124.44 14.8
      vertex -16.6421 124.44 1.79
    endloop
  endfacet
  facet normal 0.319466 0.947598 -0
    outer loop
      vertex -15.44 122.358 1.79
      vertex -15.6506 122.429 14.8
      vertex -15.44 122.358 14.8
    endloop
  endfacet
  facet normal 0.319466 0.947598 0
    outer loop
      vertex -15.6506 122.429 14.8
      vertex -15.44 122.358 1.79
      vertex -15.6506 122.429 1.79
    endloop
  endfacet
  facet normal 0.319466 -0.947598 0
    outer loop
      vertex -15.6506 125.571 1.79
      vertex -15.44 125.642 14.8
      vertex -15.6506 125.571 14.8
    endloop
  endfacet
  facet normal 0.319466 -0.947598 0
    outer loop
      vertex -15.44 125.642 14.8
      vertex -15.6506 125.571 1.79
      vertex -15.44 125.642 1.79
    endloop
  endfacet
  facet normal 0.8964 -0.443245 0
    outer loop
      vertex -16.5706 124.651 14.8
      vertex -16.4722 124.85 1.79
      vertex -16.4722 124.85 14.8
    endloop
  endfacet
  facet normal 0.8964 -0.443245 0
    outer loop
      vertex -16.4722 124.85 1.79
      vertex -16.5706 124.651 14.8
      vertex -16.5706 124.651 1.79
    endloop
  endfacet
  facet normal 0.444696 0.895681 -0
    outer loop
      vertex -15.6506 122.429 1.79
      vertex -15.85 122.528 14.8
      vertex -15.6506 122.429 14.8
    endloop
  endfacet
  facet normal 0.444696 0.895681 0
    outer loop
      vertex -15.85 122.528 14.8
      vertex -15.6506 122.429 1.79
      vertex -15.85 122.528 1.79
    endloop
  endfacet
  facet normal -0.8964 -0.443245 0
    outer loop
      vertex -13.4294 124.651 1.79
      vertex -13.5278 124.85 14.8
      vertex -13.5278 124.85 1.79
    endloop
  endfacet
  facet normal -0.8964 -0.443245 0
    outer loop
      vertex -13.5278 124.85 14.8
      vertex -13.4294 124.651 1.79
      vertex -13.4294 124.651 14.8
    endloop
  endfacet
  facet normal -0.980753 -0.195251 0
    outer loop
      vertex -13.3145 124.222 1.79
      vertex -13.3579 124.44 14.8
      vertex -13.3579 124.44 1.79
    endloop
  endfacet
  facet normal -0.980753 -0.195251 0
    outer loop
      vertex -13.3579 124.44 14.8
      vertex -13.3145 124.222 1.79
      vertex -13.3145 124.222 14.8
    endloop
  endfacet
  facet normal -0.831704 -0.555219 0
    outer loop
      vertex -13.5278 124.85 1.79
      vertex -13.6513 125.035 14.8
      vertex -13.6513 125.035 1.79
    endloop
  endfacet
  facet normal -0.831704 -0.555219 0
    outer loop
      vertex -13.6513 125.035 14.8
      vertex -13.5278 124.85 1.79
      vertex -13.5278 124.85 14.8
    endloop
  endfacet
  facet normal -0.319466 -0.947598 0
    outer loop
      vertex -14.56 125.642 1.79
      vertex -14.3494 125.571 14.8
      vertex -14.56 125.642 14.8
    endloop
  endfacet
  facet normal -0.319466 -0.947598 -0
    outer loop
      vertex -14.3494 125.571 14.8
      vertex -14.56 125.642 1.79
      vertex -14.3494 125.571 1.79
    endloop
  endfacet
  facet normal -0.0674441 -0.997723 0
    outer loop
      vertex -15 125.7 1.79
      vertex -14.7781 125.685 14.8
      vertex -15 125.7 14.8
    endloop
  endfacet
  facet normal -0.0674441 -0.997723 -0
    outer loop
      vertex -14.7781 125.685 14.8
      vertex -15 125.7 1.79
      vertex -14.7781 125.685 1.79
    endloop
  endfacet
  facet normal -0.193434 -0.981113 0
    outer loop
      vertex -14.7781 125.685 1.79
      vertex -14.56 125.642 14.8
      vertex -14.7781 125.685 14.8
    endloop
  endfacet
  facet normal -0.193434 -0.981113 -0
    outer loop
      vertex -14.56 125.642 14.8
      vertex -14.7781 125.685 1.79
      vertex -14.56 125.642 1.79
    endloop
  endfacet
  facet normal 0.751516 -0.659714 0
    outer loop
      vertex -16.3487 125.035 14.8
      vertex -16.2021 125.202 1.79
      vertex -16.2021 125.202 14.8
    endloop
  endfacet
  facet normal 0.751516 -0.659714 0
    outer loop
      vertex -16.2021 125.202 1.79
      vertex -16.3487 125.035 14.8
      vertex -16.3487 125.035 1.79
    endloop
  endfacet
  facet normal 0.193434 -0.981113 0
    outer loop
      vertex -15.44 125.642 1.79
      vertex -15.2219 125.685 14.8
      vertex -15.44 125.642 14.8
    endloop
  endfacet
  facet normal 0.193434 -0.981113 0
    outer loop
      vertex -15.2219 125.685 14.8
      vertex -15.44 125.642 1.79
      vertex -15.2219 125.685 1.79
    endloop
  endfacet
  facet normal 0.660284 -0.751016 0
    outer loop
      vertex -16.2021 125.202 1.79
      vertex -16.0349 125.349 14.8
      vertex -16.2021 125.202 14.8
    endloop
  endfacet
  facet normal 0.660284 -0.751016 0
    outer loop
      vertex -16.0349 125.349 14.8
      vertex -16.2021 125.202 1.79
      vertex -16.0349 125.349 1.79
    endloop
  endfacet
  facet normal -0.997874 -0.0651764 0
    outer loop
      vertex -13.3 124 1.79
      vertex -13.3145 124.222 14.8
      vertex -13.3145 124.222 1.79
    endloop
  endfacet
  facet normal -0.997874 -0.0651764 0
    outer loop
      vertex -13.3145 124.222 14.8
      vertex -13.3 124 1.79
      vertex -13.3 124 14.8
    endloop
  endfacet
  facet normal -0.319466 0.947598 0
    outer loop
      vertex -14.3494 122.429 1.79
      vertex -14.56 122.358 14.8
      vertex -14.3494 122.429 14.8
    endloop
  endfacet
  facet normal -0.319466 0.947598 0
    outer loop
      vertex -14.56 122.358 14.8
      vertex -14.3494 122.429 1.79
      vertex -14.56 122.358 1.79
    endloop
  endfacet
  facet normal -0.831704 0.555219 0
    outer loop
      vertex -13.6513 122.965 1.79
      vertex -13.5278 123.15 14.8
      vertex -13.5278 123.15 1.79
    endloop
  endfacet
  facet normal -0.831704 0.555219 0
    outer loop
      vertex -13.5278 123.15 14.8
      vertex -13.6513 122.965 1.79
      vertex -13.6513 122.965 14.8
    endloop
  endfacet
  facet normal 0.193434 0.981113 -0
    outer loop
      vertex -15.2219 122.315 1.79
      vertex -15.44 122.358 14.8
      vertex -15.2219 122.315 14.8
    endloop
  endfacet
  facet normal 0.193434 0.981113 0
    outer loop
      vertex -15.44 122.358 14.8
      vertex -15.2219 122.315 1.79
      vertex -15.44 122.358 1.79
    endloop
  endfacet
  facet normal 0.660284 0.751016 -0
    outer loop
      vertex -16.0349 122.651 1.79
      vertex -16.2021 122.798 14.8
      vertex -16.0349 122.651 14.8
    endloop
  endfacet
  facet normal 0.660284 0.751016 0
    outer loop
      vertex -16.2021 122.798 14.8
      vertex -16.0349 122.651 1.79
      vertex -16.2021 122.798 1.79
    endloop
  endfacet
  facet normal 0.980753 0.195251 0
    outer loop
      vertex -16.6421 123.56 14.8
      vertex -16.6855 123.778 1.79
      vertex -16.6855 123.778 14.8
    endloop
  endfacet
  facet normal 0.980753 0.195251 0
    outer loop
      vertex -16.6855 123.778 1.79
      vertex -16.6421 123.56 14.8
      vertex -16.6421 123.56 1.79
    endloop
  endfacet
  facet normal -0.947101 -0.320937 0
    outer loop
      vertex -13.3579 124.44 1.79
      vertex -13.4294 124.651 14.8
      vertex -13.4294 124.651 1.79
    endloop
  endfacet
  facet normal -0.947101 -0.320937 0
    outer loop
      vertex -13.4294 124.651 14.8
      vertex -13.3579 124.44 1.79
      vertex -13.3579 124.44 14.8
    endloop
  endfacet
  facet normal -0.751516 -0.659714 0
    outer loop
      vertex -13.6513 125.035 1.79
      vertex -13.7979 125.202 14.8
      vertex -13.7979 125.202 1.79
    endloop
  endfacet
  facet normal -0.751516 -0.659714 0
    outer loop
      vertex -13.7979 125.202 14.8
      vertex -13.6513 125.035 1.79
      vertex -13.6513 125.035 14.8
    endloop
  endfacet
  facet normal -0.660284 -0.751016 0
    outer loop
      vertex -13.9651 125.349 1.79
      vertex -13.7979 125.202 14.8
      vertex -13.9651 125.349 14.8
    endloop
  endfacet
  facet normal -0.660284 -0.751016 -0
    outer loop
      vertex -13.7979 125.202 14.8
      vertex -13.9651 125.349 1.79
      vertex -13.7979 125.202 1.79
    endloop
  endfacet
  facet normal -0.444696 -0.895681 0
    outer loop
      vertex -14.3494 125.571 1.79
      vertex -14.15 125.472 14.8
      vertex -14.3494 125.571 14.8
    endloop
  endfacet
  facet normal -0.444696 -0.895681 -0
    outer loop
      vertex -14.15 125.472 14.8
      vertex -14.3494 125.571 1.79
      vertex -14.15 125.472 1.79
    endloop
  endfacet
  facet normal 0.997874 -0.0651764 0
    outer loop
      vertex -16.7 124 14.8
      vertex -16.6855 124.222 1.79
      vertex -16.6855 124.222 14.8
    endloop
  endfacet
  facet normal 0.997874 -0.0651764 0
    outer loop
      vertex -16.6855 124.222 1.79
      vertex -16.7 124 14.8
      vertex -16.7 124 1.79
    endloop
  endfacet
  facet normal 0.831704 -0.555219 0
    outer loop
      vertex -16.4722 124.85 14.8
      vertex -16.3487 125.035 1.79
      vertex -16.3487 125.035 14.8
    endloop
  endfacet
  facet normal 0.831704 -0.555219 0
    outer loop
      vertex -16.3487 125.035 1.79
      vertex -16.4722 124.85 14.8
      vertex -16.4722 124.85 1.79
    endloop
  endfacet
  facet normal 0.0674441 -0.997723 0
    outer loop
      vertex -15.2219 125.685 1.79
      vertex -15 125.7 14.8
      vertex -15.2219 125.685 14.8
    endloop
  endfacet
  facet normal 0.0674441 -0.997723 0
    outer loop
      vertex -15 125.7 14.8
      vertex -15.2219 125.685 1.79
      vertex -15 125.7 1.79
    endloop
  endfacet
  facet normal 0.553869 -0.832604 0
    outer loop
      vertex -16.0349 125.349 1.79
      vertex -15.85 125.472 14.8
      vertex -16.0349 125.349 14.8
    endloop
  endfacet
  facet normal 0.553869 -0.832604 0
    outer loop
      vertex -15.85 125.472 14.8
      vertex -16.0349 125.349 1.79
      vertex -15.85 125.472 1.79
    endloop
  endfacet
  facet normal 0.444696 -0.895681 0
    outer loop
      vertex -15.85 125.472 1.79
      vertex -15.6506 125.571 14.8
      vertex -15.85 125.472 14.8
    endloop
  endfacet
  facet normal 0.444696 -0.895681 0
    outer loop
      vertex -15.6506 125.571 14.8
      vertex -15.85 125.472 1.79
      vertex -15.6506 125.571 1.79
    endloop
  endfacet
  facet normal -0.980753 0.195251 0
    outer loop
      vertex -13.3579 123.56 1.79
      vertex -13.3145 123.778 14.8
      vertex -13.3145 123.778 1.79
    endloop
  endfacet
  facet normal -0.980753 0.195251 0
    outer loop
      vertex -13.3145 123.778 14.8
      vertex -13.3579 123.56 1.79
      vertex -13.3579 123.56 14.8
    endloop
  endfacet
  facet normal -0.0674441 0.997723 0
    outer loop
      vertex -14.7781 122.315 1.79
      vertex -15 122.3 14.8
      vertex -14.7781 122.315 14.8
    endloop
  endfacet
  facet normal -0.0674441 0.997723 0
    outer loop
      vertex -15 122.3 14.8
      vertex -14.7781 122.315 1.79
      vertex -15 122.3 1.79
    endloop
  endfacet
  facet normal -0.193434 0.981113 0
    outer loop
      vertex -14.56 122.358 1.79
      vertex -14.7781 122.315 14.8
      vertex -14.56 122.358 14.8
    endloop
  endfacet
  facet normal -0.193434 0.981113 0
    outer loop
      vertex -14.7781 122.315 14.8
      vertex -14.56 122.358 1.79
      vertex -14.7781 122.315 1.79
    endloop
  endfacet
  facet normal -0.660284 0.751016 0
    outer loop
      vertex -13.7979 122.798 1.79
      vertex -13.9651 122.651 14.8
      vertex -13.7979 122.798 14.8
    endloop
  endfacet
  facet normal -0.660284 0.751016 0
    outer loop
      vertex -13.9651 122.651 14.8
      vertex -13.7979 122.798 1.79
      vertex -13.9651 122.651 1.79
    endloop
  endfacet
  facet normal -0.444696 0.895681 0
    outer loop
      vertex -14.15 122.528 1.79
      vertex -14.3494 122.429 14.8
      vertex -14.15 122.528 14.8
    endloop
  endfacet
  facet normal -0.444696 0.895681 0
    outer loop
      vertex -14.3494 122.429 14.8
      vertex -14.15 122.528 1.79
      vertex -14.3494 122.429 1.79
    endloop
  endfacet
  facet normal -0.947101 0.320937 0
    outer loop
      vertex -13.4294 123.349 1.79
      vertex -13.3579 123.56 14.8
      vertex -13.3579 123.56 1.79
    endloop
  endfacet
  facet normal -0.947101 0.320937 0
    outer loop
      vertex -13.3579 123.56 14.8
      vertex -13.4294 123.349 1.79
      vertex -13.4294 123.349 14.8
    endloop
  endfacet
  facet normal 0.0674441 0.997723 -0
    outer loop
      vertex -15 122.3 1.79
      vertex -15.2219 122.315 14.8
      vertex -15 122.3 14.8
    endloop
  endfacet
  facet normal 0.0674441 0.997723 0
    outer loop
      vertex -15.2219 122.315 14.8
      vertex -15 122.3 1.79
      vertex -15.2219 122.315 1.79
    endloop
  endfacet
  facet normal 0.553869 0.832604 -0
    outer loop
      vertex -15.85 122.528 1.79
      vertex -16.0349 122.651 14.8
      vertex -15.85 122.528 14.8
    endloop
  endfacet
  facet normal 0.553869 0.832604 0
    outer loop
      vertex -16.0349 122.651 14.8
      vertex -15.85 122.528 1.79
      vertex -16.0349 122.651 1.79
    endloop
  endfacet
  facet normal 0.947101 0.320937 0
    outer loop
      vertex -16.5706 123.349 14.8
      vertex -16.6421 123.56 1.79
      vertex -16.6421 123.56 14.8
    endloop
  endfacet
  facet normal 0.947101 0.320937 0
    outer loop
      vertex -16.6421 123.56 1.79
      vertex -16.5706 123.349 14.8
      vertex -16.5706 123.349 1.79
    endloop
  endfacet
  facet normal 0.997874 0.0651764 0
    outer loop
      vertex -16.6855 123.778 14.8
      vertex -16.7 124 1.79
      vertex -16.7 124 14.8
    endloop
  endfacet
  facet normal 0.997874 0.0651764 0
    outer loop
      vertex -16.7 124 1.79
      vertex -16.6855 123.778 14.8
      vertex -16.6855 123.778 1.79
    endloop
  endfacet
  facet normal 0.751516 0.659714 0
    outer loop
      vertex -16.2021 122.798 14.8
      vertex -16.3487 122.965 1.79
      vertex -16.3487 122.965 14.8
    endloop
  endfacet
  facet normal 0.751516 0.659714 0
    outer loop
      vertex -16.3487 122.965 1.79
      vertex -16.2021 122.798 14.8
      vertex -16.2021 122.798 1.79
    endloop
  endfacet
  facet normal 0.8964 0.443245 0
    outer loop
      vertex -16.4722 123.15 14.8
      vertex -16.5706 123.349 1.79
      vertex -16.5706 123.349 14.8
    endloop
  endfacet
  facet normal 0.8964 0.443245 0
    outer loop
      vertex -16.5706 123.349 1.79
      vertex -16.4722 123.15 14.8
      vertex -16.4722 123.15 1.79
    endloop
  endfacet
  facet normal 0.980753 -0.195251 0
    outer loop
      vertex -16.6855 124.222 14.8
      vertex -16.6421 124.44 1.79
      vertex -16.6421 124.44 14.8
    endloop
  endfacet
  facet normal 0.980753 -0.195251 0
    outer loop
      vertex -16.6421 124.44 1.79
      vertex -16.6855 124.222 14.8
      vertex -16.6855 124.222 1.79
    endloop
  endfacet
  facet normal -0.997874 0.0651764 0
    outer loop
      vertex -13.3145 123.778 1.79
      vertex -13.3 124 14.8
      vertex -13.3 124 1.79
    endloop
  endfacet
  facet normal -0.997874 0.0651764 0
    outer loop
      vertex -13.3 124 14.8
      vertex -13.3145 123.778 1.79
      vertex -13.3145 123.778 14.8
    endloop
  endfacet
  facet normal -0.751516 0.659714 0
    outer loop
      vertex -13.7979 122.798 1.79
      vertex -13.6513 122.965 14.8
      vertex -13.6513 122.965 1.79
    endloop
  endfacet
  facet normal -0.751516 0.659714 0
    outer loop
      vertex -13.6513 122.965 14.8
      vertex -13.7979 122.798 1.79
      vertex -13.7979 122.798 14.8
    endloop
  endfacet
  facet normal -0.553869 0.832604 0
    outer loop
      vertex -13.9651 122.651 1.79
      vertex -14.15 122.528 14.8
      vertex -13.9651 122.651 14.8
    endloop
  endfacet
  facet normal -0.553869 0.832604 0
    outer loop
      vertex -14.15 122.528 14.8
      vertex -13.9651 122.651 1.79
      vertex -14.15 122.528 1.79
    endloop
  endfacet
  facet normal -0.8964 0.443245 0
    outer loop
      vertex -13.5278 123.15 1.79
      vertex -13.4294 123.349 14.8
      vertex -13.4294 123.349 1.79
    endloop
  endfacet
  facet normal -0.8964 0.443245 0
    outer loop
      vertex -13.4294 123.349 14.8
      vertex -13.5278 123.15 1.79
      vertex -13.5278 123.15 14.8
    endloop
  endfacet
  facet normal 0.831704 0.555219 0
    outer loop
      vertex -16.3487 122.965 14.8
      vertex -16.4722 123.15 1.79
      vertex -16.4722 123.15 14.8
    endloop
  endfacet
  facet normal 0.831704 0.555219 0
    outer loop
      vertex -16.4722 123.15 1.79
      vertex -16.3487 122.965 14.8
      vertex -16.3487 122.965 1.79
    endloop
  endfacet
  facet normal -0.556867 -0.830602 0
    outer loop
      vertex -13.375 126.815 0
      vertex -13.0215 126.578 1.79
      vertex -13.375 126.815 1.79
    endloop
  endfacet
  facet normal -0.556867 -0.830602 -0
    outer loop
      vertex -13.0215 126.578 1.79
      vertex -13.375 126.815 0
      vertex -13.0215 126.578 0
    endloop
  endfacet
  facet normal 0.320109 -0.947381 0
    outer loop
      vertex -16.2437 127.003 0
      vertex -15.8412 127.139 1.79
      vertex -16.2437 127.003 1.79
    endloop
  endfacet
  facet normal 0.320109 -0.947381 0
    outer loop
      vertex -15.8412 127.139 1.79
      vertex -16.2437 127.003 0
      vertex -15.8412 127.139 0
    endloop
  endfacet
  facet normal 0.896769 -0.4425 0
    outer loop
      vertex -18.0026 125.244 1.79
      vertex -17.8146 125.625 0
      vertex -17.8146 125.625 1.79
    endloop
  endfacet
  facet normal 0.896769 -0.4425 0
    outer loop
      vertex -17.8146 125.625 0
      vertex -18.0026 125.244 1.79
      vertex -18.0026 125.244 0
    endloop
  endfacet
  facet normal -0.896769 -0.4425 0
    outer loop
      vertex -11.9974 125.244 0
      vertex -12.1854 125.625 1.79
      vertex -12.1854 125.625 0
    endloop
  endfacet
  facet normal -0.896769 -0.4425 0
    outer loop
      vertex -12.1854 125.625 1.79
      vertex -11.9974 125.244 0
      vertex -11.9974 125.244 1.79
    endloop
  endfacet
  facet normal -0.831107 -0.556112 0
    outer loop
      vertex -12.1854 125.625 0
      vertex -12.4216 125.978 1.79
      vertex -12.4216 125.978 0
    endloop
  endfacet
  facet normal -0.831107 -0.556112 0
    outer loop
      vertex -12.4216 125.978 1.79
      vertex -12.1854 125.625 0
      vertex -12.1854 125.625 1.79
    endloop
  endfacet
  facet normal -0.44222 -0.896907 0
    outer loop
      vertex -13.7563 127.003 0
      vertex -13.375 126.815 1.79
      vertex -13.7563 127.003 1.79
    endloop
  endfacet
  facet normal -0.44222 -0.896907 -0
    outer loop
      vertex -13.375 126.815 1.79
      vertex -13.7563 127.003 0
      vertex -13.375 126.815 0
    endloop
  endfacet
  facet normal -0.0658633 -0.997829 0
    outer loop
      vertex -15 127.25 0
      vertex -14.5758 127.222 1.79
      vertex -15 127.25 1.79
    endloop
  endfacet
  facet normal -0.0658633 -0.997829 -0
    outer loop
      vertex -14.5758 127.222 1.79
      vertex -15 127.25 0
      vertex -14.5758 127.222 0
    endloop
  endfacet
  facet normal 0.997857 -0.0654256 0
    outer loop
      vertex -18.25 124 1.79
      vertex -18.2222 124.424 0
      vertex -18.2222 124.424 1.79
    endloop
  endfacet
  facet normal 0.997857 -0.0654256 0
    outer loop
      vertex -18.2222 124.424 0
      vertex -18.25 124 1.79
      vertex -18.25 124 0
    endloop
  endfacet
  facet normal 0.752227 -0.658904 0
    outer loop
      vertex -17.5784 125.978 1.79
      vertex -17.2981 126.298 0
      vertex -17.2981 126.298 1.79
    endloop
  endfacet
  facet normal 0.752227 -0.658904 0
    outer loop
      vertex -17.2981 126.298 0
      vertex -17.5784 125.978 1.79
      vertex -17.5784 125.978 0
    endloop
  endfacet
  facet normal 0.0658633 -0.997829 0
    outer loop
      vertex -15.4242 127.222 0
      vertex -15 127.25 1.79
      vertex -15.4242 127.222 1.79
    endloop
  endfacet
  facet normal 0.0658633 -0.997829 0
    outer loop
      vertex -15 127.25 1.79
      vertex -15.4242 127.222 0
      vertex -15 127.25 0
    endloop
  endfacet
  facet normal 0.658971 -0.752168 0
    outer loop
      vertex -17.2981 126.298 0
      vertex -16.9785 126.578 1.79
      vertex -17.2981 126.298 1.79
    endloop
  endfacet
  facet normal 0.658971 -0.752168 0
    outer loop
      vertex -16.9785 126.578 1.79
      vertex -17.2981 126.298 0
      vertex -16.9785 126.578 0
    endloop
  endfacet
  facet normal -0.997857 -0.0654256 0
    outer loop
      vertex -11.75 124 0
      vertex -11.7778 124.424 1.79
      vertex -11.7778 124.424 0
    endloop
  endfacet
  facet normal -0.997857 -0.0654256 0
    outer loop
      vertex -11.7778 124.424 1.79
      vertex -11.75 124 0
      vertex -11.75 124 1.79
    endloop
  endfacet
  facet normal -0.0658633 0.997829 0
    outer loop
      vertex -14.5758 120.778 0
      vertex -15 120.75 1.79
      vertex -14.5758 120.778 1.79
    endloop
  endfacet
  facet normal -0.0658633 0.997829 0
    outer loop
      vertex -15 120.75 1.79
      vertex -14.5758 120.778 0
      vertex -15 120.75 0
    endloop
  endfacet
  facet normal -0.831107 0.556112 0
    outer loop
      vertex -12.4216 122.022 0
      vertex -12.1854 122.375 1.79
      vertex -12.1854 122.375 0
    endloop
  endfacet
  facet normal -0.831107 0.556112 0
    outer loop
      vertex -12.1854 122.375 1.79
      vertex -12.4216 122.022 0
      vertex -12.4216 122.022 1.79
    endloop
  endfacet
  facet normal -0.947002 0.321229 0
    outer loop
      vertex -11.9974 122.756 0
      vertex -11.8607 123.159 1.79
      vertex -11.8607 123.159 0
    endloop
  endfacet
  facet normal -0.947002 0.321229 0
    outer loop
      vertex -11.8607 123.159 1.79
      vertex -11.9974 122.756 0
      vertex -11.9974 122.756 1.79
    endloop
  endfacet
  facet normal 0.0658633 0.997829 -0
    outer loop
      vertex -15 120.75 0
      vertex -15.4242 120.778 1.79
      vertex -15 120.75 1.79
    endloop
  endfacet
  facet normal 0.0658633 0.997829 0
    outer loop
      vertex -15.4242 120.778 1.79
      vertex -15 120.75 0
      vertex -15.4242 120.778 0
    endloop
  endfacet
  facet normal 0.658971 0.752168 -0
    outer loop
      vertex -16.9785 121.422 0
      vertex -17.2981 121.702 1.79
      vertex -16.9785 121.422 1.79
    endloop
  endfacet
  facet normal 0.658971 0.752168 0
    outer loop
      vertex -17.2981 121.702 1.79
      vertex -16.9785 121.422 0
      vertex -17.2981 121.702 0
    endloop
  endfacet
  facet normal 0.997857 0.0654256 0
    outer loop
      vertex -18.2222 123.576 1.79
      vertex -18.25 124 0
      vertex -18.25 124 1.79
    endloop
  endfacet
  facet normal 0.997857 0.0654256 0
    outer loop
      vertex -18.25 124 0
      vertex -18.2222 123.576 1.79
      vertex -18.2222 123.576 0
    endloop
  endfacet
  facet normal -0.980806 -0.194985 0
    outer loop
      vertex -11.7778 124.424 0
      vertex -11.8607 124.841 1.79
      vertex -11.8607 124.841 0
    endloop
  endfacet
  facet normal -0.980806 -0.194985 0
    outer loop
      vertex -11.8607 124.841 1.79
      vertex -11.7778 124.424 0
      vertex -11.7778 124.424 1.79
    endloop
  endfacet
  facet normal -0.947002 -0.321229 0
    outer loop
      vertex -11.8607 124.841 0
      vertex -11.9974 125.244 1.79
      vertex -11.9974 125.244 0
    endloop
  endfacet
  facet normal -0.947002 -0.321229 0
    outer loop
      vertex -11.9974 125.244 1.79
      vertex -11.8607 124.841 0
      vertex -11.8607 124.841 1.79
    endloop
  endfacet
  facet normal -0.752227 -0.658904 0
    outer loop
      vertex -12.4216 125.978 0
      vertex -12.7019 126.298 1.79
      vertex -12.7019 126.298 0
    endloop
  endfacet
  facet normal -0.752227 -0.658904 0
    outer loop
      vertex -12.7019 126.298 1.79
      vertex -12.4216 125.978 0
      vertex -12.4216 125.978 1.79
    endloop
  endfacet
  facet normal -0.658971 -0.752168 0
    outer loop
      vertex -13.0215 126.578 0
      vertex -12.7019 126.298 1.79
      vertex -13.0215 126.578 1.79
    endloop
  endfacet
  facet normal -0.658971 -0.752168 -0
    outer loop
      vertex -12.7019 126.298 1.79
      vertex -13.0215 126.578 0
      vertex -12.7019 126.298 0
    endloop
  endfacet
  facet normal -0.320109 -0.947381 0
    outer loop
      vertex -14.1588 127.139 0
      vertex -13.7563 127.003 1.79
      vertex -14.1588 127.139 1.79
    endloop
  endfacet
  facet normal -0.320109 -0.947381 -0
    outer loop
      vertex -13.7563 127.003 1.79
      vertex -14.1588 127.139 0
      vertex -13.7563 127.003 0
    endloop
  endfacet
  facet normal -0.195211 -0.980761 0
    outer loop
      vertex -14.5758 127.222 0
      vertex -14.1588 127.139 1.79
      vertex -14.5758 127.222 1.79
    endloop
  endfacet
  facet normal -0.195211 -0.980761 -0
    outer loop
      vertex -14.1588 127.139 1.79
      vertex -14.5758 127.222 0
      vertex -14.1588 127.139 0
    endloop
  endfacet
  facet normal 0 0 -1
    outer loop
      vertex -13.3 124 1.79
      vertex -11.75 124 1.79
      vertex -11.7778 123.576 1.79
    endloop
  endfacet
  facet normal 0 0 -1
    outer loop
      vertex -13.3145 123.778 1.79
      vertex -11.7778 123.576 1.79
      vertex -11.8607 123.159 1.79
    endloop
  endfacet
  facet normal 0 0 -1
    outer loop
      vertex -11.75 124 1.79
      vertex -13.3 124 1.79
      vertex -11.7778 124.424 1.79
    endloop
  endfacet
  facet normal 0 0 -1
    outer loop
      vertex -13.3579 123.56 1.79
      vertex -11.8607 123.159 1.79
      vertex -11.9974 122.756 1.79
    endloop
  endfacet
  facet normal 0 0 -1
    outer loop
      vertex -13.3145 124.222 1.79
      vertex -11.7778 124.424 1.79
      vertex -13.3 124 1.79
    endloop
  endfacet
  facet normal 0 0 -1
    outer loop
      vertex -13.4294 123.349 1.79
      vertex -11.9974 122.756 1.79
      vertex -12.1854 122.375 1.79
    endloop
  endfacet
  facet normal -0 0 -1
    outer loop
      vertex -11.7778 124.424 1.79
      vertex -13.3145 124.222 1.79
      vertex -11.8607 124.841 1.79
    endloop
  endfacet
  facet normal 0 0 -1
    outer loop
      vertex -13.5278 123.15 1.79
      vertex -12.1854 122.375 1.79
      vertex -12.4216 122.022 1.79
    endloop
  endfacet
  facet normal 0 0 -1
    outer loop
      vertex -13.3579 124.44 1.79
      vertex -11.8607 124.841 1.79
      vertex -13.3145 124.222 1.79
    endloop
  endfacet
  facet normal 0 0 -1
    outer loop
      vertex -13.6513 122.965 1.79
      vertex -12.4216 122.022 1.79
      vertex -12.7019 121.702 1.79
    endloop
  endfacet
  facet normal -0 0 -1
    outer loop
      vertex -11.8607 124.841 1.79
      vertex -13.3579 124.44 1.79
      vertex -11.9974 125.244 1.79
    endloop
  endfacet
  facet normal 0 0 -1
    outer loop
      vertex -13.7979 122.798 1.79
      vertex -12.7019 121.702 1.79
      vertex -13.0215 121.422 1.79
    endloop
  endfacet
  facet normal 0 0 -1
    outer loop
      vertex -13.4294 124.651 1.79
      vertex -11.9974 125.244 1.79
      vertex -13.3579 124.44 1.79
    endloop
  endfacet
  facet normal -0 0 -1
    outer loop
      vertex -11.9974 125.244 1.79
      vertex -13.4294 124.651 1.79
      vertex -12.1854 125.625 1.79
    endloop
  endfacet
  facet normal 0 0 -1
    outer loop
      vertex -11.7778 123.576 1.79
      vertex -13.3145 123.778 1.79
      vertex -13.3 124 1.79
    endloop
  endfacet
  facet normal 0 0 -1
    outer loop
      vertex -11.8607 123.159 1.79
      vertex -13.3579 123.56 1.79
      vertex -13.3145 123.778 1.79
    endloop
  endfacet
  facet normal 0 0 -1
    outer loop
      vertex -13.9651 122.651 1.79
      vertex -13.0215 121.422 1.79
      vertex -13.375 121.185 1.79
    endloop
  endfacet
  facet normal 0 0 -1
    outer loop
      vertex -11.9974 122.756 1.79
      vertex -13.4294 123.349 1.79
      vertex -13.3579 123.56 1.79
    endloop
  endfacet
  facet normal 0 0 -1
    outer loop
      vertex -12.1854 122.375 1.79
      vertex -13.5278 123.15 1.79
      vertex -13.4294 123.349 1.79
    endloop
  endfacet
  facet normal 0 0 -1
    outer loop
      vertex -12.4216 122.022 1.79
      vertex -13.6513 122.965 1.79
      vertex -13.5278 123.15 1.79
    endloop
  endfacet
  facet normal 0 0 -1
    outer loop
      vertex -14.15 122.528 1.79
      vertex -13.375 121.185 1.79
      vertex -13.7563 120.997 1.79
    endloop
  endfacet
  facet normal 0 0 -1
    outer loop
      vertex -12.7019 121.702 1.79
      vertex -13.7979 122.798 1.79
      vertex -13.6513 122.965 1.79
    endloop
  endfacet
  facet normal 0 0 -1
    outer loop
      vertex -13.0215 121.422 1.79
      vertex -13.9651 122.651 1.79
      vertex -13.7979 122.798 1.79
    endloop
  endfacet
  facet normal 0 0 -1
    outer loop
      vertex -13.375 121.185 1.79
      vertex -14.15 122.528 1.79
      vertex -13.9651 122.651 1.79
    endloop
  endfacet
  facet normal 0 0 -1
    outer loop
      vertex -14.3494 122.429 1.79
      vertex -13.7563 120.997 1.79
      vertex -14.1588 120.861 1.79
    endloop
  endfacet
  facet normal 0 0 -1
    outer loop
      vertex -13.7563 120.997 1.79
      vertex -14.3494 122.429 1.79
      vertex -14.15 122.528 1.79
    endloop
  endfacet
  facet normal 0 0 -1
    outer loop
      vertex -14.1588 120.861 1.79
      vertex -14.56 122.358 1.79
      vertex -14.3494 122.429 1.79
    endloop
  endfacet
  facet normal 0 0 -1
    outer loop
      vertex -14.5758 120.778 1.79
      vertex -14.56 122.358 1.79
      vertex -14.1588 120.861 1.79
    endloop
  endfacet
  facet normal 0 0 -1
    outer loop
      vertex -14.5758 120.778 1.79
      vertex -14.7781 122.315 1.79
      vertex -14.56 122.358 1.79
    endloop
  endfacet
  facet normal 0 0 -1
    outer loop
      vertex -15 120.75 1.79
      vertex -14.7781 122.315 1.79
      vertex -14.5758 120.778 1.79
    endloop
  endfacet
  facet normal 0 0 -1
    outer loop
      vertex -15 120.75 1.79
      vertex -15 122.3 1.79
      vertex -14.7781 122.315 1.79
    endloop
  endfacet
  facet normal 0 0 -1
    outer loop
      vertex -15 120.75 1.79
      vertex -15.2219 122.315 1.79
      vertex -15 122.3 1.79
    endloop
  endfacet
  facet normal 0 0 -1
    outer loop
      vertex -15.4242 120.778 1.79
      vertex -15.2219 122.315 1.79
      vertex -15 120.75 1.79
    endloop
  endfacet
  facet normal 0 0 -1
    outer loop
      vertex -15.4242 120.778 1.79
      vertex -15.44 122.358 1.79
      vertex -15.2219 122.315 1.79
    endloop
  endfacet
  facet normal 0 0 -1
    outer loop
      vertex -15.8412 120.861 1.79
      vertex -15.44 122.358 1.79
      vertex -15.4242 120.778 1.79
    endloop
  endfacet
  facet normal -0 0 -1
    outer loop
      vertex -15.44 122.358 1.79
      vertex -15.8412 120.861 1.79
      vertex -15.6506 122.429 1.79
    endloop
  endfacet
  facet normal 0 0 -1
    outer loop
      vertex -16.2437 120.997 1.79
      vertex -15.6506 122.429 1.79
      vertex -15.8412 120.861 1.79
    endloop
  endfacet
  facet normal -0 0 -1
    outer loop
      vertex -15.6506 122.429 1.79
      vertex -16.2437 120.997 1.79
      vertex -15.85 122.528 1.79
    endloop
  endfacet
  facet normal 0 0 -1
    outer loop
      vertex -16.625 121.185 1.79
      vertex -15.85 122.528 1.79
      vertex -16.2437 120.997 1.79
    endloop
  endfacet
  facet normal -0 0 -1
    outer loop
      vertex -15.85 122.528 1.79
      vertex -16.625 121.185 1.79
      vertex -16.0349 122.651 1.79
    endloop
  endfacet
  facet normal 0 0 -1
    outer loop
      vertex -16.9785 121.422 1.79
      vertex -16.0349 122.651 1.79
      vertex -16.625 121.185 1.79
    endloop
  endfacet
  facet normal -0 0 -1
    outer loop
      vertex -16.0349 122.651 1.79
      vertex -16.9785 121.422 1.79
      vertex -16.2021 122.798 1.79
    endloop
  endfacet
  facet normal 0 0 -1
    outer loop
      vertex -17.2981 121.702 1.79
      vertex -16.2021 122.798 1.79
      vertex -16.9785 121.422 1.79
    endloop
  endfacet
  facet normal -0 0 -1
    outer loop
      vertex -16.2021 122.798 1.79
      vertex -17.2981 121.702 1.79
      vertex -16.3487 122.965 1.79
    endloop
  endfacet
  facet normal 0 0 -1
    outer loop
      vertex -17.5784 122.022 1.79
      vertex -16.3487 122.965 1.79
      vertex -17.2981 121.702 1.79
    endloop
  endfacet
  facet normal -0 0 -1
    outer loop
      vertex -16.3487 122.965 1.79
      vertex -17.5784 122.022 1.79
      vertex -16.4722 123.15 1.79
    endloop
  endfacet
  facet normal 0 0 -1
    outer loop
      vertex -17.8146 122.375 1.79
      vertex -16.4722 123.15 1.79
      vertex -17.5784 122.022 1.79
    endloop
  endfacet
  facet normal -0 0 -1
    outer loop
      vertex -16.4722 123.15 1.79
      vertex -17.8146 122.375 1.79
      vertex -16.5706 123.349 1.79
    endloop
  endfacet
  facet normal 0 0 -1
    outer loop
      vertex -13.5278 124.85 1.79
      vertex -12.1854 125.625 1.79
      vertex -13.4294 124.651 1.79
    endloop
  endfacet
  facet normal -0 0 -1
    outer loop
      vertex -12.1854 125.625 1.79
      vertex -13.5278 124.85 1.79
      vertex -12.4216 125.978 1.79
    endloop
  endfacet
  facet normal 0 0 -1
    outer loop
      vertex -13.6513 125.035 1.79
      vertex -12.4216 125.978 1.79
      vertex -13.5278 124.85 1.79
    endloop
  endfacet
  facet normal -0 0 -1
    outer loop
      vertex -12.4216 125.978 1.79
      vertex -13.6513 125.035 1.79
      vertex -12.7019 126.298 1.79
    endloop
  endfacet
  facet normal 0 0 -1
    outer loop
      vertex -13.7979 125.202 1.79
      vertex -12.7019 126.298 1.79
      vertex -13.6513 125.035 1.79
    endloop
  endfacet
  facet normal -0 0 -1
    outer loop
      vertex -12.7019 126.298 1.79
      vertex -13.7979 125.202 1.79
      vertex -13.0215 126.578 1.79
    endloop
  endfacet
  facet normal 0 0 -1
    outer loop
      vertex -13.9651 125.349 1.79
      vertex -13.0215 126.578 1.79
      vertex -13.7979 125.202 1.79
    endloop
  endfacet
  facet normal -0 0 -1
    outer loop
      vertex -13.0215 126.578 1.79
      vertex -13.9651 125.349 1.79
      vertex -13.375 126.815 1.79
    endloop
  endfacet
  facet normal 0 0 -1
    outer loop
      vertex -14.15 125.472 1.79
      vertex -13.375 126.815 1.79
      vertex -13.9651 125.349 1.79
    endloop
  endfacet
  facet normal -0 0 -1
    outer loop
      vertex -13.375 126.815 1.79
      vertex -14.15 125.472 1.79
      vertex -13.7563 127.003 1.79
    endloop
  endfacet
  facet normal 0 0 -1
    outer loop
      vertex -14.3494 125.571 1.79
      vertex -13.7563 127.003 1.79
      vertex -14.15 125.472 1.79
    endloop
  endfacet
  facet normal -0 0 -1
    outer loop
      vertex -13.7563 127.003 1.79
      vertex -14.3494 125.571 1.79
      vertex -14.1588 127.139 1.79
    endloop
  endfacet
  facet normal 0 0 -1
    outer loop
      vertex -14.56 125.642 1.79
      vertex -14.1588 127.139 1.79
      vertex -14.3494 125.571 1.79
    endloop
  endfacet
  facet normal 0 0 -1
    outer loop
      vertex -14.56 125.642 1.79
      vertex -14.5758 127.222 1.79
      vertex -14.1588 127.139 1.79
    endloop
  endfacet
  facet normal 0 0 -1
    outer loop
      vertex -14.7781 125.685 1.79
      vertex -14.5758 127.222 1.79
      vertex -14.56 125.642 1.79
    endloop
  endfacet
  facet normal 0 0 -1
    outer loop
      vertex -15 125.7 1.79
      vertex -14.5758 127.222 1.79
      vertex -14.7781 125.685 1.79
    endloop
  endfacet
  facet normal 0 0 -1
    outer loop
      vertex -15 125.7 1.79
      vertex -15 127.25 1.79
      vertex -14.5758 127.222 1.79
    endloop
  endfacet
  facet normal 0 0 -1
    outer loop
      vertex -15.2219 125.685 1.79
      vertex -15 127.25 1.79
      vertex -15 125.7 1.79
    endloop
  endfacet
  facet normal 0 0 -1
    outer loop
      vertex -15.2219 125.685 1.79
      vertex -15.4242 127.222 1.79
      vertex -15 127.25 1.79
    endloop
  endfacet
  facet normal 0 0 -1
    outer loop
      vertex -15.44 125.642 1.79
      vertex -15.4242 127.222 1.79
      vertex -15.2219 125.685 1.79
    endloop
  endfacet
  facet normal 0 0 -1
    outer loop
      vertex -15.8412 127.139 1.79
      vertex -15.44 125.642 1.79
      vertex -15.6506 125.571 1.79
    endloop
  endfacet
  facet normal 0 0 -1
    outer loop
      vertex -15.44 125.642 1.79
      vertex -15.8412 127.139 1.79
      vertex -15.4242 127.222 1.79
    endloop
  endfacet
  facet normal 0 0 -1
    outer loop
      vertex -16.2437 127.003 1.79
      vertex -15.6506 125.571 1.79
      vertex -15.85 125.472 1.79
    endloop
  endfacet
  facet normal 0 0 -1
    outer loop
      vertex -16.625 126.815 1.79
      vertex -15.85 125.472 1.79
      vertex -16.0349 125.349 1.79
    endloop
  endfacet
  facet normal 0 0 -1
    outer loop
      vertex -16.9785 126.578 1.79
      vertex -16.0349 125.349 1.79
      vertex -16.2021 125.202 1.79
    endloop
  endfacet
  facet normal 0 0 -1
    outer loop
      vertex -15.6506 125.571 1.79
      vertex -16.2437 127.003 1.79
      vertex -15.8412 127.139 1.79
    endloop
  endfacet
  facet normal 0 0 -1
    outer loop
      vertex -17.2981 126.298 1.79
      vertex -16.2021 125.202 1.79
      vertex -16.3487 125.035 1.79
    endloop
  endfacet
  facet normal 0 0 -1
    outer loop
      vertex -17.5784 125.978 1.79
      vertex -16.3487 125.035 1.79
      vertex -16.4722 124.85 1.79
    endloop
  endfacet
  facet normal 0 0 -1
    outer loop
      vertex -17.8146 125.625 1.79
      vertex -16.4722 124.85 1.79
      vertex -16.5706 124.651 1.79
    endloop
  endfacet
  facet normal 0 0 -1
    outer loop
      vertex -15.85 125.472 1.79
      vertex -16.625 126.815 1.79
      vertex -16.2437 127.003 1.79
    endloop
  endfacet
  facet normal 0 0 -1
    outer loop
      vertex -18.0026 125.244 1.79
      vertex -16.5706 124.651 1.79
      vertex -16.6421 124.44 1.79
    endloop
  endfacet
  facet normal 0 0 -1
    outer loop
      vertex -18.1393 124.841 1.79
      vertex -16.6421 124.44 1.79
      vertex -16.6855 124.222 1.79
    endloop
  endfacet
  facet normal 0 0 -1
    outer loop
      vertex -18.2222 124.424 1.79
      vertex -16.6855 124.222 1.79
      vertex -16.7 124 1.79
    endloop
  endfacet
  facet normal 0 0 -1
    outer loop
      vertex -18.0026 122.756 1.79
      vertex -16.5706 123.349 1.79
      vertex -17.8146 122.375 1.79
    endloop
  endfacet
  facet normal 0 0 -1
    outer loop
      vertex -16.0349 125.349 1.79
      vertex -16.9785 126.578 1.79
      vertex -16.625 126.815 1.79
    endloop
  endfacet
  facet normal -0 0 -1
    outer loop
      vertex -16.5706 123.349 1.79
      vertex -18.0026 122.756 1.79
      vertex -16.6421 123.56 1.79
    endloop
  endfacet
  facet normal 0 0 -1
    outer loop
      vertex -16.2021 125.202 1.79
      vertex -17.2981 126.298 1.79
      vertex -16.9785 126.578 1.79
    endloop
  endfacet
  facet normal 0 0 -1
    outer loop
      vertex -18.1393 123.159 1.79
      vertex -16.6421 123.56 1.79
      vertex -18.0026 122.756 1.79
    endloop
  endfacet
  facet normal 0 0 -1
    outer loop
      vertex -16.3487 125.035 1.79
      vertex -17.5784 125.978 1.79
      vertex -17.2981 126.298 1.79
    endloop
  endfacet
  facet normal -0 0 -1
    outer loop
      vertex -16.6421 123.56 1.79
      vertex -18.1393 123.159 1.79
      vertex -16.6855 123.778 1.79
    endloop
  endfacet
  facet normal 0 0 -1
    outer loop
      vertex -16.4722 124.85 1.79
      vertex -17.8146 125.625 1.79
      vertex -17.5784 125.978 1.79
    endloop
  endfacet
  facet normal 0 0 -1
    outer loop
      vertex -18.2222 123.576 1.79
      vertex -16.6855 123.778 1.79
      vertex -18.1393 123.159 1.79
    endloop
  endfacet
  facet normal 0 0 -1
    outer loop
      vertex -16.5706 124.651 1.79
      vertex -18.0026 125.244 1.79
      vertex -17.8146 125.625 1.79
    endloop
  endfacet
  facet normal -0 0 -1
    outer loop
      vertex -16.6855 123.778 1.79
      vertex -18.2222 123.576 1.79
      vertex -16.7 124 1.79
    endloop
  endfacet
  facet normal 0 0 -1
    outer loop
      vertex -16.6421 124.44 1.79
      vertex -18.1393 124.841 1.79
      vertex -18.0026 125.244 1.79
    endloop
  endfacet
  facet normal 0 0 -1
    outer loop
      vertex -18.25 124 1.79
      vertex -16.7 124 1.79
      vertex -18.2222 123.576 1.79
    endloop
  endfacet
  facet normal 0 0 -1
    outer loop
      vertex -16.6855 124.222 1.79
      vertex -18.2222 124.424 1.79
      vertex -18.1393 124.841 1.79
    endloop
  endfacet
  facet normal 0 0 -1
    outer loop
      vertex -16.7 124 1.79
      vertex -18.25 124 1.79
      vertex -18.2222 124.424 1.79
    endloop
  endfacet
  facet normal 0.947002 -0.321229 0
    outer loop
      vertex -18.1393 124.841 1.79
      vertex -18.0026 125.244 0
      vertex -18.0026 125.244 1.79
    endloop
  endfacet
  facet normal 0.947002 -0.321229 0
    outer loop
      vertex -18.0026 125.244 0
      vertex -18.1393 124.841 1.79
      vertex -18.1393 124.841 0
    endloop
  endfacet
  facet normal 0.980806 -0.194985 0
    outer loop
      vertex -18.2222 124.424 1.79
      vertex -18.1393 124.841 0
      vertex -18.1393 124.841 1.79
    endloop
  endfacet
  facet normal 0.980806 -0.194985 0
    outer loop
      vertex -18.1393 124.841 0
      vertex -18.2222 124.424 1.79
      vertex -18.2222 124.424 0
    endloop
  endfacet
  facet normal 0.831107 -0.556112 0
    outer loop
      vertex -17.8146 125.625 1.79
      vertex -17.5784 125.978 0
      vertex -17.5784 125.978 1.79
    endloop
  endfacet
  facet normal 0.831107 -0.556112 0
    outer loop
      vertex -17.5784 125.978 0
      vertex -17.8146 125.625 1.79
      vertex -17.8146 125.625 0
    endloop
  endfacet
  facet normal 0.195211 -0.980761 0
    outer loop
      vertex -15.8412 127.139 0
      vertex -15.4242 127.222 1.79
      vertex -15.8412 127.139 1.79
    endloop
  endfacet
  facet normal 0.195211 -0.980761 0
    outer loop
      vertex -15.4242 127.222 1.79
      vertex -15.8412 127.139 0
      vertex -15.4242 127.222 0
    endloop
  endfacet
  facet normal 0.556867 -0.830602 0
    outer loop
      vertex -16.9785 126.578 0
      vertex -16.625 126.815 1.79
      vertex -16.9785 126.578 1.79
    endloop
  endfacet
  facet normal 0.556867 -0.830602 0
    outer loop
      vertex -16.625 126.815 1.79
      vertex -16.9785 126.578 0
      vertex -16.625 126.815 0
    endloop
  endfacet
  facet normal 0.44222 -0.896907 0
    outer loop
      vertex -16.625 126.815 0
      vertex -16.2437 127.003 1.79
      vertex -16.625 126.815 1.79
    endloop
  endfacet
  facet normal 0.44222 -0.896907 0
    outer loop
      vertex -16.2437 127.003 1.79
      vertex -16.625 126.815 0
      vertex -16.2437 127.003 0
    endloop
  endfacet
  facet normal -0.997857 0.0654256 0
    outer loop
      vertex -11.7778 123.576 0
      vertex -11.75 124 1.79
      vertex -11.75 124 0
    endloop
  endfacet
  facet normal -0.997857 0.0654256 0
    outer loop
      vertex -11.75 124 1.79
      vertex -11.7778 123.576 0
      vertex -11.7778 123.576 1.79
    endloop
  endfacet
  facet normal -0.195211 0.980761 0
    outer loop
      vertex -14.1588 120.861 0
      vertex -14.5758 120.778 1.79
      vertex -14.1588 120.861 1.79
    endloop
  endfacet
  facet normal -0.195211 0.980761 0
    outer loop
      vertex -14.5758 120.778 1.79
      vertex -14.1588 120.861 0
      vertex -14.5758 120.778 0
    endloop
  endfacet
  facet normal -0.658971 0.752168 0
    outer loop
      vertex -12.7019 121.702 0
      vertex -13.0215 121.422 1.79
      vertex -12.7019 121.702 1.79
    endloop
  endfacet
  facet normal -0.658971 0.752168 0
    outer loop
      vertex -13.0215 121.422 1.79
      vertex -12.7019 121.702 0
      vertex -13.0215 121.422 0
    endloop
  endfacet
  facet normal -0.44222 0.896907 0
    outer loop
      vertex -13.375 121.185 0
      vertex -13.7563 120.997 1.79
      vertex -13.375 121.185 1.79
    endloop
  endfacet
  facet normal -0.44222 0.896907 0
    outer loop
      vertex -13.7563 120.997 1.79
      vertex -13.375 121.185 0
      vertex -13.7563 120.997 0
    endloop
  endfacet
  facet normal 0.320109 0.947381 -0
    outer loop
      vertex -15.8412 120.861 0
      vertex -16.2437 120.997 1.79
      vertex -15.8412 120.861 1.79
    endloop
  endfacet
  facet normal 0.320109 0.947381 0
    outer loop
      vertex -16.2437 120.997 1.79
      vertex -15.8412 120.861 0
      vertex -16.2437 120.997 0
    endloop
  endfacet
  facet normal 0.556867 0.830602 -0
    outer loop
      vertex -16.625 121.185 0
      vertex -16.9785 121.422 1.79
      vertex -16.625 121.185 1.79
    endloop
  endfacet
  facet normal 0.556867 0.830602 0
    outer loop
      vertex -16.9785 121.422 1.79
      vertex -16.625 121.185 0
      vertex -16.9785 121.422 0
    endloop
  endfacet
  facet normal 0.980806 0.194985 0
    outer loop
      vertex -18.1393 123.159 1.79
      vertex -18.2222 123.576 0
      vertex -18.2222 123.576 1.79
    endloop
  endfacet
  facet normal 0.980806 0.194985 0
    outer loop
      vertex -18.2222 123.576 0
      vertex -18.1393 123.159 1.79
      vertex -18.1393 123.159 0
    endloop
  endfacet
  facet normal 0.752227 0.658904 0
    outer loop
      vertex -17.2981 121.702 1.79
      vertex -17.5784 122.022 0
      vertex -17.5784 122.022 1.79
    endloop
  endfacet
  facet normal 0.752227 0.658904 0
    outer loop
      vertex -17.5784 122.022 0
      vertex -17.2981 121.702 1.79
      vertex -17.2981 121.702 0
    endloop
  endfacet
  facet normal 0.896769 0.4425 0
    outer loop
      vertex -17.8146 122.375 1.79
      vertex -18.0026 122.756 0
      vertex -18.0026 122.756 1.79
    endloop
  endfacet
  facet normal 0.896769 0.4425 0
    outer loop
      vertex -18.0026 122.756 0
      vertex -17.8146 122.375 1.79
      vertex -17.8146 122.375 0
    endloop
  endfacet
  facet normal -0.980806 0.194985 0
    outer loop
      vertex -11.8607 123.159 0
      vertex -11.7778 123.576 1.79
      vertex -11.7778 123.576 0
    endloop
  endfacet
  facet normal -0.980806 0.194985 0
    outer loop
      vertex -11.7778 123.576 1.79
      vertex -11.8607 123.159 0
      vertex -11.8607 123.159 1.79
    endloop
  endfacet
  facet normal -0.896769 0.4425 0
    outer loop
      vertex -12.1854 122.375 0
      vertex -11.9974 122.756 1.79
      vertex -11.9974 122.756 0
    endloop
  endfacet
  facet normal -0.896769 0.4425 0
    outer loop
      vertex -11.9974 122.756 1.79
      vertex -12.1854 122.375 0
      vertex -12.1854 122.375 1.79
    endloop
  endfacet
  facet normal -0.320109 0.947381 0
    outer loop
      vertex -13.7563 120.997 0
      vertex -14.1588 120.861 1.79
      vertex -13.7563 120.997 1.79
    endloop
  endfacet
  facet normal -0.320109 0.947381 0
    outer loop
      vertex -14.1588 120.861 1.79
      vertex -13.7563 120.997 0
      vertex -14.1588 120.861 0
    endloop
  endfacet
  facet normal -0.752227 0.658904 0
    outer loop
      vertex -12.7019 121.702 0
      vertex -12.4216 122.022 1.79
      vertex -12.4216 122.022 0
    endloop
  endfacet
  facet normal -0.752227 0.658904 0
    outer loop
      vertex -12.4216 122.022 1.79
      vertex -12.7019 121.702 0
      vertex -12.7019 121.702 1.79
    endloop
  endfacet
  facet normal -0.556867 0.830602 0
    outer loop
      vertex -13.0215 121.422 0
      vertex -13.375 121.185 1.79
      vertex -13.0215 121.422 1.79
    endloop
  endfacet
  facet normal -0.556867 0.830602 0
    outer loop
      vertex -13.375 121.185 1.79
      vertex -13.0215 121.422 0
      vertex -13.375 121.185 0
    endloop
  endfacet
  facet normal 0.195211 0.980761 -0
    outer loop
      vertex -15.4242 120.778 0
      vertex -15.8412 120.861 1.79
      vertex -15.4242 120.778 1.79
    endloop
  endfacet
  facet normal 0.195211 0.980761 0
    outer loop
      vertex -15.8412 120.861 1.79
      vertex -15.4242 120.778 0
      vertex -15.8412 120.861 0
    endloop
  endfacet
  facet normal 0.44222 0.896907 -0
    outer loop
      vertex -16.2437 120.997 0
      vertex -16.625 121.185 1.79
      vertex -16.2437 120.997 1.79
    endloop
  endfacet
  facet normal 0.44222 0.896907 0
    outer loop
      vertex -16.625 121.185 1.79
      vertex -16.2437 120.997 0
      vertex -16.625 121.185 0
    endloop
  endfacet
  facet normal 0.947002 0.321229 0
    outer loop
      vertex -18.0026 122.756 1.79
      vertex -18.1393 123.159 0
      vertex -18.1393 123.159 1.79
    endloop
  endfacet
  facet normal 0.947002 0.321229 0
    outer loop
      vertex -18.1393 123.159 0
      vertex -18.0026 122.756 1.79
      vertex -18.0026 122.756 0
    endloop
  endfacet
  facet normal 0.831107 0.556112 0
    outer loop
      vertex -17.5784 122.022 1.79
      vertex -17.8146 122.375 0
      vertex -17.8146 122.375 1.79
    endloop
  endfacet
  facet normal 0.831107 0.556112 0
    outer loop
      vertex -17.8146 122.375 0
      vertex -17.5784 122.022 1.79
      vertex -17.5784 122.022 0
    endloop
  endfacet
  facet normal -0.997874 -0.0651764 0
    outer loop
      vertex 16.7 124 1.79
      vertex 16.6855 124.222 14.8
      vertex 16.6855 124.222 1.79
    endloop
  endfacet
  facet normal -0.997874 -0.0651764 0
    outer loop
      vertex 16.6855 124.222 14.8
      vertex 16.7 124 1.79
      vertex 16.7 124 14.8
    endloop
  endfacet
  facet normal 0.997874 -0.0651764 0
    outer loop
      vertex 13.3 124 14.8
      vertex 13.3145 124.222 1.79
      vertex 13.3145 124.222 14.8
    endloop
  endfacet
  facet normal 0.997874 -0.0651764 0
    outer loop
      vertex 13.3145 124.222 1.79
      vertex 13.3 124 14.8
      vertex 13.3 124 1.79
    endloop
  endfacet
  facet normal -0.0674441 -0.997723 0
    outer loop
      vertex 15 125.7 1.79
      vertex 15.2219 125.685 14.8
      vertex 15 125.7 14.8
    endloop
  endfacet
  facet normal -0.0674441 -0.997723 -0
    outer loop
      vertex 15.2219 125.685 14.8
      vertex 15 125.7 1.79
      vertex 15.2219 125.685 1.79
    endloop
  endfacet
  facet normal -0.660284 -0.751016 0
    outer loop
      vertex 16.0349 125.349 1.79
      vertex 16.2021 125.202 14.8
      vertex 16.0349 125.349 14.8
    endloop
  endfacet
  facet normal -0.660284 -0.751016 -0
    outer loop
      vertex 16.2021 125.202 14.8
      vertex 16.0349 125.349 1.79
      vertex 16.2021 125.202 1.79
    endloop
  endfacet
  facet normal 0.660284 -0.751016 0
    outer loop
      vertex 13.7979 125.202 1.79
      vertex 13.9651 125.349 14.8
      vertex 13.7979 125.202 14.8
    endloop
  endfacet
  facet normal 0.660284 -0.751016 0
    outer loop
      vertex 13.9651 125.349 14.8
      vertex 13.7979 125.202 1.79
      vertex 13.9651 125.349 1.79
    endloop
  endfacet
  facet normal 0.319466 -0.947598 0
    outer loop
      vertex 14.3494 125.571 1.79
      vertex 14.56 125.642 14.8
      vertex 14.3494 125.571 14.8
    endloop
  endfacet
  facet normal 0.319466 -0.947598 0
    outer loop
      vertex 14.56 125.642 14.8
      vertex 14.3494 125.571 1.79
      vertex 14.56 125.642 1.79
    endloop
  endfacet
  facet normal 0.751516 0.659714 0
    outer loop
      vertex 13.7979 122.798 14.8
      vertex 13.6513 122.965 1.79
      vertex 13.6513 122.965 14.8
    endloop
  endfacet
  facet normal 0.751516 0.659714 0
    outer loop
      vertex 13.6513 122.965 1.79
      vertex 13.7979 122.798 14.8
      vertex 13.7979 122.798 1.79
    endloop
  endfacet
  facet normal -0.947101 -0.320937 0
    outer loop
      vertex 16.6421 124.44 1.79
      vertex 16.5706 124.651 14.8
      vertex 16.5706 124.651 1.79
    endloop
  endfacet
  facet normal -0.947101 -0.320937 0
    outer loop
      vertex 16.5706 124.651 14.8
      vertex 16.6421 124.44 1.79
      vertex 16.6421 124.44 14.8
    endloop
  endfacet
  facet normal -0.980753 -0.195251 0
    outer loop
      vertex 16.6855 124.222 1.79
      vertex 16.6421 124.44 14.8
      vertex 16.6421 124.44 1.79
    endloop
  endfacet
  facet normal -0.980753 -0.195251 0
    outer loop
      vertex 16.6421 124.44 14.8
      vertex 16.6855 124.222 1.79
      vertex 16.6855 124.222 14.8
    endloop
  endfacet
  facet normal -0.831704 -0.555219 0
    outer loop
      vertex 16.4722 124.85 1.79
      vertex 16.3487 125.035 14.8
      vertex 16.3487 125.035 1.79
    endloop
  endfacet
  facet normal -0.831704 -0.555219 0
    outer loop
      vertex 16.3487 125.035 14.8
      vertex 16.4722 124.85 1.79
      vertex 16.4722 124.85 14.8
    endloop
  endfacet
  facet normal -0.319466 -0.947598 0
    outer loop
      vertex 15.44 125.642 1.79
      vertex 15.6506 125.571 14.8
      vertex 15.44 125.642 14.8
    endloop
  endfacet
  facet normal -0.319466 -0.947598 -0
    outer loop
      vertex 15.6506 125.571 14.8
      vertex 15.44 125.642 1.79
      vertex 15.6506 125.571 1.79
    endloop
  endfacet
  facet normal -0.193434 -0.981113 0
    outer loop
      vertex 15.2219 125.685 1.79
      vertex 15.44 125.642 14.8
      vertex 15.2219 125.685 14.8
    endloop
  endfacet
  facet normal -0.193434 -0.981113 -0
    outer loop
      vertex 15.44 125.642 14.8
      vertex 15.2219 125.685 1.79
      vertex 15.44 125.642 1.79
    endloop
  endfacet
  facet normal -0.553869 -0.832604 0
    outer loop
      vertex 15.85 125.472 1.79
      vertex 16.0349 125.349 14.8
      vertex 15.85 125.472 14.8
    endloop
  endfacet
  facet normal -0.553869 -0.832604 -0
    outer loop
      vertex 16.0349 125.349 14.8
      vertex 15.85 125.472 1.79
      vertex 16.0349 125.349 1.79
    endloop
  endfacet
  facet normal 0.831704 -0.555219 0
    outer loop
      vertex 13.5278 124.85 14.8
      vertex 13.6513 125.035 1.79
      vertex 13.6513 125.035 14.8
    endloop
  endfacet
  facet normal 0.831704 -0.555219 0
    outer loop
      vertex 13.6513 125.035 1.79
      vertex 13.5278 124.85 14.8
      vertex 13.5278 124.85 1.79
    endloop
  endfacet
  facet normal 0.751516 -0.659714 0
    outer loop
      vertex 13.6513 125.035 14.8
      vertex 13.7979 125.202 1.79
      vertex 13.7979 125.202 14.8
    endloop
  endfacet
  facet normal 0.751516 -0.659714 0
    outer loop
      vertex 13.7979 125.202 1.79
      vertex 13.6513 125.035 14.8
      vertex 13.6513 125.035 1.79
    endloop
  endfacet
  facet normal 0.947101 -0.320937 0
    outer loop
      vertex 13.3579 124.44 14.8
      vertex 13.4294 124.651 1.79
      vertex 13.4294 124.651 14.8
    endloop
  endfacet
  facet normal 0.947101 -0.320937 0
    outer loop
      vertex 13.4294 124.651 1.79
      vertex 13.3579 124.44 14.8
      vertex 13.3579 124.44 1.79
    endloop
  endfacet
  facet normal 0.553869 -0.832604 0
    outer loop
      vertex 13.9651 125.349 1.79
      vertex 14.15 125.472 14.8
      vertex 13.9651 125.349 14.8
    endloop
  endfacet
  facet normal 0.553869 -0.832604 0
    outer loop
      vertex 14.15 125.472 14.8
      vertex 13.9651 125.349 1.79
      vertex 14.15 125.472 1.79
    endloop
  endfacet
  facet normal 0.0674441 -0.997723 0
    outer loop
      vertex 14.7781 125.685 1.79
      vertex 15 125.7 14.8
      vertex 14.7781 125.685 14.8
    endloop
  endfacet
  facet normal 0.0674441 -0.997723 0
    outer loop
      vertex 15 125.7 14.8
      vertex 14.7781 125.685 1.79
      vertex 15 125.7 1.79
    endloop
  endfacet
  facet normal -0.997874 0.0651764 0
    outer loop
      vertex 16.6855 123.778 1.79
      vertex 16.7 124 14.8
      vertex 16.7 124 1.79
    endloop
  endfacet
  facet normal -0.997874 0.0651764 0
    outer loop
      vertex 16.7 124 14.8
      vertex 16.6855 123.778 1.79
      vertex 16.6855 123.778 14.8
    endloop
  endfacet
  facet normal -0.751516 0.659714 0
    outer loop
      vertex 16.2021 122.798 1.79
      vertex 16.3487 122.965 14.8
      vertex 16.3487 122.965 1.79
    endloop
  endfacet
  facet normal -0.751516 0.659714 0
    outer loop
      vertex 16.3487 122.965 14.8
      vertex 16.2021 122.798 1.79
      vertex 16.2021 122.798 14.8
    endloop
  endfacet
  facet normal -0.980753 0.195251 0
    outer loop
      vertex 16.6421 123.56 1.79
      vertex 16.6855 123.778 14.8
      vertex 16.6855 123.778 1.79
    endloop
  endfacet
  facet normal -0.980753 0.195251 0
    outer loop
      vertex 16.6855 123.778 14.8
      vertex 16.6421 123.56 1.79
      vertex 16.6421 123.56 14.8
    endloop
  endfacet
  facet normal 0.319466 0.947598 -0
    outer loop
      vertex 14.56 122.358 1.79
      vertex 14.3494 122.429 14.8
      vertex 14.56 122.358 14.8
    endloop
  endfacet
  facet normal 0.319466 0.947598 0
    outer loop
      vertex 14.3494 122.429 14.8
      vertex 14.56 122.358 1.79
      vertex 14.3494 122.429 1.79
    endloop
  endfacet
  facet normal 0.660284 0.751016 -0
    outer loop
      vertex 13.9651 122.651 1.79
      vertex 13.7979 122.798 14.8
      vertex 13.9651 122.651 14.8
    endloop
  endfacet
  facet normal 0.660284 0.751016 0
    outer loop
      vertex 13.7979 122.798 14.8
      vertex 13.9651 122.651 1.79
      vertex 13.7979 122.798 1.79
    endloop
  endfacet
  facet normal 0.553869 0.832604 -0
    outer loop
      vertex 14.15 122.528 1.79
      vertex 13.9651 122.651 14.8
      vertex 14.15 122.528 14.8
    endloop
  endfacet
  facet normal 0.553869 0.832604 0
    outer loop
      vertex 13.9651 122.651 14.8
      vertex 14.15 122.528 1.79
      vertex 13.9651 122.651 1.79
    endloop
  endfacet
  facet normal -0.8964 -0.443245 0
    outer loop
      vertex 16.5706 124.651 1.79
      vertex 16.4722 124.85 14.8
      vertex 16.4722 124.85 1.79
    endloop
  endfacet
  facet normal -0.8964 -0.443245 0
    outer loop
      vertex 16.4722 124.85 14.8
      vertex 16.5706 124.651 1.79
      vertex 16.5706 124.651 14.8
    endloop
  endfacet
  facet normal -0.751516 -0.659714 0
    outer loop
      vertex 16.3487 125.035 1.79
      vertex 16.2021 125.202 14.8
      vertex 16.2021 125.202 1.79
    endloop
  endfacet
  facet normal -0.751516 -0.659714 0
    outer loop
      vertex 16.2021 125.202 14.8
      vertex 16.3487 125.035 1.79
      vertex 16.3487 125.035 14.8
    endloop
  endfacet
  facet normal -0.444696 -0.895681 0
    outer loop
      vertex 15.6506 125.571 1.79
      vertex 15.85 125.472 14.8
      vertex 15.6506 125.571 14.8
    endloop
  endfacet
  facet normal -0.444696 -0.895681 -0
    outer loop
      vertex 15.85 125.472 14.8
      vertex 15.6506 125.571 1.79
      vertex 15.85 125.472 1.79
    endloop
  endfacet
  facet normal 0.8964 -0.443245 0
    outer loop
      vertex 13.4294 124.651 14.8
      vertex 13.5278 124.85 1.79
      vertex 13.5278 124.85 14.8
    endloop
  endfacet
  facet normal 0.8964 -0.443245 0
    outer loop
      vertex 13.5278 124.85 1.79
      vertex 13.4294 124.651 14.8
      vertex 13.4294 124.651 1.79
    endloop
  endfacet
  facet normal 0.980753 -0.195251 0
    outer loop
      vertex 13.3145 124.222 14.8
      vertex 13.3579 124.44 1.79
      vertex 13.3579 124.44 14.8
    endloop
  endfacet
  facet normal 0.980753 -0.195251 0
    outer loop
      vertex 13.3579 124.44 1.79
      vertex 13.3145 124.222 14.8
      vertex 13.3145 124.222 1.79
    endloop
  endfacet
  facet normal 0.444696 -0.895681 0
    outer loop
      vertex 14.15 125.472 1.79
      vertex 14.3494 125.571 14.8
      vertex 14.15 125.472 14.8
    endloop
  endfacet
  facet normal 0.444696 -0.895681 0
    outer loop
      vertex 14.3494 125.571 14.8
      vertex 14.15 125.472 1.79
      vertex 14.3494 125.571 1.79
    endloop
  endfacet
  facet normal 0.193434 -0.981113 0
    outer loop
      vertex 14.56 125.642 1.79
      vertex 14.7781 125.685 14.8
      vertex 14.56 125.642 14.8
    endloop
  endfacet
  facet normal 0.193434 -0.981113 0
    outer loop
      vertex 14.7781 125.685 14.8
      vertex 14.56 125.642 1.79
      vertex 14.7781 125.685 1.79
    endloop
  endfacet
  facet normal -0.319466 0.947598 0
    outer loop
      vertex 15.6506 122.429 1.79
      vertex 15.44 122.358 14.8
      vertex 15.6506 122.429 14.8
    endloop
  endfacet
  facet normal -0.319466 0.947598 0
    outer loop
      vertex 15.44 122.358 14.8
      vertex 15.6506 122.429 1.79
      vertex 15.44 122.358 1.79
    endloop
  endfacet
  facet normal -0.0674441 0.997723 0
    outer loop
      vertex 15.2219 122.315 1.79
      vertex 15 122.3 14.8
      vertex 15.2219 122.315 14.8
    endloop
  endfacet
  facet normal -0.0674441 0.997723 0
    outer loop
      vertex 15 122.3 14.8
      vertex 15.2219 122.315 1.79
      vertex 15 122.3 1.79
    endloop
  endfacet
  facet normal -0.193434 0.981113 0
    outer loop
      vertex 15.44 122.358 1.79
      vertex 15.2219 122.315 14.8
      vertex 15.44 122.358 14.8
    endloop
  endfacet
  facet normal -0.193434 0.981113 0
    outer loop
      vertex 15.2219 122.315 14.8
      vertex 15.44 122.358 1.79
      vertex 15.2219 122.315 1.79
    endloop
  endfacet
  facet normal -0.444696 0.895681 0
    outer loop
      vertex 15.85 122.528 1.79
      vertex 15.6506 122.429 14.8
      vertex 15.85 122.528 14.8
    endloop
  endfacet
  facet normal -0.444696 0.895681 0
    outer loop
      vertex 15.6506 122.429 14.8
      vertex 15.85 122.528 1.79
      vertex 15.6506 122.429 1.79
    endloop
  endfacet
  facet normal -0.660284 0.751016 0
    outer loop
      vertex 16.2021 122.798 1.79
      vertex 16.0349 122.651 14.8
      vertex 16.2021 122.798 14.8
    endloop
  endfacet
  facet normal -0.660284 0.751016 0
    outer loop
      vertex 16.0349 122.651 14.8
      vertex 16.2021 122.798 1.79
      vertex 16.0349 122.651 1.79
    endloop
  endfacet
  facet normal -0.947101 0.320937 0
    outer loop
      vertex 16.5706 123.349 1.79
      vertex 16.6421 123.56 14.8
      vertex 16.6421 123.56 1.79
    endloop
  endfacet
  facet normal -0.947101 0.320937 0
    outer loop
      vertex 16.6421 123.56 14.8
      vertex 16.5706 123.349 1.79
      vertex 16.5706 123.349 14.8
    endloop
  endfacet
  facet normal -0.831704 0.555219 0
    outer loop
      vertex 16.3487 122.965 1.79
      vertex 16.4722 123.15 14.8
      vertex 16.4722 123.15 1.79
    endloop
  endfacet
  facet normal -0.831704 0.555219 0
    outer loop
      vertex 16.4722 123.15 14.8
      vertex 16.3487 122.965 1.79
      vertex 16.3487 122.965 14.8
    endloop
  endfacet
  facet normal -0.8964 0.443245 0
    outer loop
      vertex 16.4722 123.15 1.79
      vertex 16.5706 123.349 14.8
      vertex 16.5706 123.349 1.79
    endloop
  endfacet
  facet normal -0.8964 0.443245 0
    outer loop
      vertex 16.5706 123.349 14.8
      vertex 16.4722 123.15 1.79
      vertex 16.4722 123.15 14.8
    endloop
  endfacet
  facet normal 0.193434 0.981113 -0
    outer loop
      vertex 14.7781 122.315 1.79
      vertex 14.56 122.358 14.8
      vertex 14.7781 122.315 14.8
    endloop
  endfacet
  facet normal 0.193434 0.981113 0
    outer loop
      vertex 14.56 122.358 14.8
      vertex 14.7781 122.315 1.79
      vertex 14.56 122.358 1.79
    endloop
  endfacet
  facet normal 0.0674441 0.997723 -0
    outer loop
      vertex 15 122.3 1.79
      vertex 14.7781 122.315 14.8
      vertex 15 122.3 14.8
    endloop
  endfacet
  facet normal 0.0674441 0.997723 0
    outer loop
      vertex 14.7781 122.315 14.8
      vertex 15 122.3 1.79
      vertex 14.7781 122.315 1.79
    endloop
  endfacet
  facet normal 0.8964 0.443245 0
    outer loop
      vertex 13.5278 123.15 14.8
      vertex 13.4294 123.349 1.79
      vertex 13.4294 123.349 14.8
    endloop
  endfacet
  facet normal 0.8964 0.443245 0
    outer loop
      vertex 13.4294 123.349 1.79
      vertex 13.5278 123.15 14.8
      vertex 13.5278 123.15 1.79
    endloop
  endfacet
  facet normal 0.947101 0.320937 0
    outer loop
      vertex 13.4294 123.349 14.8
      vertex 13.3579 123.56 1.79
      vertex 13.3579 123.56 14.8
    endloop
  endfacet
  facet normal 0.947101 0.320937 0
    outer loop
      vertex 13.3579 123.56 1.79
      vertex 13.4294 123.349 14.8
      vertex 13.4294 123.349 1.79
    endloop
  endfacet
  facet normal 0.997874 0.0651764 0
    outer loop
      vertex 13.3145 123.778 14.8
      vertex 13.3 124 1.79
      vertex 13.3 124 14.8
    endloop
  endfacet
  facet normal 0.997874 0.0651764 0
    outer loop
      vertex 13.3 124 1.79
      vertex 13.3145 123.778 14.8
      vertex 13.3145 123.778 1.79
    endloop
  endfacet
  facet normal -0.553869 0.832604 0
    outer loop
      vertex 16.0349 122.651 1.79
      vertex 15.85 122.528 14.8
      vertex 16.0349 122.651 14.8
    endloop
  endfacet
  facet normal -0.553869 0.832604 0
    outer loop
      vertex 15.85 122.528 14.8
      vertex 16.0349 122.651 1.79
      vertex 15.85 122.528 1.79
    endloop
  endfacet
  facet normal 0.444696 0.895681 -0
    outer loop
      vertex 14.3494 122.429 1.79
      vertex 14.15 122.528 14.8
      vertex 14.3494 122.429 14.8
    endloop
  endfacet
  facet normal 0.444696 0.895681 0
    outer loop
      vertex 14.15 122.528 14.8
      vertex 14.3494 122.429 1.79
      vertex 14.15 122.528 1.79
    endloop
  endfacet
  facet normal 0.831704 0.555219 0
    outer loop
      vertex 13.6513 122.965 14.8
      vertex 13.5278 123.15 1.79
      vertex 13.5278 123.15 14.8
    endloop
  endfacet
  facet normal 0.831704 0.555219 0
    outer loop
      vertex 13.5278 123.15 1.79
      vertex 13.6513 122.965 14.8
      vertex 13.6513 122.965 1.79
    endloop
  endfacet
  facet normal 0.980753 0.195251 0
    outer loop
      vertex 13.3579 123.56 14.8
      vertex 13.3145 123.778 1.79
      vertex 13.3145 123.778 14.8
    endloop
  endfacet
  facet normal 0.980753 0.195251 0
    outer loop
      vertex 13.3145 123.778 1.79
      vertex 13.3579 123.56 14.8
      vertex 13.3579 123.56 1.79
    endloop
  endfacet
  facet normal -0.947002 -0.321229 0
    outer loop
      vertex 18.1393 124.841 0
      vertex 18.0026 125.244 1.79
      vertex 18.0026 125.244 0
    endloop
  endfacet
  facet normal -0.947002 -0.321229 0
    outer loop
      vertex 18.0026 125.244 1.79
      vertex 18.1393 124.841 0
      vertex 18.1393 124.841 1.79
    endloop
  endfacet
  facet normal -0.997857 -0.0654256 0
    outer loop
      vertex 18.25 124 0
      vertex 18.2222 124.424 1.79
      vertex 18.2222 124.424 0
    endloop
  endfacet
  facet normal -0.997857 -0.0654256 0
    outer loop
      vertex 18.2222 124.424 1.79
      vertex 18.25 124 0
      vertex 18.25 124 1.79
    endloop
  endfacet
  facet normal 0.997857 -0.0654256 0
    outer loop
      vertex 11.75 124 1.79
      vertex 11.7778 124.424 0
      vertex 11.7778 124.424 1.79
    endloop
  endfacet
  facet normal 0.997857 -0.0654256 0
    outer loop
      vertex 11.7778 124.424 0
      vertex 11.75 124 1.79
      vertex 11.75 124 0
    endloop
  endfacet
  facet normal -0.0658633 -0.997829 0
    outer loop
      vertex 15 127.25 0
      vertex 15.4242 127.222 1.79
      vertex 15 127.25 1.79
    endloop
  endfacet
  facet normal -0.0658633 -0.997829 -0
    outer loop
      vertex 15.4242 127.222 1.79
      vertex 15 127.25 0
      vertex 15.4242 127.222 0
    endloop
  endfacet
  facet normal -0.658971 -0.752168 0
    outer loop
      vertex 16.9785 126.578 0
      vertex 17.2981 126.298 1.79
      vertex 16.9785 126.578 1.79
    endloop
  endfacet
  facet normal -0.658971 -0.752168 -0
    outer loop
      vertex 17.2981 126.298 1.79
      vertex 16.9785 126.578 0
      vertex 17.2981 126.298 0
    endloop
  endfacet
  facet normal 0.658971 -0.752168 0
    outer loop
      vertex 12.7019 126.298 0
      vertex 13.0215 126.578 1.79
      vertex 12.7019 126.298 1.79
    endloop
  endfacet
  facet normal 0.658971 -0.752168 0
    outer loop
      vertex 13.0215 126.578 1.79
      vertex 12.7019 126.298 0
      vertex 13.0215 126.578 0
    endloop
  endfacet
  facet normal 0.320109 -0.947381 0
    outer loop
      vertex 13.7563 127.003 0
      vertex 14.1588 127.139 1.79
      vertex 13.7563 127.003 1.79
    endloop
  endfacet
  facet normal 0.320109 -0.947381 0
    outer loop
      vertex 14.1588 127.139 1.79
      vertex 13.7563 127.003 0
      vertex 14.1588 127.139 0
    endloop
  endfacet
  facet normal -0.997857 0.0654256 0
    outer loop
      vertex 18.2222 123.576 0
      vertex 18.25 124 1.79
      vertex 18.25 124 0
    endloop
  endfacet
  facet normal -0.997857 0.0654256 0
    outer loop
      vertex 18.25 124 1.79
      vertex 18.2222 123.576 0
      vertex 18.2222 123.576 1.79
    endloop
  endfacet
  facet normal 0.752227 0.658904 0
    outer loop
      vertex 12.7019 121.702 1.79
      vertex 12.4216 122.022 0
      vertex 12.4216 122.022 1.79
    endloop
  endfacet
  facet normal 0.752227 0.658904 0
    outer loop
      vertex 12.4216 122.022 0
      vertex 12.7019 121.702 1.79
      vertex 12.7019 121.702 0
    endloop
  endfacet
  facet normal -0.896769 -0.4425 0
    outer loop
      vertex 18.0026 125.244 0
      vertex 17.8146 125.625 1.79
      vertex 17.8146 125.625 0
    endloop
  endfacet
  facet normal -0.896769 -0.4425 0
    outer loop
      vertex 17.8146 125.625 1.79
      vertex 18.0026 125.244 0
      vertex 18.0026 125.244 1.79
    endloop
  endfacet
  facet normal -0.831107 -0.556112 0
    outer loop
      vertex 17.8146 125.625 0
      vertex 17.5784 125.978 1.79
      vertex 17.5784 125.978 0
    endloop
  endfacet
  facet normal -0.831107 -0.556112 0
    outer loop
      vertex 17.5784 125.978 1.79
      vertex 17.8146 125.625 0
      vertex 17.8146 125.625 1.79
    endloop
  endfacet
  facet normal -0.44222 -0.896907 0
    outer loop
      vertex 16.2437 127.003 0
      vertex 16.625 126.815 1.79
      vertex 16.2437 127.003 1.79
    endloop
  endfacet
  facet normal -0.44222 -0.896907 -0
    outer loop
      vertex 16.625 126.815 1.79
      vertex 16.2437 127.003 0
      vertex 16.625 126.815 0
    endloop
  endfacet
  facet normal -0.195211 -0.980761 0
    outer loop
      vertex 15.4242 127.222 0
      vertex 15.8412 127.139 1.79
      vertex 15.4242 127.222 1.79
    endloop
  endfacet
  facet normal -0.195211 -0.980761 -0
    outer loop
      vertex 15.8412 127.139 1.79
      vertex 15.4242 127.222 0
      vertex 15.8412 127.139 0
    endloop
  endfacet
  facet normal -0.556867 -0.830602 0
    outer loop
      vertex 16.625 126.815 0
      vertex 16.9785 126.578 1.79
      vertex 16.625 126.815 1.79
    endloop
  endfacet
  facet normal -0.556867 -0.830602 -0
    outer loop
      vertex 16.9785 126.578 1.79
      vertex 16.625 126.815 0
      vertex 16.9785 126.578 0
    endloop
  endfacet
  facet normal 0.831107 -0.556112 0
    outer loop
      vertex 12.1854 125.625 1.79
      vertex 12.4216 125.978 0
      vertex 12.4216 125.978 1.79
    endloop
  endfacet
  facet normal 0.831107 -0.556112 0
    outer loop
      vertex 12.4216 125.978 0
      vertex 12.1854 125.625 1.79
      vertex 12.1854 125.625 0
    endloop
  endfacet
  facet normal 0.752227 -0.658904 0
    outer loop
      vertex 12.4216 125.978 1.79
      vertex 12.7019 126.298 0
      vertex 12.7019 126.298 1.79
    endloop
  endfacet
  facet normal 0.752227 -0.658904 0
    outer loop
      vertex 12.7019 126.298 0
      vertex 12.4216 125.978 1.79
      vertex 12.4216 125.978 0
    endloop
  endfacet
  facet normal 0.980806 -0.194985 0
    outer loop
      vertex 11.7778 124.424 1.79
      vertex 11.8607 124.841 0
      vertex 11.8607 124.841 1.79
    endloop
  endfacet
  facet normal 0.980806 -0.194985 0
    outer loop
      vertex 11.8607 124.841 0
      vertex 11.7778 124.424 1.79
      vertex 11.7778 124.424 0
    endloop
  endfacet
  facet normal 0.556867 -0.830602 0
    outer loop
      vertex 13.0215 126.578 0
      vertex 13.375 126.815 1.79
      vertex 13.0215 126.578 1.79
    endloop
  endfacet
  facet normal 0.556867 -0.830602 0
    outer loop
      vertex 13.375 126.815 1.79
      vertex 13.0215 126.578 0
      vertex 13.375 126.815 0
    endloop
  endfacet
  facet normal 0.0658633 -0.997829 0
    outer loop
      vertex 14.5758 127.222 0
      vertex 15 127.25 1.79
      vertex 14.5758 127.222 1.79
    endloop
  endfacet
  facet normal 0.0658633 -0.997829 0
    outer loop
      vertex 15 127.25 1.79
      vertex 14.5758 127.222 0
      vertex 15 127.25 0
    endloop
  endfacet
  facet normal -0.831107 0.556112 0
    outer loop
      vertex 17.5784 122.022 0
      vertex 17.8146 122.375 1.79
      vertex 17.8146 122.375 0
    endloop
  endfacet
  facet normal -0.831107 0.556112 0
    outer loop
      vertex 17.8146 122.375 1.79
      vertex 17.5784 122.022 0
      vertex 17.5784 122.022 1.79
    endloop
  endfacet
  facet normal -0.195211 0.980761 0
    outer loop
      vertex 15.8412 120.861 0
      vertex 15.4242 120.778 1.79
      vertex 15.8412 120.861 1.79
    endloop
  endfacet
  facet normal -0.195211 0.980761 0
    outer loop
      vertex 15.4242 120.778 1.79
      vertex 15.8412 120.861 0
      vertex 15.4242 120.778 0
    endloop
  endfacet
  facet normal -0.0658633 0.997829 0
    outer loop
      vertex 15.4242 120.778 0
      vertex 15 120.75 1.79
      vertex 15.4242 120.778 1.79
    endloop
  endfacet
  facet normal -0.0658633 0.997829 0
    outer loop
      vertex 15 120.75 1.79
      vertex 15.4242 120.778 0
      vertex 15 120.75 0
    endloop
  endfacet
  facet normal -0.752227 0.658904 0
    outer loop
      vertex 17.2981 121.702 0
      vertex 17.5784 122.022 1.79
      vertex 17.5784 122.022 0
    endloop
  endfacet
  facet normal -0.752227 0.658904 0
    outer loop
      vertex 17.5784 122.022 1.79
      vertex 17.2981 121.702 0
      vertex 17.2981 121.702 1.79
    endloop
  endfacet
  facet normal 0.658971 0.752168 -0
    outer loop
      vertex 13.0215 121.422 0
      vertex 12.7019 121.702 1.79
      vertex 13.0215 121.422 1.79
    endloop
  endfacet
  facet normal 0.658971 0.752168 0
    outer loop
      vertex 12.7019 121.702 1.79
      vertex 13.0215 121.422 0
      vertex 12.7019 121.702 0
    endloop
  endfacet
  facet normal 0.320109 0.947381 -0
    outer loop
      vertex 14.1588 120.861 0
      vertex 13.7563 120.997 1.79
      vertex 14.1588 120.861 1.79
    endloop
  endfacet
  facet normal 0.320109 0.947381 0
    outer loop
      vertex 13.7563 120.997 1.79
      vertex 14.1588 120.861 0
      vertex 13.7563 120.997 0
    endloop
  endfacet
  facet normal 0.997857 0.0654256 0
    outer loop
      vertex 11.7778 123.576 1.79
      vertex 11.75 124 0
      vertex 11.75 124 1.79
    endloop
  endfacet
  facet normal 0.997857 0.0654256 0
    outer loop
      vertex 11.75 124 0
      vertex 11.7778 123.576 1.79
      vertex 11.7778 123.576 0
    endloop
  endfacet
  facet normal -0.980806 -0.194985 0
    outer loop
      vertex 18.2222 124.424 0
      vertex 18.1393 124.841 1.79
      vertex 18.1393 124.841 0
    endloop
  endfacet
  facet normal -0.980806 -0.194985 0
    outer loop
      vertex 18.1393 124.841 1.79
      vertex 18.2222 124.424 0
      vertex 18.2222 124.424 1.79
    endloop
  endfacet
  facet normal -0.752227 -0.658904 0
    outer loop
      vertex 17.5784 125.978 0
      vertex 17.2981 126.298 1.79
      vertex 17.2981 126.298 0
    endloop
  endfacet
  facet normal -0.752227 -0.658904 0
    outer loop
      vertex 17.2981 126.298 1.79
      vertex 17.5784 125.978 0
      vertex 17.5784 125.978 1.79
    endloop
  endfacet
  facet normal -0.320109 -0.947381 0
    outer loop
      vertex 15.8412 127.139 0
      vertex 16.2437 127.003 1.79
      vertex 15.8412 127.139 1.79
    endloop
  endfacet
  facet normal -0.320109 -0.947381 -0
    outer loop
      vertex 16.2437 127.003 1.79
      vertex 15.8412 127.139 0
      vertex 16.2437 127.003 0
    endloop
  endfacet
  facet normal 0.896769 -0.4425 0
    outer loop
      vertex 11.9974 125.244 1.79
      vertex 12.1854 125.625 0
      vertex 12.1854 125.625 1.79
    endloop
  endfacet
  facet normal 0.896769 -0.4425 0
    outer loop
      vertex 12.1854 125.625 0
      vertex 11.9974 125.244 1.79
      vertex 11.9974 125.244 0
    endloop
  endfacet
  facet normal 0.947002 -0.321229 0
    outer loop
      vertex 11.8607 124.841 1.79
      vertex 11.9974 125.244 0
      vertex 11.9974 125.244 1.79
    endloop
  endfacet
  facet normal 0.947002 -0.321229 0
    outer loop
      vertex 11.9974 125.244 0
      vertex 11.8607 124.841 1.79
      vertex 11.8607 124.841 0
    endloop
  endfacet
  facet normal 0 0 -1
    outer loop
      vertex 16.7 124 1.79
      vertex 18.25 124 1.79
      vertex 18.2222 123.576 1.79
    endloop
  endfacet
  facet normal 0 0 -1
    outer loop
      vertex 16.6855 123.778 1.79
      vertex 18.2222 123.576 1.79
      vertex 18.1393 123.159 1.79
    endloop
  endfacet
  facet normal 0 0 -1
    outer loop
      vertex 18.25 124 1.79
      vertex 16.7 124 1.79
      vertex 18.2222 124.424 1.79
    endloop
  endfacet
  facet normal 0 0 -1
    outer loop
      vertex 16.6421 123.56 1.79
      vertex 18.1393 123.159 1.79
      vertex 18.0026 122.756 1.79
    endloop
  endfacet
  facet normal 0 0 -1
    outer loop
      vertex 16.6855 124.222 1.79
      vertex 18.2222 124.424 1.79
      vertex 16.7 124 1.79
    endloop
  endfacet
  facet normal 0 0 -1
    outer loop
      vertex 16.5706 123.349 1.79
      vertex 18.0026 122.756 1.79
      vertex 17.8146 122.375 1.79
    endloop
  endfacet
  facet normal -0 0 -1
    outer loop
      vertex 18.2222 124.424 1.79
      vertex 16.6855 124.222 1.79
      vertex 18.1393 124.841 1.79
    endloop
  endfacet
  facet normal 0 0 -1
    outer loop
      vertex 16.4722 123.15 1.79
      vertex 17.8146 122.375 1.79
      vertex 17.5784 122.022 1.79
    endloop
  endfacet
  facet normal 0 0 -1
    outer loop
      vertex 16.6421 124.44 1.79
      vertex 18.1393 124.841 1.79
      vertex 16.6855 124.222 1.79
    endloop
  endfacet
  facet normal 0 0 -1
    outer loop
      vertex 16.3487 122.965 1.79
      vertex 17.5784 122.022 1.79
      vertex 17.2981 121.702 1.79
    endloop
  endfacet
  facet normal -0 0 -1
    outer loop
      vertex 18.1393 124.841 1.79
      vertex 16.6421 124.44 1.79
      vertex 18.0026 125.244 1.79
    endloop
  endfacet
  facet normal 0 0 -1
    outer loop
      vertex 16.2021 122.798 1.79
      vertex 17.2981 121.702 1.79
      vertex 16.9785 121.422 1.79
    endloop
  endfacet
  facet normal 0 0 -1
    outer loop
      vertex 16.5706 124.651 1.79
      vertex 18.0026 125.244 1.79
      vertex 16.6421 124.44 1.79
    endloop
  endfacet
  facet normal -0 0 -1
    outer loop
      vertex 18.0026 125.244 1.79
      vertex 16.5706 124.651 1.79
      vertex 17.8146 125.625 1.79
    endloop
  endfacet
  facet normal 0 0 -1
    outer loop
      vertex 18.2222 123.576 1.79
      vertex 16.6855 123.778 1.79
      vertex 16.7 124 1.79
    endloop
  endfacet
  facet normal 0 0 -1
    outer loop
      vertex 18.1393 123.159 1.79
      vertex 16.6421 123.56 1.79
      vertex 16.6855 123.778 1.79
    endloop
  endfacet
  facet normal 0 0 -1
    outer loop
      vertex 16.0349 122.651 1.79
      vertex 16.9785 121.422 1.79
      vertex 16.625 121.185 1.79
    endloop
  endfacet
  facet normal 0 0 -1
    outer loop
      vertex 18.0026 122.756 1.79
      vertex 16.5706 123.349 1.79
      vertex 16.6421 123.56 1.79
    endloop
  endfacet
  facet normal 0 0 -1
    outer loop
      vertex 17.8146 122.375 1.79
      vertex 16.4722 123.15 1.79
      vertex 16.5706 123.349 1.79
    endloop
  endfacet
  facet normal 0 0 -1
    outer loop
      vertex 17.5784 122.022 1.79
      vertex 16.3487 122.965 1.79
      vertex 16.4722 123.15 1.79
    endloop
  endfacet
  facet normal 0 0 -1
    outer loop
      vertex 15.85 122.528 1.79
      vertex 16.625 121.185 1.79
      vertex 16.2437 120.997 1.79
    endloop
  endfacet
  facet normal 0 0 -1
    outer loop
      vertex 17.2981 121.702 1.79
      vertex 16.2021 122.798 1.79
      vertex 16.3487 122.965 1.79
    endloop
  endfacet
  facet normal 0 0 -1
    outer loop
      vertex 16.9785 121.422 1.79
      vertex 16.0349 122.651 1.79
      vertex 16.2021 122.798 1.79
    endloop
  endfacet
  facet normal 0 0 -1
    outer loop
      vertex 16.625 121.185 1.79
      vertex 15.85 122.528 1.79
      vertex 16.0349 122.651 1.79
    endloop
  endfacet
  facet normal 0 0 -1
    outer loop
      vertex 15.6506 122.429 1.79
      vertex 16.2437 120.997 1.79
      vertex 15.8412 120.861 1.79
    endloop
  endfacet
  facet normal 0 0 -1
    outer loop
      vertex 16.2437 120.997 1.79
      vertex 15.6506 122.429 1.79
      vertex 15.85 122.528 1.79
    endloop
  endfacet
  facet normal 0 0 -1
    outer loop
      vertex 15.8412 120.861 1.79
      vertex 15.44 122.358 1.79
      vertex 15.6506 122.429 1.79
    endloop
  endfacet
  facet normal 0 0 -1
    outer loop
      vertex 15.4242 120.778 1.79
      vertex 15.44 122.358 1.79
      vertex 15.8412 120.861 1.79
    endloop
  endfacet
  facet normal 0 0 -1
    outer loop
      vertex 15.4242 120.778 1.79
      vertex 15.2219 122.315 1.79
      vertex 15.44 122.358 1.79
    endloop
  endfacet
  facet normal 0 0 -1
    outer loop
      vertex 15 120.75 1.79
      vertex 15.2219 122.315 1.79
      vertex 15.4242 120.778 1.79
    endloop
  endfacet
  facet normal 0 0 -1
    outer loop
      vertex 15 120.75 1.79
      vertex 15 122.3 1.79
      vertex 15.2219 122.315 1.79
    endloop
  endfacet
  facet normal 0 0 -1
    outer loop
      vertex 15 120.75 1.79
      vertex 14.7781 122.315 1.79
      vertex 15 122.3 1.79
    endloop
  endfacet
  facet normal 0 0 -1
    outer loop
      vertex 14.5758 120.778 1.79
      vertex 14.7781 122.315 1.79
      vertex 15 120.75 1.79
    endloop
  endfacet
  facet normal 0 0 -1
    outer loop
      vertex 14.5758 120.778 1.79
      vertex 14.56 122.358 1.79
      vertex 14.7781 122.315 1.79
    endloop
  endfacet
  facet normal 0 0 -1
    outer loop
      vertex 14.1588 120.861 1.79
      vertex 14.56 122.358 1.79
      vertex 14.5758 120.778 1.79
    endloop
  endfacet
  facet normal -0 0 -1
    outer loop
      vertex 14.56 122.358 1.79
      vertex 14.1588 120.861 1.79
      vertex 14.3494 122.429 1.79
    endloop
  endfacet
  facet normal 0 0 -1
    outer loop
      vertex 13.7563 120.997 1.79
      vertex 14.3494 122.429 1.79
      vertex 14.1588 120.861 1.79
    endloop
  endfacet
  facet normal -0 0 -1
    outer loop
      vertex 14.3494 122.429 1.79
      vertex 13.7563 120.997 1.79
      vertex 14.15 122.528 1.79
    endloop
  endfacet
  facet normal 0 0 -1
    outer loop
      vertex 13.375 121.185 1.79
      vertex 14.15 122.528 1.79
      vertex 13.7563 120.997 1.79
    endloop
  endfacet
  facet normal -0 0 -1
    outer loop
      vertex 14.15 122.528 1.79
      vertex 13.375 121.185 1.79
      vertex 13.9651 122.651 1.79
    endloop
  endfacet
  facet normal 0 0 -1
    outer loop
      vertex 13.0215 121.422 1.79
      vertex 13.9651 122.651 1.79
      vertex 13.375 121.185 1.79
    endloop
  endfacet
  facet normal -0 0 -1
    outer loop
      vertex 13.9651 122.651 1.79
      vertex 13.0215 121.422 1.79
      vertex 13.7979 122.798 1.79
    endloop
  endfacet
  facet normal 0 0 -1
    outer loop
      vertex 12.7019 121.702 1.79
      vertex 13.7979 122.798 1.79
      vertex 13.0215 121.422 1.79
    endloop
  endfacet
  facet normal -0 0 -1
    outer loop
      vertex 13.7979 122.798 1.79
      vertex 12.7019 121.702 1.79
      vertex 13.6513 122.965 1.79
    endloop
  endfacet
  facet normal 0 0 -1
    outer loop
      vertex 12.4216 122.022 1.79
      vertex 13.6513 122.965 1.79
      vertex 12.7019 121.702 1.79
    endloop
  endfacet
  facet normal -0 0 -1
    outer loop
      vertex 13.6513 122.965 1.79
      vertex 12.4216 122.022 1.79
      vertex 13.5278 123.15 1.79
    endloop
  endfacet
  facet normal 0 0 -1
    outer loop
      vertex 12.1854 122.375 1.79
      vertex 13.5278 123.15 1.79
      vertex 12.4216 122.022 1.79
    endloop
  endfacet
  facet normal -0 0 -1
    outer loop
      vertex 13.5278 123.15 1.79
      vertex 12.1854 122.375 1.79
      vertex 13.4294 123.349 1.79
    endloop
  endfacet
  facet normal 0 0 -1
    outer loop
      vertex 16.4722 124.85 1.79
      vertex 17.8146 125.625 1.79
      vertex 16.5706 124.651 1.79
    endloop
  endfacet
  facet normal -0 0 -1
    outer loop
      vertex 17.8146 125.625 1.79
      vertex 16.4722 124.85 1.79
      vertex 17.5784 125.978 1.79
    endloop
  endfacet
  facet normal 0 0 -1
    outer loop
      vertex 16.3487 125.035 1.79
      vertex 17.5784 125.978 1.79
      vertex 16.4722 124.85 1.79
    endloop
  endfacet
  facet normal -0 0 -1
    outer loop
      vertex 17.5784 125.978 1.79
      vertex 16.3487 125.035 1.79
      vertex 17.2981 126.298 1.79
    endloop
  endfacet
  facet normal 0 0 -1
    outer loop
      vertex 16.2021 125.202 1.79
      vertex 17.2981 126.298 1.79
      vertex 16.3487 125.035 1.79
    endloop
  endfacet
  facet normal -0 0 -1
    outer loop
      vertex 17.2981 126.298 1.79
      vertex 16.2021 125.202 1.79
      vertex 16.9785 126.578 1.79
    endloop
  endfacet
  facet normal 0 0 -1
    outer loop
      vertex 16.0349 125.349 1.79
      vertex 16.9785 126.578 1.79
      vertex 16.2021 125.202 1.79
    endloop
  endfacet
  facet normal -0 0 -1
    outer loop
      vertex 16.9785 126.578 1.79
      vertex 16.0349 125.349 1.79
      vertex 16.625 126.815 1.79
    endloop
  endfacet
  facet normal 0 0 -1
    outer loop
      vertex 15.85 125.472 1.79
      vertex 16.625 126.815 1.79
      vertex 16.0349 125.349 1.79
    endloop
  endfacet
  facet normal -0 0 -1
    outer loop
      vertex 16.625 126.815 1.79
      vertex 15.85 125.472 1.79
      vertex 16.2437 127.003 1.79
    endloop
  endfacet
  facet normal 0 0 -1
    outer loop
      vertex 15.6506 125.571 1.79
      vertex 16.2437 127.003 1.79
      vertex 15.85 125.472 1.79
    endloop
  endfacet
  facet normal -0 0 -1
    outer loop
      vertex 16.2437 127.003 1.79
      vertex 15.6506 125.571 1.79
      vertex 15.8412 127.139 1.79
    endloop
  endfacet
  facet normal 0 0 -1
    outer loop
      vertex 15.44 125.642 1.79
      vertex 15.8412 127.139 1.79
      vertex 15.6506 125.571 1.79
    endloop
  endfacet
  facet normal 0 0 -1
    outer loop
      vertex 15.44 125.642 1.79
      vertex 15.4242 127.222 1.79
      vertex 15.8412 127.139 1.79
    endloop
  endfacet
  facet normal 0 0 -1
    outer loop
      vertex 15.2219 125.685 1.79
      vertex 15.4242 127.222 1.79
      vertex 15.44 125.642 1.79
    endloop
  endfacet
  facet normal 0 0 -1
    outer loop
      vertex 15 125.7 1.79
      vertex 15.4242 127.222 1.79
      vertex 15.2219 125.685 1.79
    endloop
  endfacet
  facet normal 0 0 -1
    outer loop
      vertex 15 125.7 1.79
      vertex 15 127.25 1.79
      vertex 15.4242 127.222 1.79
    endloop
  endfacet
  facet normal 0 0 -1
    outer loop
      vertex 14.7781 125.685 1.79
      vertex 15 127.25 1.79
      vertex 15 125.7 1.79
    endloop
  endfacet
  facet normal 0 0 -1
    outer loop
      vertex 14.7781 125.685 1.79
      vertex 14.5758 127.222 1.79
      vertex 15 127.25 1.79
    endloop
  endfacet
  facet normal 0 0 -1
    outer loop
      vertex 14.56 125.642 1.79
      vertex 14.5758 127.222 1.79
      vertex 14.7781 125.685 1.79
    endloop
  endfacet
  facet normal 0 0 -1
    outer loop
      vertex 14.1588 127.139 1.79
      vertex 14.56 125.642 1.79
      vertex 14.3494 125.571 1.79
    endloop
  endfacet
  facet normal 0 0 -1
    outer loop
      vertex 14.56 125.642 1.79
      vertex 14.1588 127.139 1.79
      vertex 14.5758 127.222 1.79
    endloop
  endfacet
  facet normal 0 0 -1
    outer loop
      vertex 13.7563 127.003 1.79
      vertex 14.3494 125.571 1.79
      vertex 14.15 125.472 1.79
    endloop
  endfacet
  facet normal 0 0 -1
    outer loop
      vertex 13.375 126.815 1.79
      vertex 14.15 125.472 1.79
      vertex 13.9651 125.349 1.79
    endloop
  endfacet
  facet normal 0 0 -1
    outer loop
      vertex 13.0215 126.578 1.79
      vertex 13.9651 125.349 1.79
      vertex 13.7979 125.202 1.79
    endloop
  endfacet
  facet normal 0 0 -1
    outer loop
      vertex 14.3494 125.571 1.79
      vertex 13.7563 127.003 1.79
      vertex 14.1588 127.139 1.79
    endloop
  endfacet
  facet normal 0 0 -1
    outer loop
      vertex 12.7019 126.298 1.79
      vertex 13.7979 125.202 1.79
      vertex 13.6513 125.035 1.79
    endloop
  endfacet
  facet normal 0 0 -1
    outer loop
      vertex 12.4216 125.978 1.79
      vertex 13.6513 125.035 1.79
      vertex 13.5278 124.85 1.79
    endloop
  endfacet
  facet normal 0 0 -1
    outer loop
      vertex 12.1854 125.625 1.79
      vertex 13.5278 124.85 1.79
      vertex 13.4294 124.651 1.79
    endloop
  endfacet
  facet normal 0 0 -1
    outer loop
      vertex 14.15 125.472 1.79
      vertex 13.375 126.815 1.79
      vertex 13.7563 127.003 1.79
    endloop
  endfacet
  facet normal 0 0 -1
    outer loop
      vertex 11.9974 125.244 1.79
      vertex 13.4294 124.651 1.79
      vertex 13.3579 124.44 1.79
    endloop
  endfacet
  facet normal 0 0 -1
    outer loop
      vertex 11.8607 124.841 1.79
      vertex 13.3579 124.44 1.79
      vertex 13.3145 124.222 1.79
    endloop
  endfacet
  facet normal 0 0 -1
    outer loop
      vertex 11.7778 124.424 1.79
      vertex 13.3145 124.222 1.79
      vertex 13.3 124 1.79
    endloop
  endfacet
  facet normal 0 0 -1
    outer loop
      vertex 11.9974 122.756 1.79
      vertex 13.4294 123.349 1.79
      vertex 12.1854 122.375 1.79
    endloop
  endfacet
  facet normal 0 0 -1
    outer loop
      vertex 13.9651 125.349 1.79
      vertex 13.0215 126.578 1.79
      vertex 13.375 126.815 1.79
    endloop
  endfacet
  facet normal -0 0 -1
    outer loop
      vertex 13.4294 123.349 1.79
      vertex 11.9974 122.756 1.79
      vertex 13.3579 123.56 1.79
    endloop
  endfacet
  facet normal 0 0 -1
    outer loop
      vertex 13.7979 125.202 1.79
      vertex 12.7019 126.298 1.79
      vertex 13.0215 126.578 1.79
    endloop
  endfacet
  facet normal 0 0 -1
    outer loop
      vertex 11.8607 123.159 1.79
      vertex 13.3579 123.56 1.79
      vertex 11.9974 122.756 1.79
    endloop
  endfacet
  facet normal 0 0 -1
    outer loop
      vertex 13.6513 125.035 1.79
      vertex 12.4216 125.978 1.79
      vertex 12.7019 126.298 1.79
    endloop
  endfacet
  facet normal -0 0 -1
    outer loop
      vertex 13.3579 123.56 1.79
      vertex 11.8607 123.159 1.79
      vertex 13.3145 123.778 1.79
    endloop
  endfacet
  facet normal 0 0 -1
    outer loop
      vertex 13.5278 124.85 1.79
      vertex 12.1854 125.625 1.79
      vertex 12.4216 125.978 1.79
    endloop
  endfacet
  facet normal 0 0 -1
    outer loop
      vertex 11.7778 123.576 1.79
      vertex 13.3145 123.778 1.79
      vertex 11.8607 123.159 1.79
    endloop
  endfacet
  facet normal 0 0 -1
    outer loop
      vertex 13.4294 124.651 1.79
      vertex 11.9974 125.244 1.79
      vertex 12.1854 125.625 1.79
    endloop
  endfacet
  facet normal -0 0 -1
    outer loop
      vertex 13.3145 123.778 1.79
      vertex 11.7778 123.576 1.79
      vertex 13.3 124 1.79
    endloop
  endfacet
  facet normal 0 0 -1
    outer loop
      vertex 13.3579 124.44 1.79
      vertex 11.8607 124.841 1.79
      vertex 11.9974 125.244 1.79
    endloop
  endfacet
  facet normal 0 0 -1
    outer loop
      vertex 11.75 124 1.79
      vertex 13.3 124 1.79
      vertex 11.7778 123.576 1.79
    endloop
  endfacet
  facet normal 0 0 -1
    outer loop
      vertex 13.3145 124.222 1.79
      vertex 11.7778 124.424 1.79
      vertex 11.8607 124.841 1.79
    endloop
  endfacet
  facet normal 0 0 -1
    outer loop
      vertex 13.3 124 1.79
      vertex 11.75 124 1.79
      vertex 11.7778 124.424 1.79
    endloop
  endfacet
  facet normal 0.44222 -0.896907 0
    outer loop
      vertex 13.375 126.815 0
      vertex 13.7563 127.003 1.79
      vertex 13.375 126.815 1.79
    endloop
  endfacet
  facet normal 0.44222 -0.896907 0
    outer loop
      vertex 13.7563 127.003 1.79
      vertex 13.375 126.815 0
      vertex 13.7563 127.003 0
    endloop
  endfacet
  facet normal 0.195211 -0.980761 0
    outer loop
      vertex 14.1588 127.139 0
      vertex 14.5758 127.222 1.79
      vertex 14.1588 127.139 1.79
    endloop
  endfacet
  facet normal 0.195211 -0.980761 0
    outer loop
      vertex 14.5758 127.222 1.79
      vertex 14.1588 127.139 0
      vertex 14.5758 127.222 0
    endloop
  endfacet
  facet normal -0.44222 0.896907 0
    outer loop
      vertex 16.625 121.185 0
      vertex 16.2437 120.997 1.79
      vertex 16.625 121.185 1.79
    endloop
  endfacet
  facet normal -0.44222 0.896907 0
    outer loop
      vertex 16.2437 120.997 1.79
      vertex 16.625 121.185 0
      vertex 16.2437 120.997 0
    endloop
  endfacet
  facet normal -0.658971 0.752168 0
    outer loop
      vertex 17.2981 121.702 0
      vertex 16.9785 121.422 1.79
      vertex 17.2981 121.702 1.79
    endloop
  endfacet
  facet normal -0.658971 0.752168 0
    outer loop
      vertex 16.9785 121.422 1.79
      vertex 17.2981 121.702 0
      vertex 16.9785 121.422 0
    endloop
  endfacet
  facet normal -0.556867 0.830602 0
    outer loop
      vertex 16.9785 121.422 0
      vertex 16.625 121.185 1.79
      vertex 16.9785 121.422 1.79
    endloop
  endfacet
  facet normal -0.556867 0.830602 0
    outer loop
      vertex 16.625 121.185 1.79
      vertex 16.9785 121.422 0
      vertex 16.625 121.185 0
    endloop
  endfacet
  facet normal -0.947002 0.321229 0
    outer loop
      vertex 18.0026 122.756 0
      vertex 18.1393 123.159 1.79
      vertex 18.1393 123.159 0
    endloop
  endfacet
  facet normal -0.947002 0.321229 0
    outer loop
      vertex 18.1393 123.159 1.79
      vertex 18.0026 122.756 0
      vertex 18.0026 122.756 1.79
    endloop
  endfacet
  facet normal 0.556867 0.830602 -0
    outer loop
      vertex 13.375 121.185 0
      vertex 13.0215 121.422 1.79
      vertex 13.375 121.185 1.79
    endloop
  endfacet
  facet normal 0.556867 0.830602 0
    outer loop
      vertex 13.0215 121.422 1.79
      vertex 13.375 121.185 0
      vertex 13.0215 121.422 0
    endloop
  endfacet
  facet normal 0.0658633 0.997829 -0
    outer loop
      vertex 15 120.75 0
      vertex 14.5758 120.778 1.79
      vertex 15 120.75 1.79
    endloop
  endfacet
  facet normal 0.0658633 0.997829 0
    outer loop
      vertex 14.5758 120.778 1.79
      vertex 15 120.75 0
      vertex 14.5758 120.778 0
    endloop
  endfacet
  facet normal 0.896769 0.4425 0
    outer loop
      vertex 12.1854 122.375 1.79
      vertex 11.9974 122.756 0
      vertex 11.9974 122.756 1.79
    endloop
  endfacet
  facet normal 0.896769 0.4425 0
    outer loop
      vertex 11.9974 122.756 0
      vertex 12.1854 122.375 1.79
      vertex 12.1854 122.375 0
    endloop
  endfacet
  facet normal 0.980806 0.194985 0
    outer loop
      vertex 11.8607 123.159 1.79
      vertex 11.7778 123.576 0
      vertex 11.7778 123.576 1.79
    endloop
  endfacet
  facet normal 0.980806 0.194985 0
    outer loop
      vertex 11.7778 123.576 0
      vertex 11.8607 123.159 1.79
      vertex 11.8607 123.159 0
    endloop
  endfacet
  facet normal -0.320109 0.947381 0
    outer loop
      vertex 16.2437 120.997 0
      vertex 15.8412 120.861 1.79
      vertex 16.2437 120.997 1.79
    endloop
  endfacet
  facet normal -0.320109 0.947381 0
    outer loop
      vertex 15.8412 120.861 1.79
      vertex 16.2437 120.997 0
      vertex 15.8412 120.861 0
    endloop
  endfacet
  facet normal -0.896769 0.4425 0
    outer loop
      vertex 17.8146 122.375 0
      vertex 18.0026 122.756 1.79
      vertex 18.0026 122.756 0
    endloop
  endfacet
  facet normal -0.896769 0.4425 0
    outer loop
      vertex 18.0026 122.756 1.79
      vertex 17.8146 122.375 0
      vertex 17.8146 122.375 1.79
    endloop
  endfacet
  facet normal 0.44222 0.896907 -0
    outer loop
      vertex 13.7563 120.997 0
      vertex 13.375 121.185 1.79
      vertex 13.7563 120.997 1.79
    endloop
  endfacet
  facet normal 0.44222 0.896907 0
    outer loop
      vertex 13.375 121.185 1.79
      vertex 13.7563 120.997 0
      vertex 13.375 121.185 0
    endloop
  endfacet
  facet normal 0.195211 0.980761 -0
    outer loop
      vertex 14.5758 120.778 0
      vertex 14.1588 120.861 1.79
      vertex 14.5758 120.778 1.79
    endloop
  endfacet
  facet normal 0.195211 0.980761 0
    outer loop
      vertex 14.1588 120.861 1.79
      vertex 14.5758 120.778 0
      vertex 14.1588 120.861 0
    endloop
  endfacet
  facet normal 0.831107 0.556112 0
    outer loop
      vertex 12.4216 122.022 1.79
      vertex 12.1854 122.375 0
      vertex 12.1854 122.375 1.79
    endloop
  endfacet
  facet normal 0.831107 0.556112 0
    outer loop
      vertex 12.1854 122.375 0
      vertex 12.4216 122.022 1.79
      vertex 12.4216 122.022 0
    endloop
  endfacet
  facet normal 0.947002 0.321229 0
    outer loop
      vertex 11.9974 122.756 1.79
      vertex 11.8607 123.159 0
      vertex 11.8607 123.159 1.79
    endloop
  endfacet
  facet normal 0.947002 0.321229 0
    outer loop
      vertex 11.8607 123.159 0
      vertex 11.9974 122.756 1.79
      vertex 11.9974 122.756 0
    endloop
  endfacet
  facet normal -0.980806 0.194985 0
    outer loop
      vertex 18.1393 123.159 0
      vertex 18.2222 123.576 1.79
      vertex 18.2222 123.576 0
    endloop
  endfacet
  facet normal -0.980806 0.194985 0
    outer loop
      vertex 18.2222 123.576 1.79
      vertex 18.1393 123.159 0
      vertex 18.1393 123.159 1.79
    endloop
  endfacet
  facet normal 0 0 -1
    outer loop
      vertex 21 70 13
      vertex 23 72 13
      vertex 23 70 13
    endloop
  endfacet
  facet normal -0 0 -1
    outer loop
      vertex 23 72 13
      vertex 21 70 13
      vertex 21 72 13
    endloop
  endfacet
  facet normal 0 -1 0
    outer loop
      vertex 21 72 5
      vertex 23 72 13
      vertex 21 72 13
    endloop
  endfacet
  facet normal 0 -1 -0
    outer loop
      vertex 23 72 13
      vertex 21 72 5
      vertex 23 72 5
    endloop
  endfacet
  facet normal -0 0 1
    outer loop
      vertex 21 72 5
      vertex 23 70 5
      vertex 23 72 5
    endloop
  endfacet
  facet normal 0 0 1
    outer loop
      vertex 23 70 5
      vertex 21 72 5
      vertex 21 70 5
    endloop
  endfacet
  facet normal 0 1 -0
    outer loop
      vertex 23 70 5
      vertex 21 70 13
      vertex 23 70 13
    endloop
  endfacet
  facet normal 0 1 0
    outer loop
      vertex 21 70 13
      vertex 23 70 5
      vertex 21 70 5
    endloop
  endfacet
  facet normal 0 0 -1
    outer loop
      vertex 21 75 13
      vertex 23 77 13
      vertex 23 75 13
    endloop
  endfacet
  facet normal -0 0 -1
    outer loop
      vertex 23 77 13
      vertex 21 75 13
      vertex 21 77 13
    endloop
  endfacet
  facet normal 0 -1 0
    outer loop
      vertex 21 77 5
      vertex 23 77 13
      vertex 21 77 13
    endloop
  endfacet
  facet normal 0 -1 -0
    outer loop
      vertex 23 77 13
      vertex 21 77 5
      vertex 23 77 5
    endloop
  endfacet
  facet normal -0 0 1
    outer loop
      vertex 21 77 5
      vertex 23 75 5
      vertex 23 77 5
    endloop
  endfacet
  facet normal 0 0 1
    outer loop
      vertex 23 75 5
      vertex 21 77 5
      vertex 21 75 5
    endloop
  endfacet
  facet normal 0 1 -0
    outer loop
      vertex 23 75 5
      vertex 21 75 13
      vertex 23 75 13
    endloop
  endfacet
  facet normal 0 1 0
    outer loop
      vertex 21 75 13
      vertex 23 75 5
      vertex 21 75 5
    endloop
  endfacet
  facet normal 0 0 -1
    outer loop
      vertex 21 80 13
      vertex 23 82 13
      vertex 23 80 13
    endloop
  endfacet
  facet normal -0 0 -1
    outer loop
      vertex 23 82 13
      vertex 21 80 13
      vertex 21 82 13
    endloop
  endfacet
  facet normal -0 0 1
    outer loop
      vertex 21 82 5
      vertex 23 80 5
      vertex 23 82 5
    endloop
  endfacet
  facet normal 0 0 1
    outer loop
      vertex 23 80 5
      vertex 21 82 5
      vertex 21 80 5
    endloop
  endfacet
  facet normal 0 1 -0
    outer loop
      vertex 23 80 5
      vertex 21 80 13
      vertex 23 80 13
    endloop
  endfacet
  facet normal 0 1 0
    outer loop
      vertex 21 80 13
      vertex 23 80 5
      vertex 21 80 5
    endloop
  endfacet
  facet normal 0 -1 0
    outer loop
      vertex 21 82 5
      vertex 23 82 13
      vertex 21 82 13
    endloop
  endfacet
  facet normal 0 -1 -0
    outer loop
      vertex 23 82 13
      vertex 21 82 5
      vertex 23 82 5
    endloop
  endfacet
  facet normal 0 0 -1
    outer loop
      vertex 21 85 13
      vertex 23 87 13
      vertex 23 85 13
    endloop
  endfacet
  facet normal -0 0 -1
    outer loop
      vertex 23 87 13
      vertex 21 85 13
      vertex 21 87 13
    endloop
  endfacet
  facet normal 0 -1 0
    outer loop
      vertex 21 87 5
      vertex 23 87 13
      vertex 21 87 13
    endloop
  endfacet
  facet normal 0 -1 -0
    outer loop
      vertex 23 87 13
      vertex 21 87 5
      vertex 23 87 5
    endloop
  endfacet
  facet normal -0 0 1
    outer loop
      vertex 21 87 5
      vertex 23 85 5
      vertex 23 87 5
    endloop
  endfacet
  facet normal 0 0 1
    outer loop
      vertex 23 85 5
      vertex 21 87 5
      vertex 21 85 5
    endloop
  endfacet
  facet normal 0 1 -0
    outer loop
      vertex 23 85 5
      vertex 21 85 13
      vertex 23 85 13
    endloop
  endfacet
  facet normal 0 1 0
    outer loop
      vertex 21 85 13
      vertex 23 85 5
      vertex 21 85 5
    endloop
  endfacet
  facet normal -0.997872 -0.0652045 0
    outer loop
      vertex 4.5 120 0
      vertex 4.49144 120.131 2
      vertex 4.49144 120.131 0
    endloop
  endfacet
  facet normal -0.997872 -0.0652045 0
    outer loop
      vertex 4.49144 120.131 2
      vertex 4.5 120 0
      vertex 4.5 120 2
    endloop
  endfacet
  facet normal 0.0687864 -0.997631 0
    outer loop
      vertex 3.36947 120.991 0
      vertex 3.5 121 2
      vertex 3.36947 120.991 2
    endloop
  endfacet
  facet normal 0.0687864 -0.997631 0
    outer loop
      vertex 3.5 121 2
      vertex 3.36947 120.991 0
      vertex 3.5 121 0
    endloop
  endfacet
  facet normal -0.658261 -0.75279 0
    outer loop
      vertex 4.10876 120.793 0
      vertex 4.20711 120.707 2
      vertex 4.10876 120.793 2
    endloop
  endfacet
  facet normal -0.658261 -0.75279 -0
    outer loop
      vertex 4.20711 120.707 2
      vertex 4.10876 120.793 0
      vertex 4.20711 120.707 0
    endloop
  endfacet
  facet normal 0.750714 -0.660628 0
    outer loop
      vertex 2.70665 120.609 2
      vertex 2.79289 120.707 0
      vertex 2.79289 120.707 2
    endloop
  endfacet
  facet normal 0.750714 -0.660628 0
    outer loop
      vertex 2.79289 120.707 0
      vertex 2.70665 120.609 2
      vertex 2.70665 120.609 0
    endloop
  endfacet
  facet normal 0.443175 -0.896435 0
    outer loop
      vertex 3 120.866 0
      vertex 3.11732 120.924 2
      vertex 3 120.866 2
    endloop
  endfacet
  facet normal 0.443175 -0.896435 0
    outer loop
      vertex 3.11732 120.924 2
      vertex 3 120.866 0
      vertex 3.11732 120.924 0
    endloop
  endfacet
  facet normal -0.89638 -0.443287 0
    outer loop
      vertex 4.42388 120.383 0
      vertex 4.36602 120.5 2
      vertex 4.36602 120.5 0
    endloop
  endfacet
  facet normal -0.89638 -0.443287 0
    outer loop
      vertex 4.36602 120.5 2
      vertex 4.42388 120.383 0
      vertex 4.42388 120.383 2
    endloop
  endfacet
  facet normal -0.980713 -0.195453 0
    outer loop
      vertex 4.49144 120.131 0
      vertex 4.46593 120.259 2
      vertex 4.46593 120.259 0
    endloop
  endfacet
  facet normal -0.980713 -0.195453 0
    outer loop
      vertex 4.46593 120.259 2
      vertex 4.49144 120.131 0
      vertex 4.49144 120.131 2
    endloop
  endfacet
  facet normal -0.321132 -0.947034 0
    outer loop
      vertex 3.75882 120.966 0
      vertex 3.88268 120.924 2
      vertex 3.75882 120.966 2
    endloop
  endfacet
  facet normal -0.321132 -0.947034 -0
    outer loop
      vertex 3.88268 120.924 2
      vertex 3.75882 120.966 0
      vertex 3.88268 120.924 0
    endloop
  endfacet
  facet normal -0.557305 -0.830308 0
    outer loop
      vertex 4 120.866 0
      vertex 4.10876 120.793 2
      vertex 4 120.866 2
    endloop
  endfacet
  facet normal -0.557305 -0.830308 -0
    outer loop
      vertex 4.10876 120.793 2
      vertex 4 120.866 0
      vertex 4.10876 120.793 0
    endloop
  endfacet
  facet normal 0.89641 -0.443225 0
    outer loop
      vertex 2.57612 120.383 2
      vertex 2.63397 120.5 0
      vertex 2.63397 120.5 2
    endloop
  endfacet
  facet normal 0.89641 -0.443225 0
    outer loop
      vertex 2.63397 120.5 0
      vertex 2.57612 120.383 2
      vertex 2.57612 120.383 0
    endloop
  endfacet
  facet normal 0.832003 -0.554771 0
    outer loop
      vertex 2.63397 120.5 2
      vertex 2.70665 120.609 0
      vertex 2.70665 120.609 2
    endloop
  endfacet
  facet normal 0.832003 -0.554771 0
    outer loop
      vertex 2.70665 120.609 0
      vertex 2.63397 120.5 2
      vertex 2.63397 120.5 0
    endloop
  endfacet
  facet normal 0.980698 -0.195527 0
    outer loop
      vertex 2.50855 120.131 2
      vertex 2.53407 120.259 0
      vertex 2.53407 120.259 2
    endloop
  endfacet
  facet normal 0.980698 -0.195527 0
    outer loop
      vertex 2.53407 120.259 0
      vertex 2.50855 120.131 2
      vertex 2.50855 120.131 0
    endloop
  endfacet
  facet normal 0.997877 0.0651286 0
    outer loop
      vertex 2.50855 119.869 2
      vertex 2.5 120 0
      vertex 2.5 120 2
    endloop
  endfacet
  facet normal 0.997877 0.0651286 0
    outer loop
      vertex 2.5 120 0
      vertex 2.50855 119.869 2
      vertex 2.50855 119.869 0
    endloop
  endfacet
  facet normal 0.658261 -0.75279 0
    outer loop
      vertex 2.79289 120.707 0
      vertex 2.89124 120.793 2
      vertex 2.79289 120.707 2
    endloop
  endfacet
  facet normal 0.658261 -0.75279 0
    outer loop
      vertex 2.89124 120.793 2
      vertex 2.79289 120.707 0
      vertex 2.89124 120.793 0
    endloop
  endfacet
  facet normal 0.191273 -0.981537 0
    outer loop
      vertex 3.24118 120.966 0
      vertex 3.36947 120.991 2
      vertex 3.24118 120.966 2
    endloop
  endfacet
  facet normal 0.191273 -0.981537 0
    outer loop
      vertex 3.36947 120.991 2
      vertex 3.24118 120.966 0
      vertex 3.36947 120.991 0
    endloop
  endfacet
  facet normal -0.997872 0.0652045 0
    outer loop
      vertex 4.49144 119.869 0
      vertex 4.5 120 2
      vertex 4.5 120 0
    endloop
  endfacet
  facet normal -0.997872 0.0652045 0
    outer loop
      vertex 4.5 120 2
      vertex 4.49144 119.869 0
      vertex 4.49144 119.869 2
    endloop
  endfacet
  facet normal -0.191273 0.981537 0
    outer loop
      vertex 3.75882 119.034 0
      vertex 3.63053 119.009 2
      vertex 3.75882 119.034 2
    endloop
  endfacet
  facet normal -0.191273 0.981537 0
    outer loop
      vertex 3.63053 119.009 2
      vertex 3.75882 119.034 0
      vertex 3.63053 119.009 0
    endloop
  endfacet
  facet normal -0.947028 -0.32115 0
    outer loop
      vertex 4.46593 120.259 0
      vertex 4.42388 120.383 2
      vertex 4.42388 120.383 0
    endloop
  endfacet
  facet normal -0.947028 -0.32115 0
    outer loop
      vertex 4.42388 120.383 2
      vertex 4.46593 120.259 0
      vertex 4.46593 120.259 2
    endloop
  endfacet
  facet normal -0.750714 -0.660628 0
    outer loop
      vertex 4.29335 120.609 0
      vertex 4.20711 120.707 2
      vertex 4.20711 120.707 0
    endloop
  endfacet
  facet normal -0.750714 -0.660628 0
    outer loop
      vertex 4.20711 120.707 2
      vertex 4.29335 120.609 0
      vertex 4.29335 120.609 2
    endloop
  endfacet
  facet normal -0.832039 -0.554718 0
    outer loop
      vertex 4.36602 120.5 0
      vertex 4.29335 120.609 2
      vertex 4.29335 120.609 0
    endloop
  endfacet
  facet normal -0.832039 -0.554718 0
    outer loop
      vertex 4.29335 120.609 2
      vertex 4.36602 120.5 0
      vertex 4.36602 120.5 2
    endloop
  endfacet
  facet normal -0.191273 -0.981537 0
    outer loop
      vertex 3.63053 120.991 0
      vertex 3.75882 120.966 2
      vertex 3.63053 120.991 2
    endloop
  endfacet
  facet normal -0.191273 -0.981537 -0
    outer loop
      vertex 3.75882 120.966 2
      vertex 3.63053 120.991 0
      vertex 3.75882 120.966 0
    endloop
  endfacet
  facet normal -0.0687864 -0.997631 0
    outer loop
      vertex 3.5 121 0
      vertex 3.63053 120.991 2
      vertex 3.5 121 2
    endloop
  endfacet
  facet normal -0.0687864 -0.997631 -0
    outer loop
      vertex 3.63053 120.991 2
      vertex 3.5 121 0
      vertex 3.63053 120.991 0
    endloop
  endfacet
  facet normal 0.947028 -0.32115 0
    outer loop
      vertex 2.53407 120.259 2
      vertex 2.57612 120.383 0
      vertex 2.57612 120.383 2
    endloop
  endfacet
  facet normal 0.947028 -0.32115 0
    outer loop
      vertex 2.57612 120.383 0
      vertex 2.53407 120.259 2
      vertex 2.53407 120.259 0
    endloop
  endfacet
  facet normal -0.832039 0.554718 0
    outer loop
      vertex 4.29335 119.391 0
      vertex 4.36602 119.5 2
      vertex 4.36602 119.5 0
    endloop
  endfacet
  facet normal -0.832039 0.554718 0
    outer loop
      vertex 4.36602 119.5 2
      vertex 4.29335 119.391 0
      vertex 4.29335 119.391 2
    endloop
  endfacet
  facet normal -0.980713 0.195453 0
    outer loop
      vertex 4.46593 119.741 0
      vertex 4.49144 119.869 2
      vertex 4.49144 119.869 0
    endloop
  endfacet
  facet normal -0.980713 0.195453 0
    outer loop
      vertex 4.49144 119.869 2
      vertex 4.46593 119.741 0
      vertex 4.46593 119.741 2
    endloop
  endfacet
  facet normal 0.980698 0.195527 0
    outer loop
      vertex 2.53407 119.741 2
      vertex 2.50855 119.869 0
      vertex 2.50855 119.869 2
    endloop
  endfacet
  facet normal 0.980698 0.195527 0
    outer loop
      vertex 2.50855 119.869 0
      vertex 2.53407 119.741 2
      vertex 2.53407 119.741 0
    endloop
  endfacet
  facet normal 0.89641 0.443225 0
    outer loop
      vertex 2.63397 119.5 2
      vertex 2.57612 119.617 0
      vertex 2.57612 119.617 2
    endloop
  endfacet
  facet normal 0.89641 0.443225 0
    outer loop
      vertex 2.57612 119.617 0
      vertex 2.63397 119.5 2
      vertex 2.63397 119.5 0
    endloop
  endfacet
  facet normal -0.443175 0.896435 0
    outer loop
      vertex 4 119.134 0
      vertex 3.88268 119.076 2
      vertex 4 119.134 2
    endloop
  endfacet
  facet normal -0.443175 0.896435 0
    outer loop
      vertex 3.88268 119.076 2
      vertex 4 119.134 0
      vertex 3.88268 119.076 0
    endloop
  endfacet
  facet normal -0.321132 0.947034 0
    outer loop
      vertex 3.88268 119.076 0
      vertex 3.75882 119.034 2
      vertex 3.88268 119.076 2
    endloop
  endfacet
  facet normal -0.321132 0.947034 0
    outer loop
      vertex 3.75882 119.034 2
      vertex 3.88268 119.076 0
      vertex 3.75882 119.034 0
    endloop
  endfacet
  facet normal -0.443175 -0.896435 0
    outer loop
      vertex 3.88268 120.924 0
      vertex 4 120.866 2
      vertex 3.88268 120.924 2
    endloop
  endfacet
  facet normal -0.443175 -0.896435 -0
    outer loop
      vertex 4 120.866 2
      vertex 3.88268 120.924 0
      vertex 4 120.866 0
    endloop
  endfacet
  facet normal 0.997877 -0.0651286 0
    outer loop
      vertex 2.5 120 2
      vertex 2.50855 120.131 0
      vertex 2.50855 120.131 2
    endloop
  endfacet
  facet normal 0.997877 -0.0651286 0
    outer loop
      vertex 2.50855 120.131 0
      vertex 2.5 120 2
      vertex 2.5 120 0
    endloop
  endfacet
  facet normal 0.557305 -0.830308 0
    outer loop
      vertex 2.89124 120.793 0
      vertex 3 120.866 2
      vertex 2.89124 120.793 2
    endloop
  endfacet
  facet normal 0.557305 -0.830308 0
    outer loop
      vertex 3 120.866 2
      vertex 2.89124 120.793 0
      vertex 3 120.866 0
    endloop
  endfacet
  facet normal 0.321132 -0.947034 0
    outer loop
      vertex 3.11732 120.924 0
      vertex 3.24118 120.966 2
      vertex 3.11732 120.924 2
    endloop
  endfacet
  facet normal 0.321132 -0.947034 0
    outer loop
      vertex 3.24118 120.966 2
      vertex 3.11732 120.924 0
      vertex 3.24118 120.966 0
    endloop
  endfacet
  facet normal -0.557305 0.830308 0
    outer loop
      vertex 4.10876 119.207 0
      vertex 4 119.134 2
      vertex 4.10876 119.207 2
    endloop
  endfacet
  facet normal -0.557305 0.830308 0
    outer loop
      vertex 4 119.134 2
      vertex 4.10876 119.207 0
      vertex 4 119.134 0
    endloop
  endfacet
  facet normal -0.750714 0.660628 0
    outer loop
      vertex 4.20711 119.293 0
      vertex 4.29335 119.391 2
      vertex 4.29335 119.391 0
    endloop
  endfacet
  facet normal -0.750714 0.660628 0
    outer loop
      vertex 4.29335 119.391 2
      vertex 4.20711 119.293 0
      vertex 4.20711 119.293 2
    endloop
  endfacet
  facet normal -0.89638 0.443287 0
    outer loop
      vertex 4.36602 119.5 0
      vertex 4.42388 119.617 2
      vertex 4.42388 119.617 0
    endloop
  endfacet
  facet normal -0.89638 0.443287 0
    outer loop
      vertex 4.42388 119.617 2
      vertex 4.36602 119.5 0
      vertex 4.36602 119.5 2
    endloop
  endfacet
  facet normal -0.947028 0.32115 0
    outer loop
      vertex 4.42388 119.617 0
      vertex 4.46593 119.741 2
      vertex 4.46593 119.741 0
    endloop
  endfacet
  facet normal -0.947028 0.32115 0
    outer loop
      vertex 4.46593 119.741 2
      vertex 4.42388 119.617 0
      vertex 4.42388 119.617 2
    endloop
  endfacet
  facet normal -0.0687864 0.997631 0
    outer loop
      vertex 3.63053 119.009 0
      vertex 3.5 119 2
      vertex 3.63053 119.009 2
    endloop
  endfacet
  facet normal -0.0687864 0.997631 0
    outer loop
      vertex 3.5 119 2
      vertex 3.63053 119.009 0
      vertex 3.5 119 0
    endloop
  endfacet
  facet normal 0.321132 0.947034 -0
    outer loop
      vertex 3.24118 119.034 0
      vertex 3.11732 119.076 2
      vertex 3.24118 119.034 2
    endloop
  endfacet
  facet normal 0.321132 0.947034 0
    outer loop
      vertex 3.11732 119.076 2
      vertex 3.24118 119.034 0
      vertex 3.11732 119.076 0
    endloop
  endfacet
  facet normal 0.658261 0.75279 -0
    outer loop
      vertex 2.89124 119.207 0
      vertex 2.79289 119.293 2
      vertex 2.89124 119.207 2
    endloop
  endfacet
  facet normal 0.658261 0.75279 0
    outer loop
      vertex 2.79289 119.293 2
      vertex 2.89124 119.207 0
      vertex 2.79289 119.293 0
    endloop
  endfacet
  facet normal 0.832003 0.554771 0
    outer loop
      vertex 2.70665 119.391 2
      vertex 2.63397 119.5 0
      vertex 2.63397 119.5 2
    endloop
  endfacet
  facet normal 0.832003 0.554771 0
    outer loop
      vertex 2.63397 119.5 0
      vertex 2.70665 119.391 2
      vertex 2.70665 119.391 0
    endloop
  endfacet
  facet normal 0.947028 0.32115 0
    outer loop
      vertex 2.57612 119.617 2
      vertex 2.53407 119.741 0
      vertex 2.53407 119.741 2
    endloop
  endfacet
  facet normal 0.947028 0.32115 0
    outer loop
      vertex 2.53407 119.741 0
      vertex 2.57612 119.617 2
      vertex 2.57612 119.617 0
    endloop
  endfacet
  facet normal -0.658261 0.75279 0
    outer loop
      vertex 4.20711 119.293 0
      vertex 4.10876 119.207 2
      vertex 4.20711 119.293 2
    endloop
  endfacet
  facet normal -0.658261 0.75279 0
    outer loop
      vertex 4.10876 119.207 2
      vertex 4.20711 119.293 0
      vertex 4.10876 119.207 0
    endloop
  endfacet
  facet normal 0.0687864 0.997631 -0
    outer loop
      vertex 3.5 119 0
      vertex 3.36947 119.009 2
      vertex 3.5 119 2
    endloop
  endfacet
  facet normal 0.0687864 0.997631 0
    outer loop
      vertex 3.36947 119.009 2
      vertex 3.5 119 0
      vertex 3.36947 119.009 0
    endloop
  endfacet
  facet normal 0.557305 0.830308 -0
    outer loop
      vertex 3 119.134 0
      vertex 2.89124 119.207 2
      vertex 3 119.134 2
    endloop
  endfacet
  facet normal 0.557305 0.830308 0
    outer loop
      vertex 2.89124 119.207 2
      vertex 3 119.134 0
      vertex 2.89124 119.207 0
    endloop
  endfacet
  facet normal 0.750714 0.660628 0
    outer loop
      vertex 2.79289 119.293 2
      vertex 2.70665 119.391 0
      vertex 2.70665 119.391 2
    endloop
  endfacet
  facet normal 0.750714 0.660628 0
    outer loop
      vertex 2.70665 119.391 0
      vertex 2.79289 119.293 2
      vertex 2.79289 119.293 0
    endloop
  endfacet
  facet normal 0.443175 0.896435 -0
    outer loop
      vertex 3.11732 119.076 0
      vertex 3 119.134 2
      vertex 3.11732 119.076 2
    endloop
  endfacet
  facet normal 0.443175 0.896435 0
    outer loop
      vertex 3 119.134 2
      vertex 3.11732 119.076 0
      vertex 3 119.134 0
    endloop
  endfacet
  facet normal 0.191273 0.981537 -0
    outer loop
      vertex 3.36947 119.009 0
      vertex 3.24118 119.034 2
      vertex 3.36947 119.009 2
    endloop
  endfacet
  facet normal 0.191273 0.981537 0
    outer loop
      vertex 3.24118 119.034 2
      vertex 3.36947 119.009 0
      vertex 3.24118 119.034 0
    endloop
  endfacet
  facet normal -0.443175 -0.896435 0
    outer loop
      vertex 2.13268 123.955 0
      vertex 2.25 123.897 2
      vertex 2.13268 123.955 2
    endloop
  endfacet
  facet normal -0.443175 -0.896435 -0
    outer loop
      vertex 2.25 123.897 2
      vertex 2.13268 123.955 0
      vertex 2.25 123.897 0
    endloop
  endfacet
  facet normal 0.896398 -0.44325 0
    outer loop
      vertex 0.82612 123.414 2
      vertex 0.883974 123.531 0
      vertex 0.883974 123.531 2
    endloop
  endfacet
  facet normal 0.896398 -0.44325 0
    outer loop
      vertex 0.883974 123.531 0
      vertex 0.82612 123.414 2
      vertex 0.82612 123.414 0
    endloop
  endfacet
  facet normal 0.321132 -0.947034 0
    outer loop
      vertex 1.36732 123.955 0
      vertex 1.49118 123.997 2
      vertex 1.36732 123.955 2
    endloop
  endfacet
  facet normal 0.321132 -0.947034 0
    outer loop
      vertex 1.49118 123.997 2
      vertex 1.36732 123.955 0
      vertex 1.49118 123.997 0
    endloop
  endfacet
  facet normal 0.997875 -0.0651589 0
    outer loop
      vertex 0.75 123.031 2
      vertex 0.758554 123.162 0
      vertex 0.758554 123.162 2
    endloop
  endfacet
  facet normal 0.997875 -0.0651589 0
    outer loop
      vertex 0.758554 123.162 0
      vertex 0.75 123.031 2
      vertex 0.75 123.031 0
    endloop
  endfacet
  facet normal -0.0611738 -0.998127 0
    outer loop
      vertex 1.75 124.031 0
      vertex 1.88053 124.023 2
      vertex 1.75 124.031 2
    endloop
  endfacet
  facet normal -0.0611738 -0.998127 -0
    outer loop
      vertex 1.88053 124.023 2
      vertex 1.75 124.031 0
      vertex 1.88053 124.023 0
    endloop
  endfacet
  facet normal -0.321132 -0.947034 0
    outer loop
      vertex 2.00882 123.997 0
      vertex 2.13268 123.955 2
      vertex 2.00882 123.997 2
    endloop
  endfacet
  facet normal -0.321132 -0.947034 -0
    outer loop
      vertex 2.13268 123.955 2
      vertex 2.00882 123.997 0
      vertex 2.13268 123.955 0
    endloop
  endfacet
  facet normal 0.0611738 -0.998127 0
    outer loop
      vertex 1.61947 124.023 0
      vertex 1.75 124.031 2
      vertex 1.61947 124.023 2
    endloop
  endfacet
  facet normal 0.0611738 -0.998127 0
    outer loop
      vertex 1.75 124.031 2
      vertex 1.61947 124.023 0
      vertex 1.75 124.031 0
    endloop
  endfacet
  facet normal 0.658261 -0.75279 0
    outer loop
      vertex 1.04289 123.738 0
      vertex 1.14124 123.824 2
      vertex 1.04289 123.738 2
    endloop
  endfacet
  facet normal 0.658261 -0.75279 0
    outer loop
      vertex 1.14124 123.824 2
      vertex 1.04289 123.738 0
      vertex 1.14124 123.824 0
    endloop
  endfacet
  facet normal 0.443175 -0.896435 0
    outer loop
      vertex 1.25 123.897 0
      vertex 1.36732 123.955 2
      vertex 1.25 123.897 2
    endloop
  endfacet
  facet normal 0.443175 -0.896435 0
    outer loop
      vertex 1.36732 123.955 2
      vertex 1.25 123.897 0
      vertex 1.36732 123.955 0
    endloop
  endfacet
  facet normal 0.658261 0.75279 -0
    outer loop
      vertex 1.14124 122.238 0
      vertex 1.04289 122.324 2
      vertex 1.14124 122.238 2
    endloop
  endfacet
  facet normal 0.658261 0.75279 0
    outer loop
      vertex 1.04289 122.324 2
      vertex 1.14124 122.238 0
      vertex 1.04289 122.324 0
    endloop
  endfacet
  facet normal 0.443175 0.896435 -0
    outer loop
      vertex 1.36732 122.107 0
      vertex 1.25 122.165 2
      vertex 1.36732 122.107 2
    endloop
  endfacet
  facet normal 0.443175 0.896435 0
    outer loop
      vertex 1.25 122.165 2
      vertex 1.36732 122.107 0
      vertex 1.25 122.165 0
    endloop
  endfacet
  facet normal 0.997842 0.065658 0
    outer loop
      vertex 0.758554 122.901 2
      vertex 0.75 123.031 0
      vertex 0.75 123.031 2
    endloop
  endfacet
  facet normal 0.997842 0.065658 0
    outer loop
      vertex 0.75 123.031 0
      vertex 0.758554 122.901 2
      vertex 0.758554 122.901 0
    endloop
  endfacet
  facet normal 0.947038 0.321122 0
    outer loop
      vertex 0.82612 122.648 2
      vertex 0.784074 122.772 0
      vertex 0.784074 122.772 2
    endloop
  endfacet
  facet normal 0.947038 0.321122 0
    outer loop
      vertex 0.784074 122.772 0
      vertex 0.82612 122.648 2
      vertex 0.82612 122.648 0
    endloop
  endfacet
  facet normal 0.947038 -0.321122 0
    outer loop
      vertex 0.784074 123.29 2
      vertex 0.82612 123.414 0
      vertex 0.82612 123.414 2
    endloop
  endfacet
  facet normal 0.947038 -0.321122 0
    outer loop
      vertex 0.82612 123.414 0
      vertex 0.784074 123.29 2
      vertex 0.784074 123.29 0
    endloop
  endfacet
  facet normal -0.947028 0.32115 0
    outer loop
      vertex 2.67388 122.648 0
      vertex 2.71593 122.772 2
      vertex 2.71593 122.772 0
    endloop
  endfacet
  facet normal -0.947028 0.32115 0
    outer loop
      vertex 2.71593 122.772 2
      vertex 2.67388 122.648 0
      vertex 2.67388 122.648 2
    endloop
  endfacet
  facet normal -0.198628 -0.980075 0
    outer loop
      vertex 1.88053 124.023 0
      vertex 2.00882 123.997 2
      vertex 1.88053 124.023 2
    endloop
  endfacet
  facet normal -0.198628 -0.980075 -0
    outer loop
      vertex 2.00882 123.997 2
      vertex 1.88053 124.023 0
      vertex 2.00882 123.997 0
    endloop
  endfacet
  facet normal 0.198628 -0.980075 0
    outer loop
      vertex 1.49118 123.997 0
      vertex 1.61947 124.023 2
      vertex 1.49118 123.997 2
    endloop
  endfacet
  facet normal 0.198628 -0.980075 0
    outer loop
      vertex 1.61947 124.023 2
      vertex 1.49118 123.997 0
      vertex 1.61947 124.023 0
    endloop
  endfacet
  facet normal 0.750698 -0.660645 0
    outer loop
      vertex 0.956646 123.64 2
      vertex 1.04289 123.738 0
      vertex 1.04289 123.738 2
    endloop
  endfacet
  facet normal 0.750698 -0.660645 0
    outer loop
      vertex 1.04289 123.738 0
      vertex 0.956646 123.64 2
      vertex 0.956646 123.64 0
    endloop
  endfacet
  facet normal 0.832032 -0.554728 0
    outer loop
      vertex 0.883974 123.531 2
      vertex 0.956646 123.64 0
      vertex 0.956646 123.64 2
    endloop
  endfacet
  facet normal 0.832032 -0.554728 0
    outer loop
      vertex 0.956646 123.64 0
      vertex 0.883974 123.531 2
      vertex 0.883974 123.531 0
    endloop
  endfacet
  facet normal 0.557305 -0.830308 0
    outer loop
      vertex 1.14124 123.824 0
      vertex 1.25 123.897 2
      vertex 1.14124 123.824 2
    endloop
  endfacet
  facet normal 0.557305 -0.830308 0
    outer loop
      vertex 1.25 123.897 2
      vertex 1.14124 123.824 0
      vertex 1.25 123.897 0
    endloop
  endfacet
  facet normal 0.750698 0.660645 0
    outer loop
      vertex 1.04289 122.324 2
      vertex 0.956646 122.422 0
      vertex 0.956646 122.422 2
    endloop
  endfacet
  facet normal 0.750698 0.660645 0
    outer loop
      vertex 0.956646 122.422 0
      vertex 1.04289 122.324 2
      vertex 1.04289 122.324 0
    endloop
  endfacet
  facet normal 0.896398 0.44325 0
    outer loop
      vertex 0.883974 122.531 2
      vertex 0.82612 122.648 0
      vertex 0.82612 122.648 2
    endloop
  endfacet
  facet normal 0.896398 0.44325 0
    outer loop
      vertex 0.82612 122.648 0
      vertex 0.883974 122.531 2
      vertex 0.883974 122.531 0
    endloop
  endfacet
  facet normal 0.832032 0.554728 0
    outer loop
      vertex 0.956646 122.422 2
      vertex 0.883974 122.531 0
      vertex 0.883974 122.531 2
    endloop
  endfacet
  facet normal 0.832032 0.554728 0
    outer loop
      vertex 0.883974 122.531 0
      vertex 0.956646 122.422 2
      vertex 0.956646 122.422 0
    endloop
  endfacet
  facet normal 0.557305 0.830308 -0
    outer loop
      vertex 1.25 122.165 0
      vertex 1.14124 122.238 2
      vertex 1.25 122.165 2
    endloop
  endfacet
  facet normal 0.557305 0.830308 0
    outer loop
      vertex 1.14124 122.238 2
      vertex 1.25 122.165 0
      vertex 1.14124 122.238 0
    endloop
  endfacet
  facet normal 0.980988 0.194068 0
    outer loop
      vertex 0.784074 122.772 2
      vertex 0.758554 122.901 0
      vertex 0.758554 122.901 2
    endloop
  endfacet
  facet normal 0.980988 0.194068 0
    outer loop
      vertex 0.758554 122.901 0
      vertex 0.784074 122.772 2
      vertex 0.784074 122.772 0
    endloop
  endfacet
  facet normal 0.980698 -0.195527 0
    outer loop
      vertex 0.758554 123.162 2
      vertex 0.784074 123.29 0
      vertex 0.784074 123.29 2
    endloop
  endfacet
  facet normal 0.980698 -0.195527 0
    outer loop
      vertex 0.784074 123.29 0
      vertex 0.758554 123.162 2
      vertex 0.758554 123.162 0
    endloop
  endfacet
  facet normal -0.557305 -0.830308 0
    outer loop
      vertex 2.25 123.897 0
      vertex 2.35876 123.824 2
      vertex 2.25 123.897 2
    endloop
  endfacet
  facet normal -0.557305 -0.830308 -0
    outer loop
      vertex 2.35876 123.824 2
      vertex 2.25 123.897 0
      vertex 2.35876 123.824 0
    endloop
  endfacet
  facet normal -0.980713 -0.195453 0
    outer loop
      vertex 2.74144 123.162 0
      vertex 2.71593 123.29 2
      vertex 2.71593 123.29 0
    endloop
  endfacet
  facet normal -0.980713 -0.195453 0
    outer loop
      vertex 2.71593 123.29 2
      vertex 2.74144 123.162 0
      vertex 2.74144 123.162 2
    endloop
  endfacet
  facet normal 0.0687864 0.997631 -0
    outer loop
      vertex 1.75 122.031 0
      vertex 1.61947 122.04 2
      vertex 1.75 122.031 2
    endloop
  endfacet
  facet normal 0.0687864 0.997631 0
    outer loop
      vertex 1.61947 122.04 2
      vertex 1.75 122.031 0
      vertex 1.61947 122.04 0
    endloop
  endfacet
  facet normal 0.321132 0.947034 -0
    outer loop
      vertex 1.49118 122.065 0
      vertex 1.36732 122.107 2
      vertex 1.49118 122.065 2
    endloop
  endfacet
  facet normal 0.321132 0.947034 0
    outer loop
      vertex 1.36732 122.107 2
      vertex 1.49118 122.065 0
      vertex 1.36732 122.107 0
    endloop
  endfacet
  facet normal -0.997839 0.0657039 0
    outer loop
      vertex 2.74144 122.901 0
      vertex 2.75 123.031 2
      vertex 2.75 123.031 0
    endloop
  endfacet
  facet normal -0.997839 0.0657039 0
    outer loop
      vertex 2.75 123.031 2
      vertex 2.74144 122.901 0
      vertex 2.74144 122.901 2
    endloop
  endfacet
  facet normal -0.981002 0.193995 0
    outer loop
      vertex 2.71593 122.772 0
      vertex 2.74144 122.901 2
      vertex 2.74144 122.901 0
    endloop
  endfacet
  facet normal -0.981002 0.193995 0
    outer loop
      vertex 2.74144 122.901 2
      vertex 2.71593 122.772 0
      vertex 2.71593 122.772 2
    endloop
  endfacet
  facet normal -0.997872 -0.0652045 0
    outer loop
      vertex 2.75 123.031 0
      vertex 2.74144 123.162 2
      vertex 2.74144 123.162 0
    endloop
  endfacet
  facet normal -0.997872 -0.0652045 0
    outer loop
      vertex 2.74144 123.162 2
      vertex 2.75 123.031 0
      vertex 2.75 123.031 2
    endloop
  endfacet
  facet normal -0.947028 -0.32115 0
    outer loop
      vertex 2.71593 123.29 0
      vertex 2.67388 123.414 2
      vertex 2.67388 123.414 0
    endloop
  endfacet
  facet normal -0.947028 -0.32115 0
    outer loop
      vertex 2.67388 123.414 2
      vertex 2.71593 123.29 0
      vertex 2.71593 123.29 2
    endloop
  endfacet
  facet normal -0.750714 -0.660628 0
    outer loop
      vertex 2.54335 123.64 0
      vertex 2.45711 123.738 2
      vertex 2.45711 123.738 0
    endloop
  endfacet
  facet normal -0.750714 -0.660628 0
    outer loop
      vertex 2.45711 123.738 2
      vertex 2.54335 123.64 0
      vertex 2.54335 123.64 2
    endloop
  endfacet
  facet normal -0.832039 -0.554718 0
    outer loop
      vertex 2.61602 123.531 0
      vertex 2.54335 123.64 2
      vertex 2.54335 123.64 0
    endloop
  endfacet
  facet normal -0.832039 -0.554718 0
    outer loop
      vertex 2.54335 123.64 2
      vertex 2.61602 123.531 0
      vertex 2.61602 123.531 2
    endloop
  endfacet
  facet normal -0.658261 -0.75279 0
    outer loop
      vertex 2.35876 123.824 0
      vertex 2.45711 123.738 2
      vertex 2.35876 123.824 2
    endloop
  endfacet
  facet normal -0.658261 -0.75279 -0
    outer loop
      vertex 2.45711 123.738 2
      vertex 2.35876 123.824 0
      vertex 2.45711 123.738 0
    endloop
  endfacet
  facet normal -0.89638 -0.443287 0
    outer loop
      vertex 2.67388 123.414 0
      vertex 2.61602 123.531 2
      vertex 2.61602 123.531 0
    endloop
  endfacet
  facet normal -0.89638 -0.443287 0
    outer loop
      vertex 2.61602 123.531 2
      vertex 2.67388 123.414 0
      vertex 2.67388 123.414 2
    endloop
  endfacet
  facet normal -0.89638 0.443287 0
    outer loop
      vertex 2.61602 122.531 0
      vertex 2.67388 122.648 2
      vertex 2.67388 122.648 0
    endloop
  endfacet
  facet normal -0.89638 0.443287 0
    outer loop
      vertex 2.67388 122.648 2
      vertex 2.61602 122.531 0
      vertex 2.61602 122.531 2
    endloop
  endfacet
  facet normal -0.832039 0.554718 0
    outer loop
      vertex 2.54335 122.422 0
      vertex 2.61602 122.531 2
      vertex 2.61602 122.531 0
    endloop
  endfacet
  facet normal -0.832039 0.554718 0
    outer loop
      vertex 2.61602 122.531 2
      vertex 2.54335 122.422 0
      vertex 2.54335 122.422 2
    endloop
  endfacet
  facet normal -0.750714 0.660628 0
    outer loop
      vertex 2.45711 122.324 0
      vertex 2.54335 122.422 2
      vertex 2.54335 122.422 0
    endloop
  endfacet
  facet normal -0.750714 0.660628 0
    outer loop
      vertex 2.54335 122.422 2
      vertex 2.45711 122.324 0
      vertex 2.45711 122.324 2
    endloop
  endfacet
  facet normal -0.321132 0.947034 0
    outer loop
      vertex 2.13268 122.107 0
      vertex 2.00882 122.065 2
      vertex 2.13268 122.107 2
    endloop
  endfacet
  facet normal -0.321132 0.947034 0
    outer loop
      vertex 2.00882 122.065 2
      vertex 2.13268 122.107 0
      vertex 2.00882 122.065 0
    endloop
  endfacet
  facet normal -0.191273 0.981537 0
    outer loop
      vertex 2.00882 122.065 0
      vertex 1.88053 122.04 2
      vertex 2.00882 122.065 2
    endloop
  endfacet
  facet normal -0.191273 0.981537 0
    outer loop
      vertex 1.88053 122.04 2
      vertex 2.00882 122.065 0
      vertex 1.88053 122.04 0
    endloop
  endfacet
  facet normal -0.0687864 0.997631 0
    outer loop
      vertex 1.88053 122.04 0
      vertex 1.75 122.031 2
      vertex 1.88053 122.04 2
    endloop
  endfacet
  facet normal -0.0687864 0.997631 0
    outer loop
      vertex 1.75 122.031 2
      vertex 1.88053 122.04 0
      vertex 1.75 122.031 0
    endloop
  endfacet
  facet normal 0.191273 0.981537 -0
    outer loop
      vertex 1.61947 122.04 0
      vertex 1.49118 122.065 2
      vertex 1.61947 122.04 2
    endloop
  endfacet
  facet normal 0.191273 0.981537 0
    outer loop
      vertex 1.49118 122.065 2
      vertex 1.61947 122.04 0
      vertex 1.49118 122.065 0
    endloop
  endfacet
  facet normal -0.443175 0.896435 0
    outer loop
      vertex 2.25 122.165 0
      vertex 2.13268 122.107 2
      vertex 2.25 122.165 2
    endloop
  endfacet
  facet normal -0.443175 0.896435 0
    outer loop
      vertex 2.13268 122.107 2
      vertex 2.25 122.165 0
      vertex 2.13268 122.107 0
    endloop
  endfacet
  facet normal -0.658261 0.75279 0
    outer loop
      vertex 2.45711 122.324 0
      vertex 2.35876 122.238 2
      vertex 2.45711 122.324 2
    endloop
  endfacet
  facet normal -0.658261 0.75279 0
    outer loop
      vertex 2.35876 122.238 2
      vertex 2.45711 122.324 0
      vertex 2.35876 122.238 0
    endloop
  endfacet
  facet normal -0.557305 0.830308 0
    outer loop
      vertex 2.35876 122.238 0
      vertex 2.25 122.165 2
      vertex 2.35876 122.238 2
    endloop
  endfacet
  facet normal -0.557305 0.830308 0
    outer loop
      vertex 2.25 122.165 2
      vertex 2.35876 122.238 0
      vertex 2.25 122.165 0
    endloop
  endfacet
  facet normal 0.557305 -0.830308 0
    outer loop
      vertex -2.35876 123.824 0
      vertex -2.25 123.897 2
      vertex -2.35876 123.824 2
    endloop
  endfacet
  facet normal 0.557305 -0.830308 0
    outer loop
      vertex -2.25 123.897 2
      vertex -2.35876 123.824 0
      vertex -2.25 123.897 0
    endloop
  endfacet
  facet normal 0.980713 -0.195453 0
    outer loop
      vertex -2.74144 123.162 2
      vertex -2.71593 123.29 0
      vertex -2.71593 123.29 2
    endloop
  endfacet
  facet normal 0.980713 -0.195453 0
    outer loop
      vertex -2.71593 123.29 0
      vertex -2.74144 123.162 2
      vertex -2.74144 123.162 0
    endloop
  endfacet
  facet normal 0.832039 -0.554718 0
    outer loop
      vertex -2.61602 123.531 2
      vertex -2.54335 123.64 0
      vertex -2.54335 123.64 2
    endloop
  endfacet
  facet normal 0.832039 -0.554718 0
    outer loop
      vertex -2.54335 123.64 0
      vertex -2.61602 123.531 2
      vertex -2.61602 123.531 0
    endloop
  endfacet
  facet normal 0.658261 -0.75279 0
    outer loop
      vertex -2.45711 123.738 0
      vertex -2.35876 123.824 2
      vertex -2.45711 123.738 2
    endloop
  endfacet
  facet normal 0.658261 -0.75279 0
    outer loop
      vertex -2.35876 123.824 2
      vertex -2.45711 123.738 0
      vertex -2.35876 123.824 0
    endloop
  endfacet
  facet normal 0.981002 0.193995 0
    outer loop
      vertex -2.71593 122.772 2
      vertex -2.74144 122.901 0
      vertex -2.74144 122.901 2
    endloop
  endfacet
  facet normal 0.981002 0.193995 0
    outer loop
      vertex -2.74144 122.901 0
      vertex -2.71593 122.772 2
      vertex -2.71593 122.772 0
    endloop
  endfacet
  facet normal 0.997872 -0.0652045 0
    outer loop
      vertex -2.75 123.031 2
      vertex -2.74144 123.162 0
      vertex -2.74144 123.162 2
    endloop
  endfacet
  facet normal 0.997872 -0.0652045 0
    outer loop
      vertex -2.74144 123.162 0
      vertex -2.75 123.031 2
      vertex -2.75 123.031 0
    endloop
  endfacet
  facet normal 0.557305 0.830308 -0
    outer loop
      vertex -2.25 122.165 0
      vertex -2.35876 122.238 2
      vertex -2.25 122.165 2
    endloop
  endfacet
  facet normal 0.557305 0.830308 0
    outer loop
      vertex -2.35876 122.238 2
      vertex -2.25 122.165 0
      vertex -2.35876 122.238 0
    endloop
  endfacet
  facet normal 0.750714 0.660628 0
    outer loop
      vertex -2.45711 122.324 2
      vertex -2.54335 122.422 0
      vertex -2.54335 122.422 2
    endloop
  endfacet
  facet normal 0.750714 0.660628 0
    outer loop
      vertex -2.54335 122.422 0
      vertex -2.45711 122.324 2
      vertex -2.45711 122.324 0
    endloop
  endfacet
  facet normal -0.557305 -0.830308 0
    outer loop
      vertex -1.25 123.897 0
      vertex -1.14124 123.824 2
      vertex -1.25 123.897 2
    endloop
  endfacet
  facet normal -0.557305 -0.830308 -0
    outer loop
      vertex -1.14124 123.824 2
      vertex -1.25 123.897 0
      vertex -1.14124 123.824 0
    endloop
  endfacet
  facet normal 0.750714 -0.660628 0
    outer loop
      vertex -2.54335 123.64 2
      vertex -2.45711 123.738 0
      vertex -2.45711 123.738 2
    endloop
  endfacet
  facet normal 0.750714 -0.660628 0
    outer loop
      vertex -2.45711 123.738 0
      vertex -2.54335 123.64 2
      vertex -2.54335 123.64 0
    endloop
  endfacet
  facet normal 0.947028 -0.32115 0
    outer loop
      vertex -2.71593 123.29 2
      vertex -2.67388 123.414 0
      vertex -2.67388 123.414 2
    endloop
  endfacet
  facet normal 0.947028 -0.32115 0
    outer loop
      vertex -2.67388 123.414 0
      vertex -2.71593 123.29 2
      vertex -2.71593 123.29 0
    endloop
  endfacet
  facet normal 0.89638 -0.443287 0
    outer loop
      vertex -2.67388 123.414 2
      vertex -2.61602 123.531 0
      vertex -2.61602 123.531 2
    endloop
  endfacet
  facet normal 0.89638 -0.443287 0
    outer loop
      vertex -2.61602 123.531 0
      vertex -2.67388 123.414 2
      vertex -2.67388 123.414 0
    endloop
  endfacet
  facet normal 0.947028 0.32115 0
    outer loop
      vertex -2.67388 122.648 2
      vertex -2.71593 122.772 0
      vertex -2.71593 122.772 2
    endloop
  endfacet
  facet normal 0.947028 0.32115 0
    outer loop
      vertex -2.71593 122.772 0
      vertex -2.67388 122.648 2
      vertex -2.67388 122.648 0
    endloop
  endfacet
  facet normal 0.89638 0.443287 0
    outer loop
      vertex -2.61602 122.531 2
      vertex -2.67388 122.648 0
      vertex -2.67388 122.648 2
    endloop
  endfacet
  facet normal 0.89638 0.443287 0
    outer loop
      vertex -2.67388 122.648 0
      vertex -2.61602 122.531 2
      vertex -2.61602 122.531 0
    endloop
  endfacet
  facet normal 0.832039 0.554718 0
    outer loop
      vertex -2.54335 122.422 2
      vertex -2.61602 122.531 0
      vertex -2.61602 122.531 2
    endloop
  endfacet
  facet normal 0.832039 0.554718 0
    outer loop
      vertex -2.61602 122.531 0
      vertex -2.54335 122.422 2
      vertex -2.54335 122.422 0
    endloop
  endfacet
  facet normal 0.997839 0.0657039 0
    outer loop
      vertex -2.74144 122.901 2
      vertex -2.75 123.031 0
      vertex -2.75 123.031 2
    endloop
  endfacet
  facet normal 0.997839 0.0657039 0
    outer loop
      vertex -2.75 123.031 0
      vertex -2.74144 122.901 2
      vertex -2.74144 122.901 0
    endloop
  endfacet
  facet normal -0.191273 0.981537 0
    outer loop
      vertex -1.49118 122.065 0
      vertex -1.61947 122.04 2
      vertex -1.49118 122.065 2
    endloop
  endfacet
  facet normal -0.191273 0.981537 0
    outer loop
      vertex -1.61947 122.04 2
      vertex -1.49118 122.065 0
      vertex -1.61947 122.04 0
    endloop
  endfacet
  facet normal 0.0687864 0.997631 -0
    outer loop
      vertex -1.75 122.031 0
      vertex -1.88053 122.04 2
      vertex -1.75 122.031 2
    endloop
  endfacet
  facet normal 0.0687864 0.997631 0
    outer loop
      vertex -1.88053 122.04 2
      vertex -1.75 122.031 0
      vertex -1.88053 122.04 0
    endloop
  endfacet
  facet normal -0.0687864 0.997631 0
    outer loop
      vertex -1.61947 122.04 0
      vertex -1.75 122.031 2
      vertex -1.61947 122.04 2
    endloop
  endfacet
  facet normal -0.0687864 0.997631 0
    outer loop
      vertex -1.75 122.031 2
      vertex -1.61947 122.04 0
      vertex -1.75 122.031 0
    endloop
  endfacet
  facet normal -0.557305 0.830308 0
    outer loop
      vertex -1.14124 122.238 0
      vertex -1.25 122.165 2
      vertex -1.14124 122.238 2
    endloop
  endfacet
  facet normal -0.557305 0.830308 0
    outer loop
      vertex -1.25 122.165 2
      vertex -1.14124 122.238 0
      vertex -1.25 122.165 0
    endloop
  endfacet
  facet normal -0.321132 0.947034 0
    outer loop
      vertex -1.36732 122.107 0
      vertex -1.49118 122.065 2
      vertex -1.36732 122.107 2
    endloop
  endfacet
  facet normal -0.321132 0.947034 0
    outer loop
      vertex -1.49118 122.065 2
      vertex -1.36732 122.107 0
      vertex -1.49118 122.065 0
    endloop
  endfacet
  facet normal -0.443175 0.896435 0
    outer loop
      vertex -1.25 122.165 0
      vertex -1.36732 122.107 2
      vertex -1.25 122.165 2
    endloop
  endfacet
  facet normal -0.443175 0.896435 0
    outer loop
      vertex -1.36732 122.107 2
      vertex -1.25 122.165 0
      vertex -1.36732 122.107 0
    endloop
  endfacet
  facet normal 0.191273 0.981537 -0
    outer loop
      vertex -1.88053 122.04 0
      vertex -2.00882 122.065 2
      vertex -1.88053 122.04 2
    endloop
  endfacet
  facet normal 0.191273 0.981537 0
    outer loop
      vertex -2.00882 122.065 2
      vertex -1.88053 122.04 0
      vertex -2.00882 122.065 0
    endloop
  endfacet
  facet normal 0.443175 0.896435 -0
    outer loop
      vertex -2.13268 122.107 0
      vertex -2.25 122.165 2
      vertex -2.13268 122.107 2
    endloop
  endfacet
  facet normal 0.443175 0.896435 0
    outer loop
      vertex -2.25 122.165 2
      vertex -2.13268 122.107 0
      vertex -2.25 122.165 0
    endloop
  endfacet
  facet normal 0.321132 0.947034 -0
    outer loop
      vertex -2.00882 122.065 0
      vertex -2.13268 122.107 2
      vertex -2.00882 122.065 2
    endloop
  endfacet
  facet normal 0.321132 0.947034 0
    outer loop
      vertex -2.13268 122.107 2
      vertex -2.00882 122.065 0
      vertex -2.13268 122.107 0
    endloop
  endfacet
  facet normal 0.658261 0.75279 -0
    outer loop
      vertex -2.35876 122.238 0
      vertex -2.45711 122.324 2
      vertex -2.35876 122.238 2
    endloop
  endfacet
  facet normal 0.658261 0.75279 0
    outer loop
      vertex -2.45711 122.324 2
      vertex -2.35876 122.238 0
      vertex -2.45711 122.324 0
    endloop
  endfacet
  facet normal 0.443175 -0.896435 0
    outer loop
      vertex -2.25 123.897 0
      vertex -2.13268 123.955 2
      vertex -2.25 123.897 2
    endloop
  endfacet
  facet normal 0.443175 -0.896435 0
    outer loop
      vertex -2.13268 123.955 2
      vertex -2.25 123.897 0
      vertex -2.13268 123.955 0
    endloop
  endfacet
  facet normal -0.0611738 -0.998127 0
    outer loop
      vertex -1.75 124.031 0
      vertex -1.61947 124.023 2
      vertex -1.75 124.031 2
    endloop
  endfacet
  facet normal -0.0611738 -0.998127 -0
    outer loop
      vertex -1.61947 124.023 2
      vertex -1.75 124.031 0
      vertex -1.61947 124.023 0
    endloop
  endfacet
  facet normal 0.198628 -0.980075 0
    outer loop
      vertex -2.00882 123.997 0
      vertex -1.88053 124.023 2
      vertex -2.00882 123.997 2
    endloop
  endfacet
  facet normal 0.198628 -0.980075 0
    outer loop
      vertex -1.88053 124.023 2
      vertex -2.00882 123.997 0
      vertex -1.88053 124.023 0
    endloop
  endfacet
  facet normal 0.321132 -0.947034 0
    outer loop
      vertex -2.13268 123.955 0
      vertex -2.00882 123.997 2
      vertex -2.13268 123.955 2
    endloop
  endfacet
  facet normal 0.321132 -0.947034 0
    outer loop
      vertex -2.00882 123.997 2
      vertex -2.13268 123.955 0
      vertex -2.00882 123.997 0
    endloop
  endfacet
  facet normal -0.658261 0.75279 0
    outer loop
      vertex -1.04289 122.324 0
      vertex -1.14124 122.238 2
      vertex -1.04289 122.324 2
    endloop
  endfacet
  facet normal -0.658261 0.75279 0
    outer loop
      vertex -1.14124 122.238 2
      vertex -1.04289 122.324 0
      vertex -1.14124 122.238 0
    endloop
  endfacet
  facet normal -0.832032 0.554728 0
    outer loop
      vertex -0.956646 122.422 0
      vertex -0.883974 122.531 2
      vertex -0.883974 122.531 0
    endloop
  endfacet
  facet normal -0.832032 0.554728 0
    outer loop
      vertex -0.883974 122.531 2
      vertex -0.956646 122.422 0
      vertex -0.956646 122.422 2
    endloop
  endfacet
  facet normal -0.658261 -0.75279 0
    outer loop
      vertex -1.14124 123.824 0
      vertex -1.04289 123.738 2
      vertex -1.14124 123.824 2
    endloop
  endfacet
  facet normal -0.658261 -0.75279 -0
    outer loop
      vertex -1.04289 123.738 2
      vertex -1.14124 123.824 0
      vertex -1.04289 123.738 0
    endloop
  endfacet
  facet normal -0.443175 -0.896435 0
    outer loop
      vertex -1.36732 123.955 0
      vertex -1.25 123.897 2
      vertex -1.36732 123.955 2
    endloop
  endfacet
  facet normal -0.443175 -0.896435 -0
    outer loop
      vertex -1.25 123.897 2
      vertex -1.36732 123.955 0
      vertex -1.25 123.897 0
    endloop
  endfacet
  facet normal -0.198628 -0.980075 0
    outer loop
      vertex -1.61947 124.023 0
      vertex -1.49118 123.997 2
      vertex -1.61947 124.023 2
    endloop
  endfacet
  facet normal -0.198628 -0.980075 -0
    outer loop
      vertex -1.49118 123.997 2
      vertex -1.61947 124.023 0
      vertex -1.49118 123.997 0
    endloop
  endfacet
  facet normal 0.0611738 -0.998127 0
    outer loop
      vertex -1.88053 124.023 0
      vertex -1.75 124.031 2
      vertex -1.88053 124.023 2
    endloop
  endfacet
  facet normal 0.0611738 -0.998127 0
    outer loop
      vertex -1.75 124.031 2
      vertex -1.88053 124.023 0
      vertex -1.75 124.031 0
    endloop
  endfacet
  facet normal -0.832032 -0.554728 0
    outer loop
      vertex -0.883974 123.531 0
      vertex -0.956646 123.64 2
      vertex -0.956646 123.64 0
    endloop
  endfacet
  facet normal -0.832032 -0.554728 0
    outer loop
      vertex -0.956646 123.64 2
      vertex -0.883974 123.531 0
      vertex -0.883974 123.531 2
    endloop
  endfacet
  facet normal -0.980988 0.194068 0
    outer loop
      vertex -0.784074 122.772 0
      vertex -0.758554 122.901 2
      vertex -0.758554 122.901 0
    endloop
  endfacet
  facet normal -0.980988 0.194068 0
    outer loop
      vertex -0.758554 122.901 2
      vertex -0.784074 122.772 0
      vertex -0.784074 122.772 2
    endloop
  endfacet
  facet normal -0.896398 0.44325 0
    outer loop
      vertex -0.883974 122.531 0
      vertex -0.82612 122.648 2
      vertex -0.82612 122.648 0
    endloop
  endfacet
  facet normal -0.896398 0.44325 0
    outer loop
      vertex -0.82612 122.648 2
      vertex -0.883974 122.531 0
      vertex -0.883974 122.531 2
    endloop
  endfacet
  facet normal -0.750698 0.660645 0
    outer loop
      vertex -1.04289 122.324 0
      vertex -0.956646 122.422 2
      vertex -0.956646 122.422 0
    endloop
  endfacet
  facet normal -0.750698 0.660645 0
    outer loop
      vertex -0.956646 122.422 2
      vertex -1.04289 122.324 0
      vertex -1.04289 122.324 2
    endloop
  endfacet
  facet normal -0.750698 -0.660645 0
    outer loop
      vertex -0.956646 123.64 0
      vertex -1.04289 123.738 2
      vertex -1.04289 123.738 0
    endloop
  endfacet
  facet normal -0.750698 -0.660645 0
    outer loop
      vertex -1.04289 123.738 2
      vertex -0.956646 123.64 0
      vertex -0.956646 123.64 2
    endloop
  endfacet
  facet normal -0.321132 -0.947034 0
    outer loop
      vertex -1.49118 123.997 0
      vertex -1.36732 123.955 2
      vertex -1.49118 123.997 2
    endloop
  endfacet
  facet normal -0.321132 -0.947034 -0
    outer loop
      vertex -1.36732 123.955 2
      vertex -1.49118 123.997 0
      vertex -1.36732 123.955 0
    endloop
  endfacet
  facet normal -0.896398 -0.44325 0
    outer loop
      vertex -0.82612 123.414 0
      vertex -0.883974 123.531 2
      vertex -0.883974 123.531 0
    endloop
  endfacet
  facet normal -0.896398 -0.44325 0
    outer loop
      vertex -0.883974 123.531 2
      vertex -0.82612 123.414 0
      vertex -0.82612 123.414 2
    endloop
  endfacet
  facet normal -0.997842 0.065658 0
    outer loop
      vertex -0.758554 122.901 0
      vertex -0.75 123.031 2
      vertex -0.75 123.031 0
    endloop
  endfacet
  facet normal -0.997842 0.065658 0
    outer loop
      vertex -0.75 123.031 2
      vertex -0.758554 122.901 0
      vertex -0.758554 122.901 2
    endloop
  endfacet
  facet normal -0.980698 -0.195527 0
    outer loop
      vertex -0.758554 123.162 0
      vertex -0.784074 123.29 2
      vertex -0.784074 123.29 0
    endloop
  endfacet
  facet normal -0.980698 -0.195527 0
    outer loop
      vertex -0.784074 123.29 2
      vertex -0.758554 123.162 0
      vertex -0.758554 123.162 2
    endloop
  endfacet
  facet normal -0.997875 -0.0651589 0
    outer loop
      vertex -0.75 123.031 0
      vertex -0.758554 123.162 2
      vertex -0.758554 123.162 0
    endloop
  endfacet
  facet normal -0.997875 -0.0651589 0
    outer loop
      vertex -0.758554 123.162 2
      vertex -0.75 123.031 0
      vertex -0.75 123.031 2
    endloop
  endfacet
  facet normal -0.947038 0.321122 0
    outer loop
      vertex -0.82612 122.648 0
      vertex -0.784074 122.772 2
      vertex -0.784074 122.772 0
    endloop
  endfacet
  facet normal -0.947038 0.321122 0
    outer loop
      vertex -0.784074 122.772 2
      vertex -0.82612 122.648 0
      vertex -0.82612 122.648 2
    endloop
  endfacet
  facet normal -0.947038 -0.321122 0
    outer loop
      vertex -0.784074 123.29 0
      vertex -0.82612 123.414 2
      vertex -0.82612 123.414 0
    endloop
  endfacet
  facet normal -0.947038 -0.321122 0
    outer loop
      vertex -0.82612 123.414 2
      vertex -0.784074 123.29 0
      vertex -0.784074 123.29 2
    endloop
  endfacet
  facet normal 0.997872 0.0652045 0
    outer loop
      vertex -4.49144 119.869 2
      vertex -4.5 120 0
      vertex -4.5 120 2
    endloop
  endfacet
  facet normal 0.997872 0.0652045 0
    outer loop
      vertex -4.5 120 0
      vertex -4.49144 119.869 2
      vertex -4.49144 119.869 0
    endloop
  endfacet
  facet normal -0.997877 -0.0651286 0
    outer loop
      vertex -2.5 120 0
      vertex -2.50855 120.131 2
      vertex -2.50855 120.131 0
    endloop
  endfacet
  facet normal -0.997877 -0.0651286 0
    outer loop
      vertex -2.50855 120.131 2
      vertex -2.5 120 0
      vertex -2.5 120 2
    endloop
  endfacet
  facet normal 0.0687864 -0.997631 0
    outer loop
      vertex -3.63053 120.991 0
      vertex -3.5 121 2
      vertex -3.63053 120.991 2
    endloop
  endfacet
  facet normal 0.0687864 -0.997631 0
    outer loop
      vertex -3.5 121 2
      vertex -3.63053 120.991 0
      vertex -3.5 121 0
    endloop
  endfacet
  facet normal 0.980713 0.195453 0
    outer loop
      vertex -4.46593 119.741 2
      vertex -4.49144 119.869 0
      vertex -4.49144 119.869 2
    endloop
  endfacet
  facet normal 0.980713 0.195453 0
    outer loop
      vertex -4.49144 119.869 0
      vertex -4.46593 119.741 2
      vertex -4.46593 119.741 0
    endloop
  endfacet
  facet normal 0.557305 0.830308 -0
    outer loop
      vertex -4 119.134 0
      vertex -4.10876 119.207 2
      vertex -4 119.134 2
    endloop
  endfacet
  facet normal 0.557305 0.830308 0
    outer loop
      vertex -4.10876 119.207 2
      vertex -4 119.134 0
      vertex -4.10876 119.207 0
    endloop
  endfacet
  facet normal -0.89641 0.443225 0
    outer loop
      vertex -2.63397 119.5 0
      vertex -2.57612 119.617 2
      vertex -2.57612 119.617 0
    endloop
  endfacet
  facet normal -0.89641 0.443225 0
    outer loop
      vertex -2.57612 119.617 2
      vertex -2.63397 119.5 0
      vertex -2.63397 119.5 2
    endloop
  endfacet
  facet normal -0.832003 0.554771 0
    outer loop
      vertex -2.70665 119.391 0
      vertex -2.63397 119.5 2
      vertex -2.63397 119.5 0
    endloop
  endfacet
  facet normal -0.832003 0.554771 0
    outer loop
      vertex -2.63397 119.5 2
      vertex -2.70665 119.391 0
      vertex -2.70665 119.391 2
    endloop
  endfacet
  facet normal -0.980698 0.195527 0
    outer loop
      vertex -2.53407 119.741 0
      vertex -2.50855 119.869 2
      vertex -2.50855 119.869 0
    endloop
  endfacet
  facet normal -0.980698 0.195527 0
    outer loop
      vertex -2.50855 119.869 2
      vertex -2.53407 119.741 0
      vertex -2.53407 119.741 2
    endloop
  endfacet
  facet normal -0.191273 0.981537 0
    outer loop
      vertex -3.24118 119.034 0
      vertex -3.36947 119.009 2
      vertex -3.24118 119.034 2
    endloop
  endfacet
  facet normal -0.191273 0.981537 0
    outer loop
      vertex -3.36947 119.009 2
      vertex -3.24118 119.034 0
      vertex -3.36947 119.009 0
    endloop
  endfacet
  facet normal 0.443175 -0.896435 0
    outer loop
      vertex -4 120.866 0
      vertex -3.88268 120.924 2
      vertex -4 120.866 2
    endloop
  endfacet
  facet normal 0.443175 -0.896435 0
    outer loop
      vertex -3.88268 120.924 2
      vertex -4 120.866 0
      vertex -3.88268 120.924 0
    endloop
  endfacet
  facet normal 0.947028 0.32115 0
    outer loop
      vertex -4.42388 119.617 2
      vertex -4.46593 119.741 0
      vertex -4.46593 119.741 2
    endloop
  endfacet
  facet normal 0.947028 0.32115 0
    outer loop
      vertex -4.46593 119.741 0
      vertex -4.42388 119.617 2
      vertex -4.42388 119.617 0
    endloop
  endfacet
  facet normal 0.658261 0.75279 -0
    outer loop
      vertex -4.10876 119.207 0
      vertex -4.20711 119.293 2
      vertex -4.10876 119.207 2
    endloop
  endfacet
  facet normal 0.658261 0.75279 0
    outer loop
      vertex -4.20711 119.293 2
      vertex -4.10876 119.207 0
      vertex -4.20711 119.293 0
    endloop
  endfacet
  facet normal 0.832039 0.554718 0
    outer loop
      vertex -4.29335 119.391 2
      vertex -4.36602 119.5 0
      vertex -4.36602 119.5 2
    endloop
  endfacet
  facet normal 0.832039 0.554718 0
    outer loop
      vertex -4.36602 119.5 0
      vertex -4.29335 119.391 2
      vertex -4.29335 119.391 0
    endloop
  endfacet
  facet normal 0.191273 0.981537 -0
    outer loop
      vertex -3.63053 119.009 0
      vertex -3.75882 119.034 2
      vertex -3.63053 119.009 2
    endloop
  endfacet
  facet normal 0.191273 0.981537 0
    outer loop
      vertex -3.75882 119.034 2
      vertex -3.63053 119.009 0
      vertex -3.75882 119.034 0
    endloop
  endfacet
  facet normal -0.0687864 0.997631 0
    outer loop
      vertex -3.36947 119.009 0
      vertex -3.5 119 2
      vertex -3.36947 119.009 2
    endloop
  endfacet
  facet normal -0.0687864 0.997631 0
    outer loop
      vertex -3.5 119 2
      vertex -3.36947 119.009 0
      vertex -3.5 119 0
    endloop
  endfacet
  facet normal 0.443175 0.896435 -0
    outer loop
      vertex -3.88268 119.076 0
      vertex -4 119.134 2
      vertex -3.88268 119.076 2
    endloop
  endfacet
  facet normal 0.443175 0.896435 0
    outer loop
      vertex -4 119.134 2
      vertex -3.88268 119.076 0
      vertex -4 119.134 0
    endloop
  endfacet
  facet normal 0.321132 0.947034 -0
    outer loop
      vertex -3.75882 119.034 0
      vertex -3.88268 119.076 2
      vertex -3.75882 119.034 2
    endloop
  endfacet
  facet normal 0.321132 0.947034 0
    outer loop
      vertex -3.88268 119.076 2
      vertex -3.75882 119.034 0
      vertex -3.88268 119.076 0
    endloop
  endfacet
  facet normal -0.997877 0.0651286 0
    outer loop
      vertex -2.50855 119.869 0
      vertex -2.5 120 2
      vertex -2.5 120 0
    endloop
  endfacet
  facet normal -0.997877 0.0651286 0
    outer loop
      vertex -2.5 120 2
      vertex -2.50855 119.869 0
      vertex -2.50855 119.869 2
    endloop
  endfacet
  facet normal -0.750714 0.660628 0
    outer loop
      vertex -2.79289 119.293 0
      vertex -2.70665 119.391 2
      vertex -2.70665 119.391 0
    endloop
  endfacet
  facet normal -0.750714 0.660628 0
    outer loop
      vertex -2.70665 119.391 2
      vertex -2.79289 119.293 0
      vertex -2.79289 119.293 2
    endloop
  endfacet
  facet normal -0.557305 0.830308 0
    outer loop
      vertex -2.89124 119.207 0
      vertex -3 119.134 2
      vertex -2.89124 119.207 2
    endloop
  endfacet
  facet normal -0.557305 0.830308 0
    outer loop
      vertex -3 119.134 2
      vertex -2.89124 119.207 0
      vertex -3 119.134 0
    endloop
  endfacet
  facet normal -0.658261 0.75279 0
    outer loop
      vertex -2.79289 119.293 0
      vertex -2.89124 119.207 2
      vertex -2.79289 119.293 2
    endloop
  endfacet
  facet normal -0.658261 0.75279 0
    outer loop
      vertex -2.89124 119.207 2
      vertex -2.79289 119.293 0
      vertex -2.89124 119.207 0
    endloop
  endfacet
  facet normal -0.321132 0.947034 0
    outer loop
      vertex -3.11732 119.076 0
      vertex -3.24118 119.034 2
      vertex -3.11732 119.076 2
    endloop
  endfacet
  facet normal -0.321132 0.947034 0
    outer loop
      vertex -3.24118 119.034 2
      vertex -3.11732 119.076 0
      vertex -3.24118 119.034 0
    endloop
  endfacet
  facet normal -0.443175 0.896435 0
    outer loop
      vertex -3 119.134 0
      vertex -3.11732 119.076 2
      vertex -3 119.134 2
    endloop
  endfacet
  facet normal -0.443175 0.896435 0
    outer loop
      vertex -3.11732 119.076 2
      vertex -3 119.134 0
      vertex -3.11732 119.076 0
    endloop
  endfacet
  facet normal 0.997872 -0.0652045 0
    outer loop
      vertex -4.5 120 2
      vertex -4.49144 120.131 0
      vertex -4.49144 120.131 2
    endloop
  endfacet
  facet normal 0.997872 -0.0652045 0
    outer loop
      vertex -4.49144 120.131 0
      vertex -4.5 120 2
      vertex -4.5 120 0
    endloop
  endfacet
  facet normal 0.832039 -0.554718 0
    outer loop
      vertex -4.36602 120.5 2
      vertex -4.29335 120.609 0
      vertex -4.29335 120.609 2
    endloop
  endfacet
  facet normal 0.832039 -0.554718 0
    outer loop
      vertex -4.29335 120.609 0
      vertex -4.36602 120.5 2
      vertex -4.36602 120.5 0
    endloop
  endfacet
  facet normal 0.980713 -0.195453 0
    outer loop
      vertex -4.49144 120.131 2
      vertex -4.46593 120.259 0
      vertex -4.46593 120.259 2
    endloop
  endfacet
  facet normal 0.980713 -0.195453 0
    outer loop
      vertex -4.46593 120.259 0
      vertex -4.49144 120.131 2
      vertex -4.49144 120.131 0
    endloop
  endfacet
  facet normal 0.89638 0.443287 0
    outer loop
      vertex -4.36602 119.5 2
      vertex -4.42388 119.617 0
      vertex -4.42388 119.617 2
    endloop
  endfacet
  facet normal 0.89638 0.443287 0
    outer loop
      vertex -4.42388 119.617 0
      vertex -4.36602 119.5 2
      vertex -4.36602 119.5 0
    endloop
  endfacet
  facet normal 0.750714 0.660628 0
    outer loop
      vertex -4.20711 119.293 2
      vertex -4.29335 119.391 0
      vertex -4.29335 119.391 2
    endloop
  endfacet
  facet normal 0.750714 0.660628 0
    outer loop
      vertex -4.29335 119.391 0
      vertex -4.20711 119.293 2
      vertex -4.20711 119.293 0
    endloop
  endfacet
  facet normal 0.0687864 0.997631 -0
    outer loop
      vertex -3.5 119 0
      vertex -3.63053 119.009 2
      vertex -3.5 119 2
    endloop
  endfacet
  facet normal 0.0687864 0.997631 0
    outer loop
      vertex -3.63053 119.009 2
      vertex -3.5 119 0
      vertex -3.63053 119.009 0
    endloop
  endfacet
  facet normal -0.947028 0.32115 0
    outer loop
      vertex -2.57612 119.617 0
      vertex -2.53407 119.741 2
      vertex -2.53407 119.741 0
    endloop
  endfacet
  facet normal -0.947028 0.32115 0
    outer loop
      vertex -2.53407 119.741 2
      vertex -2.57612 119.617 0
      vertex -2.57612 119.617 2
    endloop
  endfacet
  facet normal 0.658261 -0.75279 0
    outer loop
      vertex -4.20711 120.707 0
      vertex -4.10876 120.793 2
      vertex -4.20711 120.707 2
    endloop
  endfacet
  facet normal 0.658261 -0.75279 0
    outer loop
      vertex -4.10876 120.793 2
      vertex -4.20711 120.707 0
      vertex -4.10876 120.793 0
    endloop
  endfacet
  facet normal 0.557305 -0.830308 0
    outer loop
      vertex -4.10876 120.793 0
      vertex -4 120.866 2
      vertex -4.10876 120.793 2
    endloop
  endfacet
  facet normal 0.557305 -0.830308 0
    outer loop
      vertex -4 120.866 2
      vertex -4.10876 120.793 0
      vertex -4 120.866 0
    endloop
  endfacet
  facet normal 0.947028 -0.32115 0
    outer loop
      vertex -4.46593 120.259 2
      vertex -4.42388 120.383 0
      vertex -4.42388 120.383 2
    endloop
  endfacet
  facet normal 0.947028 -0.32115 0
    outer loop
      vertex -4.42388 120.383 0
      vertex -4.46593 120.259 2
      vertex -4.46593 120.259 0
    endloop
  endfacet
  facet normal 0.89638 -0.443287 0
    outer loop
      vertex -4.42388 120.383 2
      vertex -4.36602 120.5 0
      vertex -4.36602 120.5 2
    endloop
  endfacet
  facet normal 0.89638 -0.443287 0
    outer loop
      vertex -4.36602 120.5 0
      vertex -4.42388 120.383 2
      vertex -4.42388 120.383 0
    endloop
  endfacet
  facet normal -0.321132 -0.947034 0
    outer loop
      vertex -3.24118 120.966 0
      vertex -3.11732 120.924 2
      vertex -3.24118 120.966 2
    endloop
  endfacet
  facet normal -0.321132 -0.947034 -0
    outer loop
      vertex -3.11732 120.924 2
      vertex -3.24118 120.966 0
      vertex -3.11732 120.924 0
    endloop
  endfacet
  facet normal -0.658261 -0.75279 0
    outer loop
      vertex -2.89124 120.793 0
      vertex -2.79289 120.707 2
      vertex -2.89124 120.793 2
    endloop
  endfacet
  facet normal -0.658261 -0.75279 -0
    outer loop
      vertex -2.79289 120.707 2
      vertex -2.89124 120.793 0
      vertex -2.79289 120.707 0
    endloop
  endfacet
  facet normal -0.980698 -0.195527 0
    outer loop
      vertex -2.50855 120.131 0
      vertex -2.53407 120.259 2
      vertex -2.53407 120.259 0
    endloop
  endfacet
  facet normal -0.980698 -0.195527 0
    outer loop
      vertex -2.53407 120.259 2
      vertex -2.50855 120.131 0
      vertex -2.50855 120.131 2
    endloop
  endfacet
  facet normal -0.89641 -0.443225 0
    outer loop
      vertex -2.57612 120.383 0
      vertex -2.63397 120.5 2
      vertex -2.63397 120.5 0
    endloop
  endfacet
  facet normal -0.89641 -0.443225 0
    outer loop
      vertex -2.63397 120.5 2
      vertex -2.57612 120.383 0
      vertex -2.57612 120.383 2
    endloop
  endfacet
  facet normal 0.321132 -0.947034 0
    outer loop
      vertex -3.88268 120.924 0
      vertex -3.75882 120.966 2
      vertex -3.88268 120.924 2
    endloop
  endfacet
  facet normal 0.321132 -0.947034 0
    outer loop
      vertex -3.75882 120.966 2
      vertex -3.88268 120.924 0
      vertex -3.75882 120.966 0
    endloop
  endfacet
  facet normal 0.191273 -0.981537 0
    outer loop
      vertex -3.75882 120.966 0
      vertex -3.63053 120.991 2
      vertex -3.75882 120.966 2
    endloop
  endfacet
  facet normal 0.191273 -0.981537 0
    outer loop
      vertex -3.63053 120.991 2
      vertex -3.75882 120.966 0
      vertex -3.63053 120.991 0
    endloop
  endfacet
  facet normal 0.750714 -0.660628 0
    outer loop
      vertex -4.29335 120.609 2
      vertex -4.20711 120.707 0
      vertex -4.20711 120.707 2
    endloop
  endfacet
  facet normal 0.750714 -0.660628 0
    outer loop
      vertex -4.20711 120.707 0
      vertex -4.29335 120.609 2
      vertex -4.29335 120.609 0
    endloop
  endfacet
  facet normal -0.0687864 -0.997631 0
    outer loop
      vertex -3.5 121 0
      vertex -3.36947 120.991 2
      vertex -3.5 121 2
    endloop
  endfacet
  facet normal -0.0687864 -0.997631 -0
    outer loop
      vertex -3.36947 120.991 2
      vertex -3.5 121 0
      vertex -3.36947 120.991 0
    endloop
  endfacet
  facet normal -0.557305 -0.830308 0
    outer loop
      vertex -3 120.866 0
      vertex -2.89124 120.793 2
      vertex -3 120.866 2
    endloop
  endfacet
  facet normal -0.557305 -0.830308 -0
    outer loop
      vertex -2.89124 120.793 2
      vertex -3 120.866 0
      vertex -2.89124 120.793 0
    endloop
  endfacet
  facet normal -0.750714 -0.660628 0
    outer loop
      vertex -2.70665 120.609 0
      vertex -2.79289 120.707 2
      vertex -2.79289 120.707 0
    endloop
  endfacet
  facet normal -0.750714 -0.660628 0
    outer loop
      vertex -2.79289 120.707 2
      vertex -2.70665 120.609 0
      vertex -2.70665 120.609 2
    endloop
  endfacet
  facet normal -0.832003 -0.554771 0
    outer loop
      vertex -2.63397 120.5 0
      vertex -2.70665 120.609 2
      vertex -2.70665 120.609 0
    endloop
  endfacet
  facet normal -0.832003 -0.554771 0
    outer loop
      vertex -2.70665 120.609 2
      vertex -2.63397 120.5 0
      vertex -2.63397 120.5 2
    endloop
  endfacet
  facet normal -0.947028 -0.32115 0
    outer loop
      vertex -2.53407 120.259 0
      vertex -2.57612 120.383 2
      vertex -2.57612 120.383 0
    endloop
  endfacet
  facet normal -0.947028 -0.32115 0
    outer loop
      vertex -2.57612 120.383 2
      vertex -2.53407 120.259 0
      vertex -2.53407 120.259 2
    endloop
  endfacet
  facet normal -0.191273 -0.981537 0
    outer loop
      vertex -3.36947 120.991 0
      vertex -3.24118 120.966 2
      vertex -3.36947 120.991 2
    endloop
  endfacet
  facet normal -0.191273 -0.981537 -0
    outer loop
      vertex -3.24118 120.966 2
      vertex -3.36947 120.991 0
      vertex -3.24118 120.966 0
    endloop
  endfacet
  facet normal -0.443175 -0.896435 0
    outer loop
      vertex -3.11732 120.924 0
      vertex -3 120.866 2
      vertex -3.11732 120.924 2
    endloop
  endfacet
  facet normal -0.443175 -0.896435 -0
    outer loop
      vertex -3 120.866 2
      vertex -3.11732 120.924 0
      vertex -3 120.866 0
    endloop
  endfacet
  facet normal 0.443175 0.896435 -0
    outer loop
      vertex -2.13268 116.045 0
      vertex -2.25 116.103 2
      vertex -2.13268 116.045 2
    endloop
  endfacet
  facet normal 0.443175 0.896435 0
    outer loop
      vertex -2.25 116.103 2
      vertex -2.13268 116.045 0
      vertex -2.25 116.103 0
    endloop
  endfacet
  facet normal -0.443175 -0.896435 0
    outer loop
      vertex -1.36732 117.893 0
      vertex -1.25 117.835 2
      vertex -1.36732 117.893 2
    endloop
  endfacet
  facet normal -0.443175 -0.896435 -0
    outer loop
      vertex -1.25 117.835 2
      vertex -1.36732 117.893 0
      vertex -1.25 117.835 0
    endloop
  endfacet
  facet normal 0.89638 -0.443287 0
    outer loop
      vertex -2.67388 117.352 2
      vertex -2.61602 117.469 0
      vertex -2.61602 117.469 2
    endloop
  endfacet
  facet normal 0.89638 -0.443287 0
    outer loop
      vertex -2.61602 117.469 0
      vertex -2.67388 117.352 2
      vertex -2.67388 117.352 0
    endloop
  endfacet
  facet normal -0.947038 -0.321122 0
    outer loop
      vertex -0.784074 117.228 0
      vertex -0.82612 117.352 2
      vertex -0.82612 117.352 0
    endloop
  endfacet
  facet normal -0.947038 -0.321122 0
    outer loop
      vertex -0.82612 117.352 2
      vertex -0.784074 117.228 0
      vertex -0.784074 117.228 2
    endloop
  endfacet
  facet normal 0.750714 0.660628 0
    outer loop
      vertex -2.45711 116.262 2
      vertex -2.54335 116.36 0
      vertex -2.54335 116.36 2
    endloop
  endfacet
  facet normal 0.750714 0.660628 0
    outer loop
      vertex -2.54335 116.36 0
      vertex -2.45711 116.262 2
      vertex -2.45711 116.262 0
    endloop
  endfacet
  facet normal 0.321132 0.947034 -0
    outer loop
      vertex -2.00882 116.003 0
      vertex -2.13268 116.045 2
      vertex -2.00882 116.003 2
    endloop
  endfacet
  facet normal 0.321132 0.947034 0
    outer loop
      vertex -2.13268 116.045 2
      vertex -2.00882 116.003 0
      vertex -2.13268 116.045 0
    endloop
  endfacet
  facet normal -0.0611738 0.998127 0
    outer loop
      vertex -1.61947 115.977 0
      vertex -1.75 115.969 2
      vertex -1.61947 115.977 2
    endloop
  endfacet
  facet normal -0.0611738 0.998127 0
    outer loop
      vertex -1.75 115.969 2
      vertex -1.61947 115.977 0
      vertex -1.75 115.969 0
    endloop
  endfacet
  facet normal -0.750698 -0.660645 0
    outer loop
      vertex -0.956646 117.578 0
      vertex -1.04289 117.676 2
      vertex -1.04289 117.676 0
    endloop
  endfacet
  facet normal -0.750698 -0.660645 0
    outer loop
      vertex -1.04289 117.676 2
      vertex -0.956646 117.578 0
      vertex -0.956646 117.578 2
    endloop
  endfacet
  facet normal -0.658261 -0.75279 0
    outer loop
      vertex -1.14124 117.762 0
      vertex -1.04289 117.676 2
      vertex -1.14124 117.762 2
    endloop
  endfacet
  facet normal -0.658261 -0.75279 -0
    outer loop
      vertex -1.04289 117.676 2
      vertex -1.14124 117.762 0
      vertex -1.04289 117.676 0
    endloop
  endfacet
  facet normal -0.997842 -0.065658 0
    outer loop
      vertex -0.75 116.969 0
      vertex -0.758554 117.099 2
      vertex -0.758554 117.099 0
    endloop
  endfacet
  facet normal -0.997842 -0.065658 0
    outer loop
      vertex -0.758554 117.099 2
      vertex -0.75 116.969 0
      vertex -0.75 116.969 2
    endloop
  endfacet
  facet normal -0.0687864 -0.997631 0
    outer loop
      vertex -1.75 117.969 0
      vertex -1.61947 117.96 2
      vertex -1.75 117.969 2
    endloop
  endfacet
  facet normal -0.0687864 -0.997631 -0
    outer loop
      vertex -1.61947 117.96 2
      vertex -1.75 117.969 0
      vertex -1.61947 117.96 0
    endloop
  endfacet
  facet normal 0.997839 -0.0657039 0
    outer loop
      vertex -2.75 116.969 2
      vertex -2.74144 117.099 0
      vertex -2.74144 117.099 2
    endloop
  endfacet
  facet normal 0.997839 -0.0657039 0
    outer loop
      vertex -2.74144 117.099 0
      vertex -2.75 116.969 2
      vertex -2.75 116.969 0
    endloop
  endfacet
  facet normal 0.198628 0.980075 -0
    outer loop
      vertex -1.88053 115.977 0
      vertex -2.00882 116.003 2
      vertex -1.88053 115.977 2
    endloop
  endfacet
  facet normal 0.198628 0.980075 0
    outer loop
      vertex -2.00882 116.003 2
      vertex -1.88053 115.977 0
      vertex -2.00882 116.003 0
    endloop
  endfacet
  facet normal -0.198628 0.980075 0
    outer loop
      vertex -1.49118 116.003 0
      vertex -1.61947 115.977 2
      vertex -1.49118 116.003 2
    endloop
  endfacet
  facet normal -0.198628 0.980075 0
    outer loop
      vertex -1.61947 115.977 2
      vertex -1.49118 116.003 0
      vertex -1.61947 115.977 0
    endloop
  endfacet
  facet normal -0.750698 0.660645 0
    outer loop
      vertex -1.04289 116.262 0
      vertex -0.956646 116.36 2
      vertex -0.956646 116.36 0
    endloop
  endfacet
  facet normal -0.750698 0.660645 0
    outer loop
      vertex -0.956646 116.36 2
      vertex -1.04289 116.262 0
      vertex -1.04289 116.262 2
    endloop
  endfacet
  facet normal -0.896398 0.44325 0
    outer loop
      vertex -0.883974 116.469 0
      vertex -0.82612 116.586 2
      vertex -0.82612 116.586 0
    endloop
  endfacet
  facet normal -0.896398 0.44325 0
    outer loop
      vertex -0.82612 116.586 2
      vertex -0.883974 116.469 0
      vertex -0.883974 116.469 2
    endloop
  endfacet
  facet normal -0.658261 0.75279 0
    outer loop
      vertex -1.04289 116.262 0
      vertex -1.14124 116.176 2
      vertex -1.04289 116.262 2
    endloop
  endfacet
  facet normal -0.658261 0.75279 0
    outer loop
      vertex -1.14124 116.176 2
      vertex -1.04289 116.262 0
      vertex -1.14124 116.176 0
    endloop
  endfacet
  facet normal -0.443175 0.896435 0
    outer loop
      vertex -1.25 116.103 0
      vertex -1.36732 116.045 2
      vertex -1.25 116.103 2
    endloop
  endfacet
  facet normal -0.443175 0.896435 0
    outer loop
      vertex -1.36732 116.045 2
      vertex -1.25 116.103 0
      vertex -1.36732 116.045 0
    endloop
  endfacet
  facet normal -0.832032 -0.554728 0
    outer loop
      vertex -0.883974 117.469 0
      vertex -0.956646 117.578 2
      vertex -0.956646 117.578 0
    endloop
  endfacet
  facet normal -0.832032 -0.554728 0
    outer loop
      vertex -0.956646 117.578 2
      vertex -0.883974 117.469 0
      vertex -0.883974 117.469 2
    endloop
  endfacet
  facet normal -0.896398 -0.44325 0
    outer loop
      vertex -0.82612 117.352 0
      vertex -0.883974 117.469 2
      vertex -0.883974 117.469 0
    endloop
  endfacet
  facet normal -0.896398 -0.44325 0
    outer loop
      vertex -0.883974 117.469 2
      vertex -0.82612 117.352 0
      vertex -0.82612 117.352 2
    endloop
  endfacet
  facet normal -0.557305 -0.830308 0
    outer loop
      vertex -1.25 117.835 0
      vertex -1.14124 117.762 2
      vertex -1.25 117.835 2
    endloop
  endfacet
  facet normal -0.557305 -0.830308 -0
    outer loop
      vertex -1.14124 117.762 2
      vertex -1.25 117.835 0
      vertex -1.14124 117.762 0
    endloop
  endfacet
  facet normal -0.980988 -0.194068 0
    outer loop
      vertex -0.758554 117.099 0
      vertex -0.784074 117.228 2
      vertex -0.784074 117.228 0
    endloop
  endfacet
  facet normal -0.980988 -0.194068 0
    outer loop
      vertex -0.784074 117.228 2
      vertex -0.758554 117.099 0
      vertex -0.758554 117.099 2
    endloop
  endfacet
  facet normal -0.997875 0.0651589 0
    outer loop
      vertex -0.758554 116.838 0
      vertex -0.75 116.969 2
      vertex -0.75 116.969 0
    endloop
  endfacet
  facet normal -0.997875 0.0651589 0
    outer loop
      vertex -0.75 116.969 2
      vertex -0.758554 116.838 0
      vertex -0.758554 116.838 2
    endloop
  endfacet
  facet normal -0.947038 0.321122 0
    outer loop
      vertex -0.82612 116.586 0
      vertex -0.784074 116.71 2
      vertex -0.784074 116.71 0
    endloop
  endfacet
  facet normal -0.947038 0.321122 0
    outer loop
      vertex -0.784074 116.71 2
      vertex -0.82612 116.586 0
      vertex -0.82612 116.586 2
    endloop
  endfacet
  facet normal 0.947028 0.32115 0
    outer loop
      vertex -2.67388 116.586 2
      vertex -2.71593 116.71 0
      vertex -2.71593 116.71 2
    endloop
  endfacet
  facet normal 0.947028 0.32115 0
    outer loop
      vertex -2.71593 116.71 0
      vertex -2.67388 116.586 2
      vertex -2.67388 116.586 0
    endloop
  endfacet
  facet normal 0.832039 0.554718 0
    outer loop
      vertex -2.54335 116.36 2
      vertex -2.61602 116.469 0
      vertex -2.61602 116.469 2
    endloop
  endfacet
  facet normal 0.832039 0.554718 0
    outer loop
      vertex -2.61602 116.469 0
      vertex -2.54335 116.36 2
      vertex -2.54335 116.36 0
    endloop
  endfacet
  facet normal 0.658261 0.75279 -0
    outer loop
      vertex -2.35876 116.176 0
      vertex -2.45711 116.262 2
      vertex -2.35876 116.176 2
    endloop
  endfacet
  facet normal 0.658261 0.75279 0
    outer loop
      vertex -2.45711 116.262 2
      vertex -2.35876 116.176 0
      vertex -2.45711 116.262 0
    endloop
  endfacet
  facet normal 0.0611738 0.998127 -0
    outer loop
      vertex -1.75 115.969 0
      vertex -1.88053 115.977 2
      vertex -1.75 115.969 2
    endloop
  endfacet
  facet normal 0.0611738 0.998127 0
    outer loop
      vertex -1.88053 115.977 2
      vertex -1.75 115.969 0
      vertex -1.88053 115.977 0
    endloop
  endfacet
  facet normal -0.321132 0.947034 0
    outer loop
      vertex -1.36732 116.045 0
      vertex -1.49118 116.003 2
      vertex -1.36732 116.045 2
    endloop
  endfacet
  facet normal -0.321132 0.947034 0
    outer loop
      vertex -1.49118 116.003 2
      vertex -1.36732 116.045 0
      vertex -1.49118 116.003 0
    endloop
  endfacet
  facet normal -0.832032 0.554728 0
    outer loop
      vertex -0.956646 116.36 0
      vertex -0.883974 116.469 2
      vertex -0.883974 116.469 0
    endloop
  endfacet
  facet normal -0.832032 0.554728 0
    outer loop
      vertex -0.883974 116.469 2
      vertex -0.956646 116.36 0
      vertex -0.956646 116.36 2
    endloop
  endfacet
  facet normal -0.557305 0.830308 0
    outer loop
      vertex -1.14124 116.176 0
      vertex -1.25 116.103 2
      vertex -1.14124 116.176 2
    endloop
  endfacet
  facet normal -0.557305 0.830308 0
    outer loop
      vertex -1.25 116.103 2
      vertex -1.14124 116.176 0
      vertex -1.25 116.103 0
    endloop
  endfacet
  facet normal -0.980698 0.195527 0
    outer loop
      vertex -0.784074 116.71 0
      vertex -0.758554 116.838 2
      vertex -0.758554 116.838 0
    endloop
  endfacet
  facet normal -0.980698 0.195527 0
    outer loop
      vertex -0.758554 116.838 2
      vertex -0.784074 116.71 0
      vertex -0.784074 116.71 2
    endloop
  endfacet
  facet normal 0.89638 0.443287 0
    outer loop
      vertex -2.61602 116.469 2
      vertex -2.67388 116.586 0
      vertex -2.67388 116.586 2
    endloop
  endfacet
  facet normal 0.89638 0.443287 0
    outer loop
      vertex -2.67388 116.586 0
      vertex -2.61602 116.469 2
      vertex -2.61602 116.469 0
    endloop
  endfacet
  facet normal 0.557305 0.830308 -0
    outer loop
      vertex -2.25 116.103 0
      vertex -2.35876 116.176 2
      vertex -2.25 116.103 2
    endloop
  endfacet
  facet normal 0.557305 0.830308 0
    outer loop
      vertex -2.35876 116.176 2
      vertex -2.25 116.103 0
      vertex -2.35876 116.176 0
    endloop
  endfacet
  facet normal 0.191273 -0.981537 0
    outer loop
      vertex -2.00882 117.935 0
      vertex -1.88053 117.96 2
      vertex -2.00882 117.935 2
    endloop
  endfacet
  facet normal 0.191273 -0.981537 0
    outer loop
      vertex -1.88053 117.96 2
      vertex -2.00882 117.935 0
      vertex -1.88053 117.96 0
    endloop
  endfacet
  facet normal 0.981002 -0.193995 0
    outer loop
      vertex -2.74144 117.099 2
      vertex -2.71593 117.228 0
      vertex -2.71593 117.228 2
    endloop
  endfacet
  facet normal 0.981002 -0.193995 0
    outer loop
      vertex -2.71593 117.228 0
      vertex -2.74144 117.099 2
      vertex -2.74144 117.099 0
    endloop
  endfacet
  facet normal 0.947028 -0.32115 0
    outer loop
      vertex -2.71593 117.228 2
      vertex -2.67388 117.352 0
      vertex -2.67388 117.352 2
    endloop
  endfacet
  facet normal 0.947028 -0.32115 0
    outer loop
      vertex -2.67388 117.352 0
      vertex -2.71593 117.228 2
      vertex -2.71593 117.228 0
    endloop
  endfacet
  facet normal 0.980713 0.195453 0
    outer loop
      vertex -2.71593 116.71 2
      vertex -2.74144 116.838 0
      vertex -2.74144 116.838 2
    endloop
  endfacet
  facet normal 0.980713 0.195453 0
    outer loop
      vertex -2.74144 116.838 0
      vertex -2.71593 116.71 2
      vertex -2.71593 116.71 0
    endloop
  endfacet
  facet normal 0.997872 0.0652045 0
    outer loop
      vertex -2.74144 116.838 2
      vertex -2.75 116.969 0
      vertex -2.75 116.969 2
    endloop
  endfacet
  facet normal 0.997872 0.0652045 0
    outer loop
      vertex -2.75 116.969 0
      vertex -2.74144 116.838 2
      vertex -2.74144 116.838 0
    endloop
  endfacet
  facet normal 0.832039 -0.554718 0
    outer loop
      vertex -2.61602 117.469 2
      vertex -2.54335 117.578 0
      vertex -2.54335 117.578 2
    endloop
  endfacet
  facet normal 0.832039 -0.554718 0
    outer loop
      vertex -2.54335 117.578 0
      vertex -2.61602 117.469 2
      vertex -2.61602 117.469 0
    endloop
  endfacet
  facet normal 0.750714 -0.660628 0
    outer loop
      vertex -2.54335 117.578 2
      vertex -2.45711 117.676 0
      vertex -2.45711 117.676 2
    endloop
  endfacet
  facet normal 0.750714 -0.660628 0
    outer loop
      vertex -2.45711 117.676 0
      vertex -2.54335 117.578 2
      vertex -2.54335 117.578 0
    endloop
  endfacet
  facet normal 0.0687864 -0.997631 0
    outer loop
      vertex -1.88053 117.96 0
      vertex -1.75 117.969 2
      vertex -1.88053 117.96 2
    endloop
  endfacet
  facet normal 0.0687864 -0.997631 0
    outer loop
      vertex -1.75 117.969 2
      vertex -1.88053 117.96 0
      vertex -1.75 117.969 0
    endloop
  endfacet
  facet normal 0.321132 -0.947034 0
    outer loop
      vertex -2.13268 117.893 0
      vertex -2.00882 117.935 2
      vertex -2.13268 117.893 2
    endloop
  endfacet
  facet normal 0.321132 -0.947034 0
    outer loop
      vertex -2.00882 117.935 2
      vertex -2.13268 117.893 0
      vertex -2.00882 117.935 0
    endloop
  endfacet
  facet normal -0.191273 -0.981537 0
    outer loop
      vertex -1.61947 117.96 0
      vertex -1.49118 117.935 2
      vertex -1.61947 117.96 2
    endloop
  endfacet
  facet normal -0.191273 -0.981537 -0
    outer loop
      vertex -1.49118 117.935 2
      vertex -1.61947 117.96 0
      vertex -1.49118 117.935 0
    endloop
  endfacet
  facet normal -0.321132 -0.947034 0
    outer loop
      vertex -1.49118 117.935 0
      vertex -1.36732 117.893 2
      vertex -1.49118 117.935 2
    endloop
  endfacet
  facet normal -0.321132 -0.947034 -0
    outer loop
      vertex -1.36732 117.893 2
      vertex -1.49118 117.935 0
      vertex -1.36732 117.893 0
    endloop
  endfacet
  facet normal 0.443175 -0.896435 0
    outer loop
      vertex -2.25 117.835 0
      vertex -2.13268 117.893 2
      vertex -2.25 117.835 2
    endloop
  endfacet
  facet normal 0.443175 -0.896435 0
    outer loop
      vertex -2.13268 117.893 2
      vertex -2.25 117.835 0
      vertex -2.13268 117.893 0
    endloop
  endfacet
  facet normal 0.658261 -0.75279 0
    outer loop
      vertex -2.45711 117.676 0
      vertex -2.35876 117.762 2
      vertex -2.45711 117.676 2
    endloop
  endfacet
  facet normal 0.658261 -0.75279 0
    outer loop
      vertex -2.35876 117.762 2
      vertex -2.45711 117.676 0
      vertex -2.35876 117.762 0
    endloop
  endfacet
  facet normal 0.557305 -0.830308 0
    outer loop
      vertex -2.35876 117.762 0
      vertex -2.25 117.835 2
      vertex -2.35876 117.762 2
    endloop
  endfacet
  facet normal 0.557305 -0.830308 0
    outer loop
      vertex -2.25 117.835 2
      vertex -2.35876 117.762 0
      vertex -2.25 117.835 0
    endloop
  endfacet
  facet normal -0.557305 0.830308 0
    outer loop
      vertex 2.35876 116.176 0
      vertex 2.25 116.103 2
      vertex 2.35876 116.176 2
    endloop
  endfacet
  facet normal -0.557305 0.830308 0
    outer loop
      vertex 2.25 116.103 2
      vertex 2.35876 116.176 0
      vertex 2.25 116.103 0
    endloop
  endfacet
  facet normal 0.557305 -0.830308 0
    outer loop
      vertex 1.14124 117.762 0
      vertex 1.25 117.835 2
      vertex 1.14124 117.762 2
    endloop
  endfacet
  facet normal 0.557305 -0.830308 0
    outer loop
      vertex 1.25 117.835 2
      vertex 1.14124 117.762 0
      vertex 1.25 117.835 0
    endloop
  endfacet
  facet normal -0.832039 -0.554718 0
    outer loop
      vertex 2.61602 117.469 0
      vertex 2.54335 117.578 2
      vertex 2.54335 117.578 0
    endloop
  endfacet
  facet normal -0.832039 -0.554718 0
    outer loop
      vertex 2.54335 117.578 2
      vertex 2.61602 117.469 0
      vertex 2.61602 117.469 2
    endloop
  endfacet
  facet normal -0.191273 -0.981537 0
    outer loop
      vertex 1.88053 117.96 0
      vertex 2.00882 117.935 2
      vertex 1.88053 117.96 2
    endloop
  endfacet
  facet normal -0.191273 -0.981537 -0
    outer loop
      vertex 2.00882 117.935 2
      vertex 1.88053 117.96 0
      vertex 2.00882 117.935 0
    endloop
  endfacet
  facet normal -0.557305 -0.830308 0
    outer loop
      vertex 2.25 117.835 0
      vertex 2.35876 117.762 2
      vertex 2.25 117.835 2
    endloop
  endfacet
  facet normal -0.557305 -0.830308 -0
    outer loop
      vertex 2.35876 117.762 2
      vertex 2.25 117.835 0
      vertex 2.35876 117.762 0
    endloop
  endfacet
  facet normal -0.658261 0.75279 0
    outer loop
      vertex 2.45711 116.262 0
      vertex 2.35876 116.176 2
      vertex 2.45711 116.262 2
    endloop
  endfacet
  facet normal -0.658261 0.75279 0
    outer loop
      vertex 2.35876 116.176 2
      vertex 2.45711 116.262 0
      vertex 2.35876 116.176 0
    endloop
  endfacet
  facet normal -0.981002 -0.193995 0
    outer loop
      vertex 2.74144 117.099 0
      vertex 2.71593 117.228 2
      vertex 2.71593 117.228 0
    endloop
  endfacet
  facet normal -0.981002 -0.193995 0
    outer loop
      vertex 2.71593 117.228 2
      vertex 2.74144 117.099 0
      vertex 2.74144 117.099 2
    endloop
  endfacet
  facet normal -0.997872 0.0652045 0
    outer loop
      vertex 2.74144 116.838 0
      vertex 2.75 116.969 2
      vertex 2.75 116.969 0
    endloop
  endfacet
  facet normal -0.997872 0.0652045 0
    outer loop
      vertex 2.75 116.969 2
      vertex 2.74144 116.838 0
      vertex 2.74144 116.838 2
    endloop
  endfacet
  facet normal 0.191273 -0.981537 0
    outer loop
      vertex 1.49118 117.935 0
      vertex 1.61947 117.96 2
      vertex 1.49118 117.935 2
    endloop
  endfacet
  facet normal 0.191273 -0.981537 0
    outer loop
      vertex 1.61947 117.96 2
      vertex 1.49118 117.935 0
      vertex 1.61947 117.96 0
    endloop
  endfacet
  facet normal 0.0687864 -0.997631 0
    outer loop
      vertex 1.61947 117.96 0
      vertex 1.75 117.969 2
      vertex 1.61947 117.96 2
    endloop
  endfacet
  facet normal 0.0687864 -0.997631 0
    outer loop
      vertex 1.75 117.969 2
      vertex 1.61947 117.96 0
      vertex 1.75 117.969 0
    endloop
  endfacet
  facet normal 0.443175 -0.896435 0
    outer loop
      vertex 1.25 117.835 0
      vertex 1.36732 117.893 2
      vertex 1.25 117.835 2
    endloop
  endfacet
  facet normal 0.443175 -0.896435 0
    outer loop
      vertex 1.36732 117.893 2
      vertex 1.25 117.835 0
      vertex 1.36732 117.893 0
    endloop
  endfacet
  facet normal -0.321132 -0.947034 0
    outer loop
      vertex 2.00882 117.935 0
      vertex 2.13268 117.893 2
      vertex 2.00882 117.935 2
    endloop
  endfacet
  facet normal -0.321132 -0.947034 -0
    outer loop
      vertex 2.13268 117.893 2
      vertex 2.00882 117.935 0
      vertex 2.13268 117.893 0
    endloop
  endfacet
  facet normal -0.750714 -0.660628 0
    outer loop
      vertex 2.54335 117.578 0
      vertex 2.45711 117.676 2
      vertex 2.45711 117.676 0
    endloop
  endfacet
  facet normal -0.750714 -0.660628 0
    outer loop
      vertex 2.45711 117.676 2
      vertex 2.54335 117.578 0
      vertex 2.54335 117.578 2
    endloop
  endfacet
  facet normal -0.443175 0.896435 0
    outer loop
      vertex 2.25 116.103 0
      vertex 2.13268 116.045 2
      vertex 2.25 116.103 2
    endloop
  endfacet
  facet normal -0.443175 0.896435 0
    outer loop
      vertex 2.13268 116.045 2
      vertex 2.25 116.103 0
      vertex 2.13268 116.045 0
    endloop
  endfacet
  facet normal 0.947038 0.321122 0
    outer loop
      vertex 0.82612 116.586 2
      vertex 0.784074 116.71 0
      vertex 0.784074 116.71 2
    endloop
  endfacet
  facet normal 0.947038 0.321122 0
    outer loop
      vertex 0.784074 116.71 0
      vertex 0.82612 116.586 2
      vertex 0.82612 116.586 0
    endloop
  endfacet
  facet normal 0.750698 0.660645 0
    outer loop
      vertex 1.04289 116.262 2
      vertex 0.956646 116.36 0
      vertex 0.956646 116.36 2
    endloop
  endfacet
  facet normal 0.750698 0.660645 0
    outer loop
      vertex 0.956646 116.36 0
      vertex 1.04289 116.262 2
      vertex 1.04289 116.262 0
    endloop
  endfacet
  facet normal -0.750714 0.660628 0
    outer loop
      vertex 2.45711 116.262 0
      vertex 2.54335 116.36 2
      vertex 2.54335 116.36 0
    endloop
  endfacet
  facet normal -0.750714 0.660628 0
    outer loop
      vertex 2.54335 116.36 2
      vertex 2.45711 116.262 0
      vertex 2.45711 116.262 2
    endloop
  endfacet
  facet normal -0.980713 0.195453 0
    outer loop
      vertex 2.71593 116.71 0
      vertex 2.74144 116.838 2
      vertex 2.74144 116.838 0
    endloop
  endfacet
  facet normal -0.980713 0.195453 0
    outer loop
      vertex 2.74144 116.838 2
      vertex 2.71593 116.71 0
      vertex 2.71593 116.71 2
    endloop
  endfacet
  facet normal -0.89638 0.443287 0
    outer loop
      vertex 2.61602 116.469 0
      vertex 2.67388 116.586 2
      vertex 2.67388 116.586 0
    endloop
  endfacet
  facet normal -0.89638 0.443287 0
    outer loop
      vertex 2.67388 116.586 2
      vertex 2.61602 116.469 0
      vertex 2.61602 116.469 2
    endloop
  endfacet
  facet normal -0.947028 -0.32115 0
    outer loop
      vertex 2.71593 117.228 0
      vertex 2.67388 117.352 2
      vertex 2.67388 117.352 0
    endloop
  endfacet
  facet normal -0.947028 -0.32115 0
    outer loop
      vertex 2.67388 117.352 2
      vertex 2.71593 117.228 0
      vertex 2.71593 117.228 2
    endloop
  endfacet
  facet normal -0.89638 -0.443287 0
    outer loop
      vertex 2.67388 117.352 0
      vertex 2.61602 117.469 2
      vertex 2.61602 117.469 0
    endloop
  endfacet
  facet normal -0.89638 -0.443287 0
    outer loop
      vertex 2.61602 117.469 2
      vertex 2.67388 117.352 0
      vertex 2.67388 117.352 2
    endloop
  endfacet
  facet normal -0.0687864 -0.997631 0
    outer loop
      vertex 1.75 117.969 0
      vertex 1.88053 117.96 2
      vertex 1.75 117.969 2
    endloop
  endfacet
  facet normal -0.0687864 -0.997631 -0
    outer loop
      vertex 1.88053 117.96 2
      vertex 1.75 117.969 0
      vertex 1.88053 117.96 0
    endloop
  endfacet
  facet normal 0.321132 -0.947034 0
    outer loop
      vertex 1.36732 117.893 0
      vertex 1.49118 117.935 2
      vertex 1.36732 117.893 2
    endloop
  endfacet
  facet normal 0.321132 -0.947034 0
    outer loop
      vertex 1.49118 117.935 2
      vertex 1.36732 117.893 0
      vertex 1.49118 117.935 0
    endloop
  endfacet
  facet normal -0.443175 -0.896435 0
    outer loop
      vertex 2.13268 117.893 0
      vertex 2.25 117.835 2
      vertex 2.13268 117.893 2
    endloop
  endfacet
  facet normal -0.443175 -0.896435 -0
    outer loop
      vertex 2.25 117.835 2
      vertex 2.13268 117.893 0
      vertex 2.25 117.835 0
    endloop
  endfacet
  facet normal -0.658261 -0.75279 0
    outer loop
      vertex 2.35876 117.762 0
      vertex 2.45711 117.676 2
      vertex 2.35876 117.762 2
    endloop
  endfacet
  facet normal -0.658261 -0.75279 -0
    outer loop
      vertex 2.45711 117.676 2
      vertex 2.35876 117.762 0
      vertex 2.45711 117.676 0
    endloop
  endfacet
  facet normal -0.321132 0.947034 0
    outer loop
      vertex 2.13268 116.045 0
      vertex 2.00882 116.003 2
      vertex 2.13268 116.045 2
    endloop
  endfacet
  facet normal -0.321132 0.947034 0
    outer loop
      vertex 2.00882 116.003 2
      vertex 2.13268 116.045 0
      vertex 2.00882 116.003 0
    endloop
  endfacet
  facet normal 0.832032 -0.554728 0
    outer loop
      vertex 0.883974 117.469 2
      vertex 0.956646 117.578 0
      vertex 0.956646 117.578 2
    endloop
  endfacet
  facet normal 0.832032 -0.554728 0
    outer loop
      vertex 0.956646 117.578 0
      vertex 0.883974 117.469 2
      vertex 0.883974 117.469 0
    endloop
  endfacet
  facet normal 0.557305 0.830308 -0
    outer loop
      vertex 1.25 116.103 0
      vertex 1.14124 116.176 2
      vertex 1.25 116.103 2
    endloop
  endfacet
  facet normal 0.557305 0.830308 0
    outer loop
      vertex 1.14124 116.176 2
      vertex 1.25 116.103 0
      vertex 1.14124 116.176 0
    endloop
  endfacet
  facet normal 0.658261 0.75279 -0
    outer loop
      vertex 1.14124 116.176 0
      vertex 1.04289 116.262 2
      vertex 1.14124 116.176 2
    endloop
  endfacet
  facet normal 0.658261 0.75279 0
    outer loop
      vertex 1.04289 116.262 2
      vertex 1.14124 116.176 0
      vertex 1.04289 116.262 0
    endloop
  endfacet
  facet normal -0.832039 0.554718 0
    outer loop
      vertex 2.54335 116.36 0
      vertex 2.61602 116.469 2
      vertex 2.61602 116.469 0
    endloop
  endfacet
  facet normal -0.832039 0.554718 0
    outer loop
      vertex 2.61602 116.469 2
      vertex 2.54335 116.36 0
      vertex 2.54335 116.36 2
    endloop
  endfacet
  facet normal -0.947028 0.32115 0
    outer loop
      vertex 2.67388 116.586 0
      vertex 2.71593 116.71 2
      vertex 2.71593 116.71 0
    endloop
  endfacet
  facet normal -0.947028 0.32115 0
    outer loop
      vertex 2.71593 116.71 2
      vertex 2.67388 116.586 0
      vertex 2.67388 116.586 2
    endloop
  endfacet
  facet normal -0.997839 -0.0657039 0
    outer loop
      vertex 2.75 116.969 0
      vertex 2.74144 117.099 2
      vertex 2.74144 117.099 0
    endloop
  endfacet
  facet normal -0.997839 -0.0657039 0
    outer loop
      vertex 2.74144 117.099 2
      vertex 2.75 116.969 0
      vertex 2.75 116.969 2
    endloop
  endfacet
  facet normal 0.0611738 0.998127 -0
    outer loop
      vertex 1.75 115.969 0
      vertex 1.61947 115.977 2
      vertex 1.75 115.969 2
    endloop
  endfacet
  facet normal 0.0611738 0.998127 0
    outer loop
      vertex 1.61947 115.977 2
      vertex 1.75 115.969 0
      vertex 1.61947 115.977 0
    endloop
  endfacet
  facet normal 0.443175 0.896435 -0
    outer loop
      vertex 1.36732 116.045 0
      vertex 1.25 116.103 2
      vertex 1.36732 116.045 2
    endloop
  endfacet
  facet normal 0.443175 0.896435 0
    outer loop
      vertex 1.25 116.103 2
      vertex 1.36732 116.045 0
      vertex 1.25 116.103 0
    endloop
  endfacet
  facet normal 0.198628 0.980075 -0
    outer loop
      vertex 1.61947 115.977 0
      vertex 1.49118 116.003 2
      vertex 1.61947 115.977 2
    endloop
  endfacet
  facet normal 0.198628 0.980075 0
    outer loop
      vertex 1.49118 116.003 2
      vertex 1.61947 115.977 0
      vertex 1.49118 116.003 0
    endloop
  endfacet
  facet normal -0.0611738 0.998127 0
    outer loop
      vertex 1.88053 115.977 0
      vertex 1.75 115.969 2
      vertex 1.88053 115.977 2
    endloop
  endfacet
  facet normal -0.0611738 0.998127 0
    outer loop
      vertex 1.75 115.969 2
      vertex 1.88053 115.977 0
      vertex 1.75 115.969 0
    endloop
  endfacet
  facet normal 0.832032 0.554728 0
    outer loop
      vertex 0.956646 116.36 2
      vertex 0.883974 116.469 0
      vertex 0.883974 116.469 2
    endloop
  endfacet
  facet normal 0.832032 0.554728 0
    outer loop
      vertex 0.883974 116.469 0
      vertex 0.956646 116.36 2
      vertex 0.956646 116.36 0
    endloop
  endfacet
  facet normal 0.997842 -0.065658 0
    outer loop
      vertex 0.75 116.969 2
      vertex 0.758554 117.099 0
      vertex 0.758554 117.099 2
    endloop
  endfacet
  facet normal 0.997842 -0.065658 0
    outer loop
      vertex 0.758554 117.099 0
      vertex 0.75 116.969 2
      vertex 0.75 116.969 0
    endloop
  endfacet
  facet normal 0.980988 -0.194068 0
    outer loop
      vertex 0.758554 117.099 2
      vertex 0.784074 117.228 0
      vertex 0.784074 117.228 2
    endloop
  endfacet
  facet normal 0.980988 -0.194068 0
    outer loop
      vertex 0.784074 117.228 0
      vertex 0.758554 117.099 2
      vertex 0.758554 117.099 0
    endloop
  endfacet
  facet normal 0.658261 -0.75279 0
    outer loop
      vertex 1.04289 117.676 0
      vertex 1.14124 117.762 2
      vertex 1.04289 117.676 2
    endloop
  endfacet
  facet normal 0.658261 -0.75279 0
    outer loop
      vertex 1.14124 117.762 2
      vertex 1.04289 117.676 0
      vertex 1.14124 117.762 0
    endloop
  endfacet
  facet normal 0.321132 0.947034 -0
    outer loop
      vertex 1.49118 116.003 0
      vertex 1.36732 116.045 2
      vertex 1.49118 116.003 2
    endloop
  endfacet
  facet normal 0.321132 0.947034 0
    outer loop
      vertex 1.36732 116.045 2
      vertex 1.49118 116.003 0
      vertex 1.36732 116.045 0
    endloop
  endfacet
  facet normal -0.198628 0.980075 0
    outer loop
      vertex 2.00882 116.003 0
      vertex 1.88053 115.977 2
      vertex 2.00882 116.003 2
    endloop
  endfacet
  facet normal -0.198628 0.980075 0
    outer loop
      vertex 1.88053 115.977 2
      vertex 2.00882 116.003 0
      vertex 1.88053 115.977 0
    endloop
  endfacet
  facet normal 0.896398 0.44325 0
    outer loop
      vertex 0.883974 116.469 2
      vertex 0.82612 116.586 0
      vertex 0.82612 116.586 2
    endloop
  endfacet
  facet normal 0.896398 0.44325 0
    outer loop
      vertex 0.82612 116.586 0
      vertex 0.883974 116.469 2
      vertex 0.883974 116.469 0
    endloop
  endfacet
  facet normal 0.980698 0.195527 0
    outer loop
      vertex 0.784074 116.71 2
      vertex 0.758554 116.838 0
      vertex 0.758554 116.838 2
    endloop
  endfacet
  facet normal 0.980698 0.195527 0
    outer loop
      vertex 0.758554 116.838 0
      vertex 0.784074 116.71 2
      vertex 0.784074 116.71 0
    endloop
  endfacet
  facet normal 0.947038 -0.321122 0
    outer loop
      vertex 0.784074 117.228 2
      vertex 0.82612 117.352 0
      vertex 0.82612 117.352 2
    endloop
  endfacet
  facet normal 0.947038 -0.321122 0
    outer loop
      vertex 0.82612 117.352 0
      vertex 0.784074 117.228 2
      vertex 0.784074 117.228 0
    endloop
  endfacet
  facet normal 0.896398 -0.44325 0
    outer loop
      vertex 0.82612 117.352 2
      vertex 0.883974 117.469 0
      vertex 0.883974 117.469 2
    endloop
  endfacet
  facet normal 0.896398 -0.44325 0
    outer loop
      vertex 0.883974 117.469 0
      vertex 0.82612 117.352 2
      vertex 0.82612 117.352 0
    endloop
  endfacet
  facet normal 0.750698 -0.660645 0
    outer loop
      vertex 0.956646 117.578 2
      vertex 1.04289 117.676 0
      vertex 1.04289 117.676 2
    endloop
  endfacet
  facet normal 0.750698 -0.660645 0
    outer loop
      vertex 1.04289 117.676 0
      vertex 0.956646 117.578 2
      vertex 0.956646 117.578 0
    endloop
  endfacet
  facet normal 0.997875 0.0651589 0
    outer loop
      vertex 0.758554 116.838 2
      vertex 0.75 116.969 0
      vertex 0.75 116.969 2
    endloop
  endfacet
  facet normal 0.997875 0.0651589 0
    outer loop
      vertex 0.75 116.969 0
      vertex 0.758554 116.838 2
      vertex 0.758554 116.838 0
    endloop
  endfacet
  facet normal -0.658276 -0.752777 0
    outer loop
      vertex 0.608761 120.793 0
      vertex 0.707107 120.707 2
      vertex 0.608761 120.793 2
    endloop
  endfacet
  facet normal -0.658276 -0.752777 -0
    outer loop
      vertex 0.707107 120.707 2
      vertex 0.608761 120.793 0
      vertex 0.707107 120.707 0
    endloop
  endfacet
  facet normal -0.980698 0.195527 0
    outer loop
      vertex 0.965925 119.741 0
      vertex 0.991445 119.869 2
      vertex 0.991445 119.869 0
    endloop
  endfacet
  facet normal -0.980698 0.195527 0
    outer loop
      vertex 0.991445 119.869 2
      vertex 0.965925 119.741 0
      vertex 0.965925 119.741 2
    endloop
  endfacet
  facet normal 0.321123 0.947038 -0
    outer loop
      vertex -0.258819 119.034 0
      vertex -0.382683 119.076 2
      vertex -0.258819 119.034 2
    endloop
  endfacet
  facet normal 0.321123 0.947038 0
    outer loop
      vertex -0.382683 119.076 2
      vertex -0.258819 119.034 0
      vertex -0.382683 119.076 0
    endloop
  endfacet
  facet normal 0.321123 -0.947038 0
    outer loop
      vertex -0.382683 120.924 0
      vertex -0.258819 120.966 2
      vertex -0.382683 120.924 2
    endloop
  endfacet
  facet normal 0.321123 -0.947038 0
    outer loop
      vertex -0.258819 120.966 2
      vertex -0.382683 120.924 0
      vertex -0.258819 120.966 0
    endloop
  endfacet
  facet normal 0.896398 -0.44325 0
    outer loop
      vertex -0.923879 120.383 2
      vertex -0.866025 120.5 0
      vertex -0.866025 120.5 2
    endloop
  endfacet
  facet normal 0.896398 -0.44325 0
    outer loop
      vertex -0.866025 120.5 0
      vertex -0.923879 120.383 2
      vertex -0.923879 120.383 0
    endloop
  endfacet
  facet normal -0.896398 -0.44325 0
    outer loop
      vertex 0.923879 120.383 0
      vertex 0.866025 120.5 2
      vertex 0.866025 120.5 0
    endloop
  endfacet
  facet normal -0.896398 -0.44325 0
    outer loop
      vertex 0.866025 120.5 2
      vertex 0.923879 120.383 0
      vertex 0.923879 120.383 2
    endloop
  endfacet
  facet normal -0.980698 -0.195527 0
    outer loop
      vertex 0.991445 120.131 0
      vertex 0.965925 120.259 2
      vertex 0.965925 120.259 0
    endloop
  endfacet
  facet normal -0.980698 -0.195527 0
    outer loop
      vertex 0.965925 120.259 2
      vertex 0.991445 120.131 0
      vertex 0.991445 120.131 2
    endloop
  endfacet
  facet normal -0.832032 -0.554728 0
    outer loop
      vertex 0.866025 120.5 0
      vertex 0.793353 120.609 2
      vertex 0.793353 120.609 0
    endloop
  endfacet
  facet normal -0.832032 -0.554728 0
    outer loop
      vertex 0.793353 120.609 2
      vertex 0.866025 120.5 0
      vertex 0.866025 120.5 2
    endloop
  endfacet
  facet normal -0.750691 -0.660654 0
    outer loop
      vertex 0.793353 120.609 0
      vertex 0.707107 120.707 2
      vertex 0.707107 120.707 0
    endloop
  endfacet
  facet normal -0.750691 -0.660654 0
    outer loop
      vertex 0.707107 120.707 2
      vertex 0.793353 120.609 0
      vertex 0.793353 120.609 2
    endloop
  endfacet
  facet normal -0.443184 -0.896431 0
    outer loop
      vertex 0.382683 120.924 0
      vertex 0.5 120.866 2
      vertex 0.382683 120.924 2
    endloop
  endfacet
  facet normal -0.443184 -0.896431 -0
    outer loop
      vertex 0.5 120.866 2
      vertex 0.382683 120.924 0
      vertex 0.5 120.866 0
    endloop
  endfacet
  facet normal -0.191269 -0.981538 0
    outer loop
      vertex 0.130526 120.991 0
      vertex 0.258819 120.966 2
      vertex 0.130526 120.991 2
    endloop
  endfacet
  facet normal -0.191269 -0.981538 -0
    outer loop
      vertex 0.258819 120.966 2
      vertex 0.130526 120.991 0
      vertex 0.258819 120.966 0
    endloop
  endfacet
  facet normal 0.980698 -0.195527 0
    outer loop
      vertex -0.991445 120.131 2
      vertex -0.965925 120.259 0
      vertex -0.965925 120.259 2
    endloop
  endfacet
  facet normal 0.980698 -0.195527 0
    outer loop
      vertex -0.965925 120.259 0
      vertex -0.991445 120.131 2
      vertex -0.991445 120.131 0
    endloop
  endfacet
  facet normal 0.750691 -0.660654 0
    outer loop
      vertex -0.793353 120.609 2
      vertex -0.707107 120.707 0
      vertex -0.707107 120.707 2
    endloop
  endfacet
  facet normal 0.750691 -0.660654 0
    outer loop
      vertex -0.707107 120.707 0
      vertex -0.793353 120.609 2
      vertex -0.793353 120.609 0
    endloop
  endfacet
  facet normal 0.443184 -0.896431 0
    outer loop
      vertex -0.5 120.866 0
      vertex -0.382683 120.924 2
      vertex -0.5 120.866 2
    endloop
  endfacet
  facet normal 0.443184 -0.896431 0
    outer loop
      vertex -0.382683 120.924 2
      vertex -0.5 120.866 0
      vertex -0.382683 120.924 0
    endloop
  endfacet
  facet normal 0.191269 -0.981538 0
    outer loop
      vertex -0.258819 120.966 0
      vertex -0.130526 120.991 2
      vertex -0.258819 120.966 2
    endloop
  endfacet
  facet normal 0.191269 -0.981538 0
    outer loop
      vertex -0.130526 120.991 2
      vertex -0.258819 120.966 0
      vertex -0.130526 120.991 0
    endloop
  endfacet
  facet normal -0.997874 -0.0651665 0
    outer loop
      vertex 1 120 0
      vertex 0.991445 120.131 2
      vertex 0.991445 120.131 0
    endloop
  endfacet
  facet normal -0.997874 -0.0651665 0
    outer loop
      vertex 0.991445 120.131 2
      vertex 1 120 0
      vertex 1 120 2
    endloop
  endfacet
  facet normal -0.947038 0.321122 0
    outer loop
      vertex 0.923879 119.617 0
      vertex 0.965925 119.741 2
      vertex 0.965925 119.741 0
    endloop
  endfacet
  facet normal -0.947038 0.321122 0
    outer loop
      vertex 0.965925 119.741 2
      vertex 0.923879 119.617 0
      vertex 0.923879 119.617 2
    endloop
  endfacet
  facet normal -0.321123 0.947038 0
    outer loop
      vertex 0.382683 119.076 0
      vertex 0.258819 119.034 2
      vertex 0.382683 119.076 2
    endloop
  endfacet
  facet normal -0.321123 0.947038 0
    outer loop
      vertex 0.258819 119.034 2
      vertex 0.382683 119.076 0
      vertex 0.258819 119.034 0
    endloop
  endfacet
  facet normal -0.443184 0.896431 0
    outer loop
      vertex 0.5 119.134 0
      vertex 0.382683 119.076 2
      vertex 0.5 119.134 2
    endloop
  endfacet
  facet normal -0.443184 0.896431 0
    outer loop
      vertex 0.382683 119.076 2
      vertex 0.5 119.134 0
      vertex 0.382683 119.076 0
    endloop
  endfacet
  facet normal 0.191269 0.981538 -0
    outer loop
      vertex -0.130526 119.009 0
      vertex -0.258819 119.034 2
      vertex -0.130526 119.009 2
    endloop
  endfacet
  facet normal 0.191269 0.981538 0
    outer loop
      vertex -0.258819 119.034 2
      vertex -0.130526 119.009 0
      vertex -0.258819 119.034 0
    endloop
  endfacet
  facet normal 0.658276 0.752777 -0
    outer loop
      vertex -0.608761 119.207 0
      vertex -0.707107 119.293 2
      vertex -0.608761 119.207 2
    endloop
  endfacet
  facet normal 0.658276 0.752777 0
    outer loop
      vertex -0.707107 119.293 2
      vertex -0.608761 119.207 0
      vertex -0.707107 119.293 0
    endloop
  endfacet
  facet normal 0.896398 0.44325 0
    outer loop
      vertex -0.866025 119.5 2
      vertex -0.923879 119.617 0
      vertex -0.923879 119.617 2
    endloop
  endfacet
  facet normal 0.896398 0.44325 0
    outer loop
      vertex -0.923879 119.617 0
      vertex -0.866025 119.5 2
      vertex -0.866025 119.5 0
    endloop
  endfacet
  facet normal -0.947038 -0.321122 0
    outer loop
      vertex 0.965925 120.259 0
      vertex 0.923879 120.383 2
      vertex 0.923879 120.383 0
    endloop
  endfacet
  facet normal -0.947038 -0.321122 0
    outer loop
      vertex 0.923879 120.383 2
      vertex 0.965925 120.259 0
      vertex 0.965925 120.259 2
    endloop
  endfacet
  facet normal -0.557301 -0.83031 0
    outer loop
      vertex 0.5 120.866 0
      vertex 0.608761 120.793 2
      vertex 0.5 120.866 2
    endloop
  endfacet
  facet normal -0.557301 -0.83031 -0
    outer loop
      vertex 0.608761 120.793 2
      vertex 0.5 120.866 0
      vertex 0.608761 120.793 0
    endloop
  endfacet
  facet normal -0.0687885 -0.997631 0
    outer loop
      vertex 0 121 0
      vertex 0.130526 120.991 2
      vertex 0 121 2
    endloop
  endfacet
  facet normal -0.0687885 -0.997631 -0
    outer loop
      vertex 0.130526 120.991 2
      vertex 0 121 0
      vertex 0.130526 120.991 0
    endloop
  endfacet
  facet normal -0.321123 -0.947038 0
    outer loop
      vertex 0.258819 120.966 0
      vertex 0.382683 120.924 2
      vertex 0.258819 120.966 2
    endloop
  endfacet
  facet normal -0.321123 -0.947038 -0
    outer loop
      vertex 0.382683 120.924 2
      vertex 0.258819 120.966 0
      vertex 0.382683 120.924 0
    endloop
  endfacet
  facet normal 0.997874 -0.0651665 0
    outer loop
      vertex -1 120 2
      vertex -0.991445 120.131 0
      vertex -0.991445 120.131 2
    endloop
  endfacet
  facet normal 0.997874 -0.0651665 0
    outer loop
      vertex -0.991445 120.131 0
      vertex -1 120 2
      vertex -1 120 0
    endloop
  endfacet
  facet normal 0.947038 -0.321122 0
    outer loop
      vertex -0.965925 120.259 2
      vertex -0.923879 120.383 0
      vertex -0.923879 120.383 2
    endloop
  endfacet
  facet normal 0.947038 -0.321122 0
    outer loop
      vertex -0.923879 120.383 0
      vertex -0.965925 120.259 2
      vertex -0.965925 120.259 0
    endloop
  endfacet
  facet normal 0.832032 -0.554728 0
    outer loop
      vertex -0.866025 120.5 2
      vertex -0.793353 120.609 0
      vertex -0.793353 120.609 2
    endloop
  endfacet
  facet normal 0.832032 -0.554728 0
    outer loop
      vertex -0.793353 120.609 0
      vertex -0.866025 120.5 2
      vertex -0.866025 120.5 0
    endloop
  endfacet
  facet normal 0.0687885 -0.997631 0
    outer loop
      vertex -0.130526 120.991 0
      vertex 0 121 2
      vertex -0.130526 120.991 2
    endloop
  endfacet
  facet normal 0.0687885 -0.997631 0
    outer loop
      vertex 0 121 2
      vertex -0.130526 120.991 0
      vertex 0 121 0
    endloop
  endfacet
  facet normal 0.557301 -0.83031 0
    outer loop
      vertex -0.608761 120.793 0
      vertex -0.5 120.866 2
      vertex -0.608761 120.793 2
    endloop
  endfacet
  facet normal 0.557301 -0.83031 0
    outer loop
      vertex -0.5 120.866 2
      vertex -0.608761 120.793 0
      vertex -0.5 120.866 0
    endloop
  endfacet
  facet normal 0.658276 -0.752777 0
    outer loop
      vertex -0.707107 120.707 0
      vertex -0.608761 120.793 2
      vertex -0.707107 120.707 2
    endloop
  endfacet
  facet normal 0.658276 -0.752777 0
    outer loop
      vertex -0.608761 120.793 2
      vertex -0.707107 120.707 0
      vertex -0.608761 120.793 0
    endloop
  endfacet
  facet normal -0.997874 0.0651665 0
    outer loop
      vertex 0.991445 119.869 0
      vertex 1 120 2
      vertex 1 120 0
    endloop
  endfacet
  facet normal -0.997874 0.0651665 0
    outer loop
      vertex 1 120 2
      vertex 0.991445 119.869 0
      vertex 0.991445 119.869 2
    endloop
  endfacet
  facet normal -0.0687885 0.997631 0
    outer loop
      vertex 0.130526 119.009 0
      vertex 0 119 2
      vertex 0.130526 119.009 2
    endloop
  endfacet
  facet normal -0.0687885 0.997631 0
    outer loop
      vertex 0 119 2
      vertex 0.130526 119.009 0
      vertex 0 119 0
    endloop
  endfacet
  facet normal -0.750691 0.660654 0
    outer loop
      vertex 0.707107 119.293 0
      vertex 0.793353 119.391 2
      vertex 0.793353 119.391 0
    endloop
  endfacet
  facet normal -0.750691 0.660654 0
    outer loop
      vertex 0.793353 119.391 2
      vertex 0.707107 119.293 0
      vertex 0.707107 119.293 2
    endloop
  endfacet
  facet normal -0.557301 0.83031 0
    outer loop
      vertex 0.608761 119.207 0
      vertex 0.5 119.134 2
      vertex 0.608761 119.207 2
    endloop
  endfacet
  facet normal -0.557301 0.83031 0
    outer loop
      vertex 0.5 119.134 2
      vertex 0.608761 119.207 0
      vertex 0.5 119.134 0
    endloop
  endfacet
  facet normal 0.0687885 0.997631 -0
    outer loop
      vertex 0 119 0
      vertex -0.130526 119.009 2
      vertex 0 119 2
    endloop
  endfacet
  facet normal 0.0687885 0.997631 0
    outer loop
      vertex -0.130526 119.009 2
      vertex 0 119 0
      vertex -0.130526 119.009 0
    endloop
  endfacet
  facet normal 0.443184 0.896431 -0
    outer loop
      vertex -0.382683 119.076 0
      vertex -0.5 119.134 2
      vertex -0.382683 119.076 2
    endloop
  endfacet
  facet normal 0.443184 0.896431 0
    outer loop
      vertex -0.5 119.134 2
      vertex -0.382683 119.076 0
      vertex -0.5 119.134 0
    endloop
  endfacet
  facet normal 0.947038 0.321122 0
    outer loop
      vertex -0.923879 119.617 2
      vertex -0.965925 119.741 0
      vertex -0.965925 119.741 2
    endloop
  endfacet
  facet normal 0.947038 0.321122 0
    outer loop
      vertex -0.965925 119.741 0
      vertex -0.923879 119.617 2
      vertex -0.923879 119.617 0
    endloop
  endfacet
  facet normal 0.997874 0.0651665 0
    outer loop
      vertex -0.991445 119.869 2
      vertex -1 120 0
      vertex -1 120 2
    endloop
  endfacet
  facet normal 0.997874 0.0651665 0
    outer loop
      vertex -1 120 0
      vertex -0.991445 119.869 2
      vertex -0.991445 119.869 0
    endloop
  endfacet
  facet normal 0.832032 0.554728 0
    outer loop
      vertex -0.793353 119.391 2
      vertex -0.866025 119.5 0
      vertex -0.866025 119.5 2
    endloop
  endfacet
  facet normal 0.832032 0.554728 0
    outer loop
      vertex -0.866025 119.5 0
      vertex -0.793353 119.391 2
      vertex -0.793353 119.391 0
    endloop
  endfacet
  facet normal -0.896398 0.44325 0
    outer loop
      vertex 0.866025 119.5 0
      vertex 0.923879 119.617 2
      vertex 0.923879 119.617 0
    endloop
  endfacet
  facet normal -0.896398 0.44325 0
    outer loop
      vertex 0.923879 119.617 2
      vertex 0.866025 119.5 0
      vertex 0.866025 119.5 2
    endloop
  endfacet
  facet normal -0.191269 0.981538 0
    outer loop
      vertex 0.258819 119.034 0
      vertex 0.130526 119.009 2
      vertex 0.258819 119.034 2
    endloop
  endfacet
  facet normal -0.191269 0.981538 0
    outer loop
      vertex 0.130526 119.009 2
      vertex 0.258819 119.034 0
      vertex 0.130526 119.009 0
    endloop
  endfacet
  facet normal -0.658276 0.752777 0
    outer loop
      vertex 0.707107 119.293 0
      vertex 0.608761 119.207 2
      vertex 0.707107 119.293 2
    endloop
  endfacet
  facet normal -0.658276 0.752777 0
    outer loop
      vertex 0.608761 119.207 2
      vertex 0.707107 119.293 0
      vertex 0.608761 119.207 0
    endloop
  endfacet
  facet normal 0.557301 0.83031 -0
    outer loop
      vertex -0.5 119.134 0
      vertex -0.608761 119.207 2
      vertex -0.5 119.134 2
    endloop
  endfacet
  facet normal 0.557301 0.83031 0
    outer loop
      vertex -0.608761 119.207 2
      vertex -0.5 119.134 0
      vertex -0.608761 119.207 0
    endloop
  endfacet
  facet normal 0.980698 0.195527 0
    outer loop
      vertex -0.965925 119.741 2
      vertex -0.991445 119.869 0
      vertex -0.991445 119.869 2
    endloop
  endfacet
  facet normal 0.980698 0.195527 0
    outer loop
      vertex -0.991445 119.869 0
      vertex -0.965925 119.741 2
      vertex -0.965925 119.741 0
    endloop
  endfacet
  facet normal 0.750691 0.660654 0
    outer loop
      vertex -0.707107 119.293 2
      vertex -0.793353 119.391 0
      vertex -0.793353 119.391 2
    endloop
  endfacet
  facet normal 0.750691 0.660654 0
    outer loop
      vertex -0.793353 119.391 0
      vertex -0.707107 119.293 2
      vertex -0.707107 119.293 0
    endloop
  endfacet
  facet normal -0.832032 0.554728 0
    outer loop
      vertex 0.793353 119.391 0
      vertex 0.866025 119.5 2
      vertex 0.866025 119.5 0
    endloop
  endfacet
  facet normal -0.832032 0.554728 0
    outer loop
      vertex 0.866025 119.5 2
      vertex 0.793353 119.391 0
      vertex 0.793353 119.391 2
    endloop
  endfacet
  facet normal 0 0 -1
    outer loop
      vertex 21 98 8.2
      vertex 23 108 8.2
      vertex 23 98 8.2
    endloop
  endfacet
  facet normal -0 0 -1
    outer loop
      vertex 23 108 8.2
      vertex 21 98 8.2
      vertex 21 108 8.2
    endloop
  endfacet
  facet normal 0 -1 0
    outer loop
      vertex 21 108 3.2
      vertex 23 108 8.2
      vertex 21 108 8.2
    endloop
  endfacet
  facet normal 0 -1 -0
    outer loop
      vertex 23 108 8.2
      vertex 21 108 3.2
      vertex 23 108 3.2
    endloop
  endfacet
  facet normal -0 0 1
    outer loop
      vertex 21 108 3.2
      vertex 23 98 3.2
      vertex 23 108 3.2
    endloop
  endfacet
  facet normal 0 0 1
    outer loop
      vertex 23 98 3.2
      vertex 21 108 3.2
      vertex 21 98 3.2
    endloop
  endfacet
  facet normal 0 1 -0
    outer loop
      vertex 23 98 3.2
      vertex 21 98 8.2
      vertex 23 98 8.2
    endloop
  endfacet
  facet normal 0 1 0
    outer loop
      vertex 21 98 8.2
      vertex 23 98 3.2
      vertex 21 98 3.2
    endloop
  endfacet
endsolid OpenSCAD_Model
